timestep,algorithm,regret_mean,ci_lower,ci_upper
1,Random,0.1495,0.1295,0.1695
2,Random,0.2865,0.2610,0.3130
3,Random,0.3985,0.3690,0.4290
4,Random,0.5140,0.4760,0.5520
5,Random,0.6505,0.6085,0.6945
6,Random,0.8030,0.7525,0.8515
7,Random,0.9135,0.8590,0.9685
8,Random,1.0475,0.9905,1.1046
9,Random,1.1945,1.1320,1.2555
10,Random,1.3315,1.2700,1.3955
11,Random,1.4725,1.4075,1.5385
12,Random,1.5915,1.5215,1.6630
13,Random,1.7155,1.6440,1.7880
14,Random,1.8710,1.7980,1.9466
15,Random,1.9995,1.9250,2.0765
16,Random,2.1215,2.0455,2.2015
17,Random,2.2420,2.1610,2.3270
18,Random,2.3650,2.2850,2.4510
19,Random,2.4995,2.4204,2.5835
20,Random,2.6425,2.5575,2.7295
21,Random,2.7845,2.6980,2.8706
22,Random,2.9140,2.8260,3.0031
23,Random,3.0445,2.9500,3.1375
24,Random,3.1745,3.0760,3.2665
25,Random,3.3095,3.2090,3.4050
26,Random,3.4520,3.3515,3.5425
27,Random,3.5930,3.4885,3.6900
28,Random,3.7465,3.6340,3.8455
29,Random,3.9030,3.7935,4.0060
30,Random,4.0480,3.9395,4.1445
31,Random,4.1705,4.0595,4.2725
32,Random,4.2985,4.1880,4.4015
33,Random,4.4415,4.3265,4.5490
34,Random,4.5815,4.4675,4.6920
35,Random,4.6985,4.5860,4.8070
36,Random,4.8255,4.7055,4.9420
37,Random,4.9570,4.8305,5.0780
38,Random,5.0850,4.9550,5.2090
39,Random,5.2300,5.0980,5.3496
40,Random,5.3520,5.2255,5.4715
41,Random,5.5015,5.3720,5.6250
42,Random,5.6350,5.5030,5.7575
43,Random,5.7610,5.6195,5.8825
44,Random,5.9030,5.7595,6.0295
45,Random,6.0385,5.8984,6.1600
46,Random,6.1715,6.0275,6.2966
47,Random,6.3305,6.1915,6.4585
48,Random,6.4475,6.3129,6.5775
49,Random,6.5725,6.4315,6.7010
50,Random,6.7160,6.5715,6.8481
51,Random,6.8560,6.7115,6.9870
52,Random,6.9885,6.8399,7.1236
53,Random,7.1105,6.9634,7.2495
54,Random,7.2315,7.0805,7.3720
55,Random,7.3790,7.2215,7.5206
56,Random,7.5220,7.3645,7.6625
57,Random,7.6705,7.5150,7.8090
58,Random,7.8015,7.6450,7.9455
59,Random,7.9355,7.7775,8.0775
60,Random,8.0765,7.9195,8.2185
61,Random,8.2130,8.0535,8.3575
62,Random,8.3285,8.1750,8.4781
63,Random,8.4495,8.2895,8.6015
64,Random,8.5890,8.4254,8.7410
65,Random,8.7100,8.5425,8.8636
66,Random,8.8160,8.6515,8.9751
67,Random,8.9415,8.7815,9.0966
68,Random,9.0770,8.9170,9.2270
69,Random,9.2060,9.0465,9.3551
70,Random,9.3485,9.1820,9.5060
71,Random,9.4960,9.3260,9.6580
72,Random,9.6175,9.4494,9.7741
73,Random,9.7560,9.5850,9.9221
74,Random,9.8855,9.7125,10.0540
75,Random,10.0080,9.8335,10.1830
76,Random,10.1390,9.9624,10.3041
77,Random,10.2665,10.0899,10.4301
78,Random,10.3965,10.2220,10.5670
79,Random,10.5170,10.3420,10.6831
80,Random,10.6570,10.4775,10.8255
81,Random,10.7855,10.5965,10.9660
82,Random,10.9195,10.7280,11.1045
83,Random,11.0460,10.8555,11.2340
84,Random,11.1655,10.9700,11.3511
85,Random,11.2985,11.1055,11.4905
86,Random,11.4180,11.2234,11.6010
87,Random,11.5415,11.3465,11.7260
88,Random,11.6860,11.4925,11.8720
89,Random,11.8200,11.6285,12.0041
90,Random,11.9540,11.7599,12.1365
91,Random,12.0715,11.8760,12.2530
92,Random,12.1900,11.9910,12.3790
93,Random,12.3210,12.1244,12.5110
94,Random,12.4495,12.2589,12.6380
95,Random,12.5880,12.3945,12.7726
96,Random,12.7415,12.5465,12.9281
97,Random,12.8700,12.6709,13.0570
98,Random,12.9975,12.7965,13.1831
99,Random,13.1485,12.9454,13.3390
100,Random,13.2720,13.0710,13.4606
101,Random,13.4155,13.2229,13.6046
102,Random,13.5480,13.3525,13.7326
103,Random,13.6800,13.4840,13.8656
104,Random,13.8240,13.6280,14.0170
105,Random,13.9520,13.7610,14.1351
106,Random,14.0880,13.8930,14.2765
107,Random,14.2040,14.0144,14.3916
108,Random,14.3270,14.1330,14.5235
109,Random,14.4555,14.2635,14.6480
110,Random,14.5945,14.4014,14.7901
111,Random,14.7290,14.5345,14.9245
112,Random,14.8540,14.6585,15.0471
113,Random,14.9765,14.7795,15.1731
114,Random,15.1095,14.9095,15.3015
115,Random,15.2460,15.0489,15.4365
116,Random,15.3690,15.1745,15.5645
117,Random,15.5100,15.3085,15.7040
118,Random,15.6645,15.4660,15.8570
119,Random,15.7770,15.5868,15.9670
120,Random,15.9010,15.7094,16.0945
121,Random,16.0290,15.8359,16.2235
122,Random,16.1740,15.9840,16.3665
123,Random,16.3070,16.1179,16.5040
124,Random,16.4225,16.2230,16.6210
125,Random,16.5680,16.3645,16.7640
126,Random,16.7085,16.5000,16.9080
127,Random,16.8565,16.6465,17.0515
128,Random,16.9810,16.7670,17.1836
129,Random,17.1200,16.9103,17.3270
130,Random,17.2510,17.0330,17.4595
131,Random,17.3880,17.1685,17.5991
132,Random,17.5215,17.3069,17.7375
133,Random,17.6585,17.4510,17.8757
134,Random,17.8025,17.6005,18.0186
135,Random,17.9295,17.7250,18.1510
136,Random,18.0570,17.8529,18.2790
137,Random,18.1875,17.9829,18.4130
138,Random,18.3325,18.1279,18.5575
139,Random,18.4780,18.2635,18.7036
140,Random,18.6075,18.3914,18.8296
141,Random,18.7420,18.5355,18.9616
142,Random,18.8750,18.6684,19.1005
143,Random,19.0195,18.8084,19.2480
144,Random,19.1505,18.9385,19.3717
145,Random,19.2760,19.0668,19.4961
146,Random,19.4085,19.1990,19.6320
147,Random,19.5315,19.3240,19.7546
148,Random,19.6640,19.4495,19.8876
149,Random,19.8160,19.5950,20.0426
150,Random,19.9565,19.7379,20.1811
151,Random,20.0895,19.8719,20.3140
152,Random,20.2140,19.9955,20.4356
153,Random,20.3340,20.1235,20.5521
154,Random,20.4770,20.2615,20.7016
155,Random,20.6160,20.3990,20.8420
156,Random,20.7430,20.5275,20.9690
157,Random,20.8870,20.6700,21.1095
158,Random,21.0260,20.8070,21.2496
159,Random,21.1555,20.9399,21.3755
160,Random,21.2970,21.0780,21.5196
161,Random,21.3900,21.1659,21.6170
162,Random,21.5135,21.2900,21.7376
163,Random,21.6405,21.4190,21.8656
164,Random,21.7745,21.5504,22.0045
165,Random,21.9040,21.6690,22.1355
166,Random,22.0510,21.8204,22.2815
167,Random,22.1865,21.9620,22.4225
168,Random,22.3195,22.0935,22.5590
169,Random,22.4540,22.2250,22.6940
170,Random,22.5810,22.3505,22.8180
171,Random,22.7230,22.4945,22.9597
172,Random,22.8520,22.6200,23.0856
173,Random,22.9780,22.7425,23.2160
174,Random,23.1135,22.8785,23.3605
175,Random,23.2410,23.0039,23.4861
176,Random,23.3810,23.1465,23.6261
177,Random,23.5190,23.2889,23.7585
178,Random,23.6380,23.4079,23.8756
179,Random,23.7645,23.5355,24.0040
180,Random,23.9005,23.6744,24.1445
181,Random,24.0410,23.8089,24.2840
182,Random,24.1850,23.9500,24.4310
183,Random,24.3230,24.0939,24.5655
184,Random,24.4690,24.2269,24.7135
185,Random,24.6065,24.3700,24.8505
186,Random,24.7325,24.4919,24.9711
187,Random,24.8655,24.6265,25.1045
188,Random,25.0105,24.7745,25.2511
189,Random,25.1190,24.8870,25.3620
190,Random,25.2555,25.0215,25.4985
191,Random,25.3990,25.1674,25.6395
192,Random,25.5455,25.3119,25.7910
193,Random,25.6770,25.4399,25.9185
194,Random,25.7955,25.5500,26.0430
195,Random,25.9160,25.6745,26.1675
196,Random,26.0470,25.8084,26.3020
197,Random,26.1735,25.9395,26.4311
198,Random,26.3040,26.0669,26.5615
199,Random,26.4530,26.2219,26.7087
200,Random,26.5975,26.3555,26.8552
201,Random,26.7355,26.4979,26.9882
202,Random,26.8655,26.6239,27.1170
203,Random,26.9810,26.7385,27.2340
204,Random,27.1125,26.8750,27.3636
205,Random,27.2440,27.0000,27.4990
206,Random,27.3715,27.1235,27.6285
207,Random,27.5075,27.2604,27.7625
208,Random,27.6590,27.4129,27.9111
209,Random,27.7880,27.5335,28.0450
210,Random,27.9250,27.6785,28.1860
211,Random,28.0695,27.8244,28.3246
212,Random,28.1965,27.9460,28.4570
213,Random,28.3305,28.0800,28.5885
214,Random,28.4540,28.2030,28.7085
215,Random,28.5780,28.3280,28.8335
216,Random,28.7095,28.4620,28.9605
217,Random,28.8315,28.5765,29.0841
218,Random,28.9810,28.7303,29.2350
219,Random,29.1070,28.8565,29.3591
220,Random,29.2365,28.9814,29.4840
221,Random,29.3685,29.1140,29.6215
222,Random,29.5055,29.2495,29.7561
223,Random,29.6385,29.3888,29.8865
224,Random,29.7680,29.5129,30.0230
225,Random,29.8950,29.6415,30.1436
226,Random,30.0265,29.7660,30.2840
227,Random,30.1690,29.9110,30.4320
228,Random,30.3030,30.0429,30.5655
229,Random,30.4410,30.1825,30.7026
230,Random,30.5900,30.3295,30.8510
231,Random,30.7325,30.4635,30.9950
232,Random,30.8820,30.6175,31.1416
233,Random,31.0285,30.7584,31.2946
234,Random,31.1490,30.8914,31.4140
235,Random,31.2850,31.0279,31.5450
236,Random,31.4105,31.1500,31.6765
237,Random,31.5365,31.2755,31.8000
238,Random,31.6685,31.4050,31.9372
239,Random,31.7965,31.5320,32.0650
240,Random,31.9460,31.6819,32.2136
241,Random,32.0730,31.8070,32.3376
242,Random,32.2040,31.9329,32.4725
243,Random,32.3385,32.0699,32.6095
244,Random,32.4585,32.1895,32.7246
245,Random,32.5940,32.3253,32.8606
246,Random,32.7320,32.4674,32.9980
247,Random,32.8435,32.5755,33.1120
248,Random,32.9870,32.7204,33.2555
249,Random,33.1165,32.8479,33.3850
250,Random,33.2410,32.9720,33.5091
251,Random,33.3740,33.1039,33.6453
252,Random,33.4920,33.2198,33.7722
253,Random,33.6135,33.3415,33.8965
254,Random,33.7510,33.4765,34.0370
255,Random,33.8945,33.6285,34.1790
256,Random,34.0370,33.7630,34.3266
257,Random,34.1725,33.8964,34.4541
258,Random,34.2950,34.0195,34.5816
259,Random,34.4330,34.1575,34.7186
260,Random,34.5615,34.2885,34.8530
261,Random,34.6825,34.4025,34.9745
262,Random,34.8275,34.5384,35.1117
263,Random,34.9690,34.6844,35.2601
264,Random,35.1140,34.8329,35.4077
265,Random,35.2480,34.9610,35.5365
266,Random,35.3750,35.0924,35.6650
267,Random,35.5170,35.2275,35.8095
268,Random,35.6405,35.3514,35.9366
269,Random,35.7880,35.5010,36.0711
270,Random,35.9305,35.6454,36.2220
271,Random,36.0685,35.7883,36.3670
272,Random,36.2030,35.9254,36.5030
273,Random,36.3350,36.0470,36.6300
274,Random,36.4825,36.1999,36.7800
275,Random,36.6185,36.3375,36.9105
276,Random,36.7535,36.4664,37.0420
277,Random,36.8795,36.5973,37.1651
278,Random,37.0225,36.7465,37.3071
279,Random,37.1535,36.8770,37.4375
280,Random,37.2940,37.0185,37.5717
281,Random,37.4185,37.1425,37.7070
282,Random,37.5330,37.2589,37.8150
283,Random,37.6770,37.4000,37.9581
284,Random,37.8080,37.5345,38.0905
285,Random,37.9515,37.6715,38.2366
286,Random,38.0920,37.8184,38.3806
287,Random,38.2270,37.9560,38.5171
288,Random,38.3615,38.0869,38.6536
289,Random,38.4970,38.2155,38.7846
290,Random,38.6360,38.3580,38.9215
291,Random,38.7615,38.4725,39.0540
292,Random,38.9025,38.6179,39.1930
293,Random,39.0250,38.7379,39.3221
294,Random,39.1475,38.8609,39.4440
295,Random,39.2790,38.9949,39.5810
296,Random,39.4080,39.1175,39.7030
297,Random,39.5360,39.2414,39.8300
298,Random,39.6750,39.3759,39.9730
299,Random,39.7995,39.4985,40.0990
300,Random,39.9405,39.6509,40.2381
301,Random,40.0565,39.7575,40.3595
302,Random,40.1945,39.8955,40.4995
303,Random,40.3170,40.0263,40.6211
304,Random,40.4580,40.1583,40.7657
305,Random,40.5865,40.2845,40.9015
306,Random,40.7125,40.4085,41.0400
307,Random,40.8505,40.5473,41.1825
308,Random,40.9765,40.6689,41.3052
309,Random,41.1035,40.7949,41.4346
310,Random,41.2380,40.9332,41.5685
311,Random,41.3805,41.0733,41.7065
312,Random,41.5090,41.2015,41.8366
313,Random,41.6645,41.3580,41.9911
314,Random,41.7925,41.4857,42.1187
315,Random,41.9390,41.6349,42.2651
316,Random,42.0630,41.7605,42.3866
317,Random,42.1820,41.8889,42.5106
318,Random,42.3205,42.0159,42.6441
319,Random,42.4375,42.1374,42.7606
320,Random,42.5595,42.2494,42.8877
321,Random,42.6890,42.3718,43.0216
322,Random,42.8405,42.5173,43.1800
323,Random,42.9665,42.6399,43.3026
324,Random,43.1010,42.7758,43.4476
325,Random,43.2400,42.9158,43.5817
326,Random,43.3580,43.0340,43.7016
327,Random,43.4995,43.1744,43.8427
328,Random,43.6285,43.3068,43.9705
329,Random,43.7615,43.4389,44.1041
330,Random,43.9190,43.5919,44.2571
331,Random,44.0470,43.7160,44.3847
332,Random,44.1765,43.8415,44.5165
333,Random,44.3110,43.9720,44.6506
334,Random,44.4385,44.0970,44.7820
335,Random,44.5630,44.2254,44.9070
336,Random,44.7005,44.3590,45.0385
337,Random,44.8325,44.5003,45.1735
338,Random,44.9520,44.6275,45.2945
339,Random,45.1000,44.7750,45.4386
340,Random,45.2415,44.9210,45.5875
341,Random,45.3615,45.0429,45.6991
342,Random,45.4905,45.1632,45.8375
343,Random,45.6375,45.3129,45.9761
344,Random,45.7595,45.4374,46.0980
345,Random,45.8975,45.5724,46.2410
346,Random,46.0465,45.7175,46.3936
347,Random,46.1875,45.8584,46.5326
348,Random,46.3075,45.9760,46.6451
349,Random,46.4555,46.1184,46.8006
350,Random,46.5810,46.2429,46.9266
351,Random,46.6930,46.3460,47.0420
352,Random,46.8355,46.4996,47.1826
353,Random,46.9825,46.6415,47.3312
354,Random,47.1035,46.7682,47.4600
355,Random,47.2375,46.8963,47.5940
356,Random,47.3800,47.0354,47.7390
357,Random,47.5130,47.1669,47.8730
358,Random,47.6510,47.3085,48.0056
359,Random,47.7715,47.4335,48.1192
360,Random,47.9225,47.5695,48.2800
361,Random,48.0470,47.6959,48.4040
362,Random,48.1690,47.8155,48.5306
363,Random,48.2875,47.9389,48.6480
364,Random,48.4390,48.0839,48.8021
365,Random,48.5585,48.2113,48.9181
366,Random,48.6860,48.3369,49.0496
367,Random,48.8275,48.4788,49.1935
368,Random,48.9460,48.5938,49.3225
369,Random,49.0750,48.7230,49.4465
370,Random,49.1915,48.8454,49.5582
371,Random,49.3195,48.9678,49.6860
372,Random,49.4655,49.1088,49.8355
373,Random,49.5905,49.2363,49.9553
374,Random,49.7350,49.3754,50.1065
375,Random,49.8715,49.5130,50.2417
376,Random,49.9975,49.6430,50.3706
377,Random,50.1340,49.7754,50.5105
378,Random,50.2730,49.9200,50.6445
379,Random,50.4270,50.0774,50.8035
380,Random,50.5585,50.1982,50.9326
381,Random,50.6830,50.3164,51.0611
382,Random,50.8245,50.4634,51.2006
383,Random,50.9605,50.5965,51.3390
384,Random,51.0875,50.7233,51.4681
385,Random,51.2175,50.8550,51.5991
386,Random,51.3650,50.9905,51.7461
387,Random,51.4805,51.1100,51.8690
388,Random,51.6010,51.2305,51.9882
389,Random,51.7360,51.3634,52.1277
390,Random,51.8675,51.4919,52.2656
391,Random,52.0155,51.6440,52.4135
392,Random,52.1470,51.7725,52.5456
393,Random,52.2855,51.9089,52.6771
394,Random,52.4370,52.0578,52.8316
395,Random,52.5640,52.1844,52.9656
396,Random,52.6880,52.3038,53.0901
397,Random,52.8240,52.4423,53.2270
398,Random,52.9585,52.5709,53.3591
399,Random,53.1075,52.7263,53.5081
400,Random,53.2680,52.8765,53.6705
401,Random,53.3995,53.0150,53.8002
402,Random,53.5280,53.1384,53.9342
403,Random,53.6620,53.2745,54.0701
404,Random,53.8085,53.4215,54.2126
405,Random,53.9460,53.5565,54.3520
406,Random,54.0780,53.6895,54.4832
407,Random,54.2055,53.8129,54.6106
408,Random,54.3395,53.9470,54.7466
409,Random,54.4980,54.1115,54.8953
410,Random,54.6335,54.2495,55.0363
411,Random,54.7625,54.3760,55.1682
412,Random,54.8730,54.4830,55.2753
413,Random,54.9925,54.5985,55.4040
414,Random,55.1260,54.7450,55.5321
415,Random,55.2580,54.8685,55.6726
416,Random,55.3860,54.9990,55.8036
417,Random,55.5470,55.1609,55.9625
418,Random,55.6850,55.3015,56.0971
419,Random,55.8190,55.4318,56.2261
420,Random,55.9575,55.5635,56.3691
421,Random,56.0915,55.6979,56.4992
422,Random,56.2225,55.8245,56.6421
423,Random,56.3685,55.9650,56.7875
424,Random,56.5130,56.1105,56.9286
425,Random,56.6475,56.2375,57.0756
426,Random,56.7740,56.3639,57.2012
427,Random,56.9055,56.4954,57.3366
428,Random,57.0440,56.6270,57.4740
429,Random,57.1735,56.7604,57.6001
430,Random,57.3055,56.8934,57.7330
431,Random,57.4210,57.0223,57.8430
432,Random,57.5540,57.1449,57.9906
433,Random,57.6850,57.2744,58.1231
434,Random,57.8120,57.4129,58.2511
435,Random,57.9465,57.5372,58.3875
436,Random,58.0730,57.6633,58.5023
437,Random,58.2140,57.8134,58.6451
438,Random,58.3375,57.9302,58.7608
439,Random,58.4595,58.0503,58.8925
440,Random,58.6045,58.2003,59.0345
441,Random,58.7370,58.3435,59.1680
442,Random,58.8730,58.4719,59.2963
443,Random,59.0140,58.6157,59.4432
444,Random,59.1505,58.7434,59.5900
445,Random,59.2760,58.8654,59.7200
446,Random,59.3995,58.9919,59.8468
447,Random,59.5385,59.1280,59.9821
448,Random,59.6875,59.2750,60.1334
449,Random,59.8395,59.4284,60.2925
450,Random,59.9515,59.5429,60.3927
451,Random,60.0865,59.6670,60.5312
452,Random,60.2240,59.8143,60.6648
453,Random,60.3470,59.9389,60.7917
454,Random,60.5070,60.0975,60.9620
455,Random,60.6320,60.2185,61.0801
456,Random,60.7565,60.3419,61.2096
457,Random,60.8935,60.4765,61.3441
458,Random,61.0300,60.6129,61.4841
459,Random,61.1550,60.7334,61.6068
460,Random,61.2955,60.8709,61.7491
461,Random,61.4340,61.0005,61.8963
462,Random,61.5540,61.1298,62.0162
463,Random,61.6935,61.2709,62.1602
464,Random,61.8225,61.3979,62.2976
465,Random,61.9575,61.5375,62.4227
466,Random,62.0920,61.6779,62.5495
467,Random,62.2270,61.8099,62.6810
468,Random,62.3680,61.9474,62.8212
469,Random,62.5050,62.0879,62.9557
470,Random,62.6455,62.2269,63.0978
471,Random,62.7660,62.3384,63.2301
472,Random,62.8950,62.4695,63.3590
473,Random,63.0145,62.5925,63.4820
474,Random,63.1455,62.7215,63.6065
475,Random,63.2795,62.8559,63.7370
476,Random,63.4235,63.0028,63.8801
477,Random,63.5685,63.1380,64.0326
478,Random,63.7040,63.2794,64.1710
479,Random,63.8425,63.4194,64.3002
480,Random,63.9880,63.5588,64.4485
481,Random,64.1340,63.7075,64.5960
482,Random,64.2650,63.8320,64.7236
483,Random,64.3980,63.9724,64.8595
484,Random,64.5380,64.1055,64.9951
485,Random,64.6725,64.2498,65.1242
486,Random,64.7975,64.3649,65.2565
487,Random,64.9215,64.4954,65.3777
488,Random,65.0425,64.6113,65.5010
489,Random,65.1830,64.7380,65.6447
490,Random,65.3250,64.8844,65.7911
491,Random,65.4560,65.0144,65.9190
492,Random,65.5850,65.1415,66.0451
493,Random,65.7100,65.2674,66.1825
494,Random,65.8370,65.3995,66.3076
495,Random,65.9970,65.5585,66.4681
496,Random,66.1085,65.6714,66.5867
497,Random,66.2380,65.7970,66.7271
498,Random,66.3850,65.9460,66.8771
499,Random,66.4995,66.0584,66.9936
500,Random,66.6455,66.2049,67.1455
1,Greedy,0.2500,0.2500,0.2500
2,Greedy,0.4000,0.4000,0.4000
3,Greedy,0.4000,0.4000,0.4000
4,Greedy,0.5485,0.5275,0.5675
5,Greedy,0.6570,0.6160,0.6935
6,Greedy,0.7565,0.6985,0.8111
7,Greedy,0.8380,0.7615,0.9081
8,Greedy,0.9375,0.8395,1.0285
9,Greedy,1.0315,0.9145,1.1395
10,Greedy,1.1250,0.9865,1.2516
11,Greedy,1.2210,1.0609,1.3680
12,Greedy,1.3185,1.1355,1.4870
13,Greedy,1.4160,1.2135,1.6031
14,Greedy,1.5175,1.2959,1.7250
15,Greedy,1.6190,1.3775,1.8431
16,Greedy,1.7150,1.4549,1.9585
17,Greedy,1.8035,1.5195,2.0651
18,Greedy,1.8925,1.5885,2.1765
19,Greedy,1.9865,1.6620,2.2876
20,Greedy,2.0785,1.7305,2.3992
21,Greedy,2.1730,1.8029,2.5132
22,Greedy,2.2675,1.8765,2.6305
23,Greedy,2.3570,1.9480,2.7381
24,Greedy,2.4440,2.0164,2.8451
25,Greedy,2.5310,2.0849,2.9546
26,Greedy,2.6180,2.1534,3.0640
27,Greedy,2.7020,2.2198,3.1720
28,Greedy,2.7875,2.2888,3.2790
29,Greedy,2.8745,2.3573,3.3856
30,Greedy,2.9600,2.4248,3.4936
31,Greedy,3.0465,2.4890,3.6016
32,Greedy,3.1330,2.5574,3.7096
33,Greedy,3.2195,2.6214,3.8176
34,Greedy,3.3060,2.6855,3.9256
35,Greedy,3.3925,2.7539,4.0336
36,Greedy,3.4780,2.8213,4.1415
37,Greedy,3.5635,2.8887,4.2471
38,Greedy,3.6490,2.9561,4.3516
39,Greedy,3.7345,3.0235,4.4561
40,Greedy,3.8200,3.0909,4.5605
41,Greedy,3.9055,3.1569,4.6635
42,Greedy,3.9885,3.2180,4.7588
43,Greedy,4.0715,3.2791,4.8633
44,Greedy,4.1555,3.3411,4.9683
45,Greedy,4.2395,3.4032,5.0732
46,Greedy,4.3235,3.4652,5.1782
47,Greedy,4.4075,3.5273,5.2831
48,Greedy,4.4915,3.5894,5.3881
49,Greedy,4.5755,3.6544,5.4906
50,Greedy,4.6610,3.7180,5.5960
51,Greedy,4.7465,3.7844,5.7015
52,Greedy,4.8310,3.8484,5.8050
53,Greedy,4.9190,3.9159,5.9110
54,Greedy,5.0045,3.9809,6.0146
55,Greedy,5.0885,4.0440,6.1166
56,Greedy,5.1710,4.1049,6.2171
57,Greedy,5.2535,4.1644,6.3176
58,Greedy,5.3360,4.2234,6.4182
59,Greedy,5.4170,4.2824,6.5157
60,Greedy,5.4980,4.3414,6.6152
61,Greedy,5.5790,4.4004,6.7157
62,Greedy,5.6600,4.4593,6.8161
63,Greedy,5.7410,4.5183,6.9166
64,Greedy,5.8220,4.5773,7.0171
65,Greedy,5.9030,4.6363,7.1185
66,Greedy,5.9840,4.6953,7.2181
67,Greedy,6.0650,4.7543,7.3186
68,Greedy,6.1460,4.8133,7.4192
69,Greedy,6.2270,4.8722,7.5222
70,Greedy,6.3080,4.9312,7.6257
71,Greedy,6.3915,4.9903,7.7316
72,Greedy,6.4725,5.0493,7.8350
73,Greedy,6.5535,5.1083,7.9385
74,Greedy,6.6345,5.1672,8.0420
75,Greedy,6.7155,5.2262,8.1445
76,Greedy,6.7965,5.2852,8.2470
77,Greedy,6.8775,5.3442,8.3496
78,Greedy,6.9585,5.4032,8.4521
79,Greedy,7.0395,5.4622,8.5546
80,Greedy,7.1205,5.5212,8.6571
81,Greedy,7.2015,5.5802,8.7597
82,Greedy,7.2825,5.6392,8.8622
83,Greedy,7.3635,5.6983,8.9647
84,Greedy,7.4445,5.7574,9.0672
85,Greedy,7.5255,5.8170,9.1698
86,Greedy,7.6065,5.8779,9.2723
87,Greedy,7.6875,5.9369,9.3748
88,Greedy,7.7685,5.9959,9.4773
89,Greedy,7.8495,6.0549,9.5798
90,Greedy,7.9305,6.1139,9.6822
91,Greedy,8.0115,6.1729,9.7847
92,Greedy,8.0925,6.2319,9.8871
93,Greedy,8.1735,6.2909,9.9896
94,Greedy,8.2545,6.3499,10.0920
95,Greedy,8.3355,6.4089,10.1921
96,Greedy,8.4165,6.4679,10.2921
97,Greedy,8.4975,6.5269,10.3922
98,Greedy,8.5785,6.5850,10.4922
99,Greedy,8.6595,6.6449,10.5923
100,Greedy,8.7405,6.7039,10.6924
101,Greedy,8.8215,6.7630,10.7924
102,Greedy,8.9025,6.8230,10.8925
103,Greedy,8.9835,6.8844,10.9925
104,Greedy,9.0645,6.9458,11.0926
105,Greedy,9.1455,7.0073,11.1926
106,Greedy,9.2265,7.0682,11.2927
107,Greedy,9.3075,7.1287,11.3927
108,Greedy,9.3885,7.1892,11.4927
109,Greedy,9.4695,7.2496,11.5928
110,Greedy,9.5505,7.3101,11.6928
111,Greedy,9.6315,7.3705,11.7929
112,Greedy,9.7125,7.4310,11.8929
113,Greedy,9.7925,7.4914,11.9929
114,Greedy,9.8735,7.5519,12.0930
115,Greedy,9.9545,7.6124,12.1930
116,Greedy,10.0355,7.6728,12.2955
117,Greedy,10.1155,7.7333,12.3970
118,Greedy,10.1955,7.7937,12.4985
119,Greedy,10.2755,7.8542,12.6000
120,Greedy,10.3555,7.9146,12.7015
121,Greedy,10.4355,7.9751,12.8030
122,Greedy,10.5155,8.0356,12.9045
123,Greedy,10.5955,8.0960,13.0060
124,Greedy,10.6755,8.1565,13.1075
125,Greedy,10.7555,8.2170,13.2090
126,Greedy,10.8355,8.2774,13.3105
127,Greedy,10.9155,8.3379,13.4120
128,Greedy,10.9955,8.3983,13.5135
129,Greedy,11.0755,8.4588,13.6150
130,Greedy,11.1555,8.5193,13.7165
131,Greedy,11.2355,8.5797,13.8180
132,Greedy,11.3155,8.6402,13.9195
133,Greedy,11.3955,8.7007,14.0210
134,Greedy,11.4755,8.7611,14.1225
135,Greedy,11.5555,8.8216,14.2240
136,Greedy,11.6370,8.8836,14.3299
137,Greedy,11.7170,8.9440,14.4314
138,Greedy,11.7970,9.0045,14.5329
139,Greedy,11.8770,9.0650,14.6344
140,Greedy,11.9570,9.1254,14.7359
141,Greedy,12.0370,9.1859,14.8374
142,Greedy,12.1170,9.2464,14.9389
143,Greedy,12.1970,9.3068,15.0404
144,Greedy,12.2770,9.3673,15.1419
145,Greedy,12.3570,9.4277,15.2434
146,Greedy,12.4370,9.4882,15.3449
147,Greedy,12.5170,9.5487,15.4464
148,Greedy,12.5970,9.6091,15.5479
149,Greedy,12.6770,9.6696,15.6494
150,Greedy,12.7570,9.7301,15.7509
151,Greedy,12.8370,9.7905,15.8524
152,Greedy,12.9170,9.8510,15.9539
153,Greedy,12.9970,9.9114,16.0554
154,Greedy,13.0770,9.9719,16.1569
155,Greedy,13.1570,10.0324,16.2584
156,Greedy,13.2370,10.0928,16.3599
157,Greedy,13.3170,10.1533,16.4614
158,Greedy,13.3970,10.2138,16.5629
159,Greedy,13.4770,10.2742,16.6644
160,Greedy,13.5570,10.3347,16.7659
161,Greedy,13.6370,10.3951,16.8674
162,Greedy,13.7170,10.4556,16.9689
163,Greedy,13.7970,10.5161,17.0704
164,Greedy,13.8770,10.5765,17.1719
165,Greedy,13.9570,10.6370,17.2734
166,Greedy,14.0370,10.6975,17.3749
167,Greedy,14.1170,10.7579,17.4764
168,Greedy,14.1970,10.8184,17.5779
169,Greedy,14.2770,10.8788,17.6794
170,Greedy,14.3570,10.9393,17.7809
171,Greedy,14.4370,10.9998,17.8824
172,Greedy,14.5170,11.0602,17.9839
173,Greedy,14.5970,11.1187,18.0854
174,Greedy,14.6770,11.1753,18.1869
175,Greedy,14.7570,11.2319,18.2884
176,Greedy,14.8370,11.2884,18.3899
177,Greedy,14.9170,11.3450,18.4914
178,Greedy,14.9970,11.4016,18.5929
179,Greedy,15.0770,11.4581,18.6944
180,Greedy,15.1570,11.5147,18.7959
181,Greedy,15.2370,11.5712,18.8974
182,Greedy,15.3170,11.6278,18.9989
183,Greedy,15.3970,11.6844,19.1004
184,Greedy,15.4770,11.7409,19.2019
185,Greedy,15.5570,11.7975,19.3034
186,Greedy,15.6370,11.8541,19.4049
187,Greedy,15.7170,11.9106,19.5064
188,Greedy,15.7970,11.9672,19.6079
189,Greedy,15.8770,12.0237,19.7094
190,Greedy,15.9570,12.0803,19.8109
191,Greedy,16.0370,12.1369,19.9124
192,Greedy,16.1170,12.1934,20.0139
193,Greedy,16.1970,12.2500,20.1154
194,Greedy,16.2770,12.3066,20.2169
195,Greedy,16.3555,12.3630,20.3184
196,Greedy,16.4340,12.4195,20.4199
197,Greedy,16.5125,12.4760,20.5213
198,Greedy,16.5925,12.5326,20.6228
199,Greedy,16.6725,12.5891,20.7243
200,Greedy,16.7525,12.6457,20.8258
201,Greedy,16.8325,12.7023,20.9273
202,Greedy,16.9125,12.7588,21.0288
203,Greedy,16.9925,12.8154,21.1303
204,Greedy,17.0725,12.8720,21.2318
205,Greedy,17.1525,12.9285,21.3333
206,Greedy,17.2325,12.9851,21.4348
207,Greedy,17.3125,13.0416,21.5363
208,Greedy,17.3925,13.0982,21.6378
209,Greedy,17.4725,13.1548,21.7393
210,Greedy,17.5525,13.2113,21.8408
211,Greedy,17.6325,13.2679,21.9423
212,Greedy,17.7125,13.3245,22.0438
213,Greedy,17.7925,13.3810,22.1453
214,Greedy,17.8725,13.4376,22.2468
215,Greedy,17.9525,13.4941,22.3483
216,Greedy,18.0325,13.5507,22.4498
217,Greedy,18.1125,13.6073,22.5513
218,Greedy,18.1925,13.6638,22.6528
219,Greedy,18.2725,13.7204,22.7543
220,Greedy,18.3525,13.7770,22.8557
221,Greedy,18.4325,13.8345,22.9572
222,Greedy,18.5125,13.8934,23.0587
223,Greedy,18.5925,13.9523,23.1602
224,Greedy,18.6725,14.0113,23.2617
225,Greedy,18.7525,14.0702,23.3632
226,Greedy,18.8325,14.1292,23.4647
227,Greedy,18.9125,14.1881,23.5662
228,Greedy,18.9925,14.2470,23.6676
229,Greedy,19.0725,14.3060,23.7691
230,Greedy,19.1525,14.3649,23.8706
231,Greedy,19.2325,14.4238,23.9721
232,Greedy,19.3125,14.4828,24.0736
233,Greedy,19.3925,14.5417,24.1751
234,Greedy,19.4725,14.6007,24.2766
235,Greedy,19.5525,14.6596,24.3781
236,Greedy,19.6325,14.7185,24.4795
237,Greedy,19.7125,14.7775,24.5810
238,Greedy,19.7925,14.8364,24.6825
239,Greedy,19.8725,14.8953,24.7840
240,Greedy,19.9525,14.9543,24.8855
241,Greedy,20.0325,15.0132,24.9870
242,Greedy,20.1125,15.0722,25.0885
243,Greedy,20.1925,15.1311,25.1900
244,Greedy,20.2725,15.1900,25.2914
245,Greedy,20.3525,15.2490,25.3929
246,Greedy,20.4325,15.3079,25.4944
247,Greedy,20.5125,15.3668,25.5959
248,Greedy,20.5925,15.4258,25.6974
249,Greedy,20.6725,15.4847,25.7989
250,Greedy,20.7525,15.5437,25.9004
251,Greedy,20.8325,15.6026,26.0019
252,Greedy,20.9125,15.6615,26.1033
253,Greedy,20.9925,15.7205,26.2048
254,Greedy,21.0725,15.7794,26.3063
255,Greedy,21.1525,15.8383,26.4078
256,Greedy,21.2325,15.8973,26.5093
257,Greedy,21.3125,15.9562,26.6108
258,Greedy,21.3925,16.0152,26.7123
259,Greedy,21.4725,16.0741,26.8138
260,Greedy,21.5525,16.1330,26.9152
261,Greedy,21.6325,16.1920,27.0167
262,Greedy,21.7125,16.2509,27.1182
263,Greedy,21.7925,16.3098,27.2197
264,Greedy,21.8725,16.3688,27.3212
265,Greedy,21.9525,16.4277,27.4227
266,Greedy,22.0325,16.4867,27.5242
267,Greedy,22.1125,16.5456,27.6257
268,Greedy,22.1925,16.6046,27.7271
269,Greedy,22.2725,16.6636,27.8286
270,Greedy,22.3525,16.7226,27.9301
271,Greedy,22.4325,16.7816,28.0316
272,Greedy,22.5125,16.8406,28.1331
273,Greedy,22.5925,16.8996,28.2346
274,Greedy,22.6725,16.9585,28.3361
275,Greedy,22.7525,17.0175,28.4376
276,Greedy,22.8325,17.0765,28.5390
277,Greedy,22.9125,17.1355,28.6405
278,Greedy,22.9925,17.1945,28.7420
279,Greedy,23.0725,17.2535,28.8435
280,Greedy,23.1525,17.3125,28.9450
281,Greedy,23.2325,17.3715,29.0460
282,Greedy,23.3125,17.4304,29.1470
283,Greedy,23.3925,17.4894,29.2480
284,Greedy,23.4725,17.5484,29.3491
285,Greedy,23.5525,17.6074,29.4501
286,Greedy,23.6325,17.6664,29.5511
287,Greedy,23.7125,17.7254,29.6521
288,Greedy,23.7925,17.7844,29.7531
289,Greedy,23.8725,17.8434,29.8541
290,Greedy,23.9525,17.9023,29.9551
291,Greedy,24.0325,17.9613,30.0561
292,Greedy,24.1125,18.0203,30.1571
293,Greedy,24.1925,18.0793,30.2582
294,Greedy,24.2725,18.1383,30.3592
295,Greedy,24.3525,18.1973,30.4602
296,Greedy,24.4325,18.2563,30.5612
297,Greedy,24.5125,18.3153,30.6622
298,Greedy,24.5925,18.3742,30.7632
299,Greedy,24.6725,18.4332,30.8642
300,Greedy,24.7525,18.4922,30.9653
301,Greedy,24.8325,18.5512,31.0663
302,Greedy,24.9125,18.6102,31.1673
303,Greedy,24.9925,18.6692,31.2683
304,Greedy,25.0725,18.7282,31.3693
305,Greedy,25.1525,18.7872,31.4703
306,Greedy,25.2325,18.8461,31.5713
307,Greedy,25.3125,18.9051,31.6723
308,Greedy,25.3925,18.9641,31.7734
309,Greedy,25.4725,19.0232,31.8744
310,Greedy,25.5525,19.0822,31.9754
311,Greedy,25.6325,19.1412,32.0764
312,Greedy,25.7125,19.2002,32.1774
313,Greedy,25.7925,19.2592,32.2784
314,Greedy,25.8725,19.3182,32.3794
315,Greedy,25.9525,19.3772,32.4804
316,Greedy,26.0325,19.4362,32.5815
317,Greedy,26.1125,19.4953,32.6825
318,Greedy,26.1925,19.5543,32.7835
319,Greedy,26.2725,19.6133,32.8845
320,Greedy,26.3525,19.6723,32.9855
321,Greedy,26.4325,19.7313,33.0865
322,Greedy,26.5125,19.7903,33.1875
323,Greedy,26.5925,19.8493,33.2885
324,Greedy,26.6725,19.9083,33.3896
325,Greedy,26.7525,19.9674,33.4906
326,Greedy,26.8325,20.0264,33.5916
327,Greedy,26.9125,20.0854,33.6926
328,Greedy,26.9925,20.1444,33.7936
329,Greedy,27.0725,20.2034,33.8946
330,Greedy,27.1525,20.2624,33.9956
331,Greedy,27.2325,20.3214,34.0966
332,Greedy,27.3125,20.3804,34.1977
333,Greedy,27.3925,20.4395,34.2987
334,Greedy,27.4725,20.4985,34.3997
335,Greedy,27.5525,20.5575,34.5007
336,Greedy,27.6325,20.6165,34.6017
337,Greedy,27.7125,20.6755,34.7027
338,Greedy,27.7925,20.7345,34.8037
339,Greedy,27.8725,20.7935,34.9047
340,Greedy,27.9525,20.8525,35.0058
341,Greedy,28.0325,20.9116,35.1068
342,Greedy,28.1125,20.9706,35.2078
343,Greedy,28.1925,21.0296,35.3088
344,Greedy,28.2725,21.0886,35.4098
345,Greedy,28.3525,21.1476,35.5108
346,Greedy,28.4325,21.2066,35.6118
347,Greedy,28.5125,21.2656,35.7128
348,Greedy,28.5925,21.3246,35.8148
349,Greedy,28.6725,21.3837,35.9168
350,Greedy,28.7525,21.4427,36.0188
351,Greedy,28.8325,21.5017,36.1208
352,Greedy,28.9125,21.5607,36.2228
353,Greedy,28.9925,21.6197,36.3248
354,Greedy,29.0725,21.6787,36.4267
355,Greedy,29.1525,21.7377,36.5287
356,Greedy,29.2325,21.7967,36.6307
357,Greedy,29.3125,21.8558,36.7327
358,Greedy,29.3925,21.9148,36.8347
359,Greedy,29.4725,21.9738,36.9367
360,Greedy,29.5525,22.0328,37.0387
361,Greedy,29.6325,22.0918,37.1407
362,Greedy,29.7125,22.1508,37.2426
363,Greedy,29.7925,22.2098,37.3446
364,Greedy,29.8725,22.2688,37.4466
365,Greedy,29.9525,22.3279,37.5486
366,Greedy,30.0325,22.3869,37.6506
367,Greedy,30.1125,22.4459,37.7526
368,Greedy,30.1925,22.5049,37.8546
369,Greedy,30.2725,22.5639,37.9566
370,Greedy,30.3525,22.6229,38.0585
371,Greedy,30.4325,22.6819,38.1605
372,Greedy,30.5125,22.7409,38.2625
373,Greedy,30.5925,22.8000,38.3645
374,Greedy,30.6725,22.8590,38.4665
375,Greedy,30.7525,22.9180,38.5685
376,Greedy,30.8325,22.9770,38.6705
377,Greedy,30.9125,23.0360,38.7725
378,Greedy,30.9925,23.0950,38.8744
379,Greedy,31.0725,23.1540,38.9764
380,Greedy,31.1525,23.2130,39.0784
381,Greedy,31.2325,23.2721,39.1804
382,Greedy,31.3125,23.3311,39.2824
383,Greedy,31.3925,23.3901,39.3844
384,Greedy,31.4725,23.4491,39.4864
385,Greedy,31.5525,23.5081,39.5884
386,Greedy,31.6325,23.5671,39.6903
387,Greedy,31.7125,23.6261,39.7923
388,Greedy,31.7925,23.6851,39.8943
389,Greedy,31.8725,23.7442,39.9963
390,Greedy,31.9525,23.8032,40.0983
391,Greedy,32.0325,23.8622,40.2003
392,Greedy,32.1125,23.9212,40.3023
393,Greedy,32.1925,23.9802,40.4043
394,Greedy,32.2725,24.0392,40.5063
395,Greedy,32.3525,24.0982,40.6082
396,Greedy,32.4325,24.1572,40.7102
397,Greedy,32.5125,24.2163,40.8122
398,Greedy,32.5925,24.2753,40.9142
399,Greedy,32.6725,24.3343,41.0162
400,Greedy,32.7525,24.3933,41.1182
401,Greedy,32.8325,24.4523,41.2202
402,Greedy,32.9125,24.5113,41.3221
403,Greedy,32.9925,24.5703,41.4241
404,Greedy,33.0725,24.6293,41.5261
405,Greedy,33.1525,24.6884,41.6281
406,Greedy,33.2325,24.7474,41.7301
407,Greedy,33.3125,24.8064,41.8321
408,Greedy,33.3925,24.8654,41.9341
409,Greedy,33.4725,24.9244,42.0361
410,Greedy,33.5525,24.9834,42.1380
411,Greedy,33.6325,25.0424,42.2400
412,Greedy,33.7125,25.1014,42.3420
413,Greedy,33.7925,25.1605,42.4440
414,Greedy,33.8725,25.2195,42.5460
415,Greedy,33.9525,25.2785,42.6475
416,Greedy,34.0325,25.3375,42.7490
417,Greedy,34.1125,25.3965,42.8505
418,Greedy,34.1925,25.4555,42.9520
419,Greedy,34.2725,25.5145,43.0536
420,Greedy,34.3525,25.5735,43.1551
421,Greedy,34.4325,25.6326,43.2566
422,Greedy,34.5125,25.6916,43.3581
423,Greedy,34.5925,25.7506,43.4596
424,Greedy,34.6725,25.8096,43.5611
425,Greedy,34.7525,25.8686,43.6626
426,Greedy,34.8325,25.9276,43.7641
427,Greedy,34.9125,25.9866,43.8657
428,Greedy,34.9925,26.0456,43.9672
429,Greedy,35.0725,26.1047,44.0687
430,Greedy,35.1525,26.1637,44.1702
431,Greedy,35.2325,26.2227,44.2717
432,Greedy,35.3125,26.2817,44.3732
433,Greedy,35.3925,26.3407,44.4747
434,Greedy,35.4725,26.3997,44.5762
435,Greedy,35.5525,26.4587,44.6778
436,Greedy,35.6325,26.5177,44.7793
437,Greedy,35.7125,26.5768,44.8808
438,Greedy,35.7925,26.6358,44.9823
439,Greedy,35.8725,26.6948,45.0838
440,Greedy,35.9525,26.7538,45.1853
441,Greedy,36.0325,26.8128,45.2868
442,Greedy,36.1125,26.8718,45.3883
443,Greedy,36.1925,26.9308,45.4899
444,Greedy,36.2725,26.9898,45.5914
445,Greedy,36.3525,27.0489,45.6929
446,Greedy,36.4325,27.1079,45.7944
447,Greedy,36.5125,27.1669,45.8959
448,Greedy,36.5925,27.2259,45.9974
449,Greedy,36.6725,27.2849,46.0989
450,Greedy,36.7525,27.3439,46.2004
451,Greedy,36.8325,27.4029,46.3020
452,Greedy,36.9125,27.4619,46.4035
453,Greedy,36.9925,27.5210,46.5050
454,Greedy,37.0725,27.5800,46.6065
455,Greedy,37.1525,27.6390,46.7080
456,Greedy,37.2325,27.6980,46.8095
457,Greedy,37.3125,27.7570,46.9110
458,Greedy,37.3925,27.8160,47.0125
459,Greedy,37.4725,27.8750,47.1141
460,Greedy,37.5525,27.9340,47.2156
461,Greedy,37.6325,27.9931,47.3171
462,Greedy,37.7125,28.0521,47.4186
463,Greedy,37.7925,28.1111,47.5201
464,Greedy,37.8725,28.1701,47.6216
465,Greedy,37.9525,28.2291,47.7231
466,Greedy,38.0325,28.2881,47.8246
467,Greedy,38.1125,28.3471,47.9262
468,Greedy,38.1925,28.4061,48.0277
469,Greedy,38.2725,28.4652,48.1292
470,Greedy,38.3525,28.5242,48.2307
471,Greedy,38.4325,28.5832,48.3322
472,Greedy,38.5125,28.6422,48.4337
473,Greedy,38.5925,28.7012,48.5352
474,Greedy,38.6725,28.7602,48.6367
475,Greedy,38.7525,28.8192,48.7383
476,Greedy,38.8325,28.8783,48.8398
477,Greedy,38.9125,28.9373,48.9413
478,Greedy,38.9925,28.9963,49.0428
479,Greedy,39.0725,29.0553,49.1443
480,Greedy,39.1525,29.1143,49.2458
481,Greedy,39.2325,29.1733,49.3473
482,Greedy,39.3125,29.2323,49.4488
483,Greedy,39.3925,29.2913,49.5503
484,Greedy,39.4725,29.3504,49.6518
485,Greedy,39.5525,29.4094,49.7533
486,Greedy,39.6325,29.4684,49.8548
487,Greedy,39.7125,29.5274,49.9563
488,Greedy,39.7925,29.5864,50.0578
489,Greedy,39.8725,29.6454,50.1593
490,Greedy,39.9525,29.7044,50.2608
491,Greedy,40.0325,29.7634,50.3623
492,Greedy,40.1125,29.8225,50.4638
493,Greedy,40.1925,29.8815,50.5653
494,Greedy,40.2725,29.9405,50.6668
495,Greedy,40.3525,29.9995,50.7683
496,Greedy,40.4325,30.0585,50.8698
497,Greedy,40.5125,30.1175,50.9713
498,Greedy,40.5925,30.1765,51.0728
499,Greedy,40.6725,30.2355,51.1743
500,Greedy,40.7525,30.2946,51.2758
1,ε-greedy (ε=0.1),0.2500,0.2500,0.2500
2,ε-greedy (ε=0.1),0.4000,0.4000,0.4000
3,ε-greedy (ε=0.1),0.4000,0.4000,0.4000
4,ε-greedy (ε=0.1),0.5390,0.5180,0.5585
5,ε-greedy (ε=0.1),0.6515,0.6135,0.6855
6,ε-greedy (ε=0.1),0.7435,0.6895,0.7930
7,ε-greedy (ε=0.1),0.8195,0.7500,0.8840
8,ε-greedy (ε=0.1),0.9220,0.8380,1.0010
9,ε-greedy (ε=0.1),1.0230,0.9195,1.1196
10,ε-greedy (ε=0.1),1.1215,0.9995,1.2345
11,ε-greedy (ε=0.1),1.2165,1.0789,1.3435
12,ε-greedy (ε=0.1),1.3105,1.1560,1.4530
13,ε-greedy (ε=0.1),1.4000,1.2260,1.5576
14,ε-greedy (ε=0.1),1.4950,1.2979,1.6745
15,ε-greedy (ε=0.1),1.5950,1.3809,1.7915
16,ε-greedy (ε=0.1),1.6915,1.4619,1.9050
17,ε-greedy (ε=0.1),1.7880,1.5344,2.0190
18,ε-greedy (ε=0.1),1.8740,1.6030,2.1240
19,ε-greedy (ε=0.1),1.9575,1.6685,2.2170
20,ε-greedy (ε=0.1),2.0380,1.7359,2.3105
21,ε-greedy (ε=0.1),2.1165,1.8034,2.3991
22,ε-greedy (ε=0.1),2.1905,1.8565,2.4886
23,ε-greedy (ε=0.1),2.2675,1.9155,2.5811
24,ε-greedy (ε=0.1),2.3345,1.9679,2.6615
25,ε-greedy (ε=0.1),2.4040,2.0169,2.7381
26,ε-greedy (ε=0.1),2.4800,2.0780,2.8266
27,ε-greedy (ε=0.1),2.5540,2.1444,2.9175
28,ε-greedy (ε=0.1),2.6215,2.1979,3.0031
29,ε-greedy (ε=0.1),2.6865,2.2425,3.0840
30,ε-greedy (ε=0.1),2.7535,2.2984,3.1618
31,ε-greedy (ε=0.1),2.8175,2.3440,3.2411
32,ε-greedy (ε=0.1),2.8820,2.3978,3.3162
33,ε-greedy (ε=0.1),2.9375,2.4364,3.3831
34,ε-greedy (ε=0.1),3.0030,2.4860,3.4641
35,ε-greedy (ε=0.1),3.0660,2.5328,3.5386
36,ε-greedy (ε=0.1),3.1205,2.5615,3.6051
37,ε-greedy (ε=0.1),3.1745,2.6052,3.6710
38,ε-greedy (ε=0.1),3.2360,2.6448,3.7445
39,ε-greedy (ε=0.1),3.2870,2.6769,3.8091
40,ε-greedy (ε=0.1),3.3385,2.7130,3.8790
41,ε-greedy (ε=0.1),3.4050,2.7704,3.9532
42,ε-greedy (ε=0.1),3.4645,2.8139,4.0327
43,ε-greedy (ε=0.1),3.5250,2.8575,4.1086
44,ε-greedy (ε=0.1),3.5825,2.9035,4.1730
45,ε-greedy (ε=0.1),3.6370,2.9488,4.2378
46,ε-greedy (ε=0.1),3.6890,2.9902,4.3048
47,ε-greedy (ε=0.1),3.7515,3.0407,4.3901
48,ε-greedy (ε=0.1),3.8165,3.0880,4.4730
49,ε-greedy (ε=0.1),3.8790,3.1334,4.5521
50,ε-greedy (ε=0.1),3.9290,3.1649,4.6171
51,ε-greedy (ε=0.1),3.9790,3.2019,4.6821
52,ε-greedy (ε=0.1),4.0330,3.2360,4.7522
53,ε-greedy (ε=0.1),4.0860,3.2775,4.8167
54,ε-greedy (ε=0.1),4.1385,3.3145,4.8915
55,ε-greedy (ε=0.1),4.1885,3.3494,4.9585
56,ε-greedy (ε=0.1),4.2450,3.3885,5.0300
57,ε-greedy (ε=0.1),4.3030,3.4324,5.0976
58,ε-greedy (ε=0.1),4.3595,3.4755,5.1617
59,ε-greedy (ε=0.1),4.4110,3.5139,5.2325
60,ε-greedy (ε=0.1),4.4750,3.5694,5.3115
61,ε-greedy (ε=0.1),4.5220,3.6067,5.3716
62,ε-greedy (ε=0.1),4.5675,3.6342,5.4325
63,ε-greedy (ε=0.1),4.6195,3.6684,5.4936
64,ε-greedy (ε=0.1),4.6755,3.7098,5.5636
65,ε-greedy (ε=0.1),4.7320,3.7473,5.6420
66,ε-greedy (ε=0.1),4.7870,3.7834,5.7082
67,ε-greedy (ε=0.1),4.8415,3.8264,5.7742
68,ε-greedy (ε=0.1),4.8925,3.8629,5.8395
69,ε-greedy (ε=0.1),4.9505,3.9049,5.9121
70,ε-greedy (ε=0.1),5.0090,3.9470,5.9769
71,ε-greedy (ε=0.1),5.0735,4.0059,6.0519
72,ε-greedy (ε=0.1),5.1265,4.0487,6.1233
73,ε-greedy (ε=0.1),5.1850,4.0885,6.1981
74,ε-greedy (ε=0.1),5.2340,4.1244,6.2616
75,ε-greedy (ε=0.1),5.2855,4.1639,6.3291
76,ε-greedy (ε=0.1),5.3420,4.2020,6.3976
77,ε-greedy (ε=0.1),5.3975,4.2460,6.4696
78,ε-greedy (ε=0.1),5.4545,4.2889,6.5347
79,ε-greedy (ε=0.1),5.5065,4.3260,6.6061
80,ε-greedy (ε=0.1),5.5590,4.3725,6.6713
81,ε-greedy (ε=0.1),5.6055,4.4094,6.7289
82,ε-greedy (ε=0.1),5.6505,4.4384,6.7876
83,ε-greedy (ε=0.1),5.6900,4.4721,6.8407
84,ε-greedy (ε=0.1),5.7335,4.4994,6.9002
85,ε-greedy (ε=0.1),5.7860,4.5408,6.9695
86,ε-greedy (ε=0.1),5.8440,4.5828,7.0456
87,ε-greedy (ε=0.1),5.8935,4.6296,7.1087
88,ε-greedy (ε=0.1),5.9420,4.6718,7.1682
89,ε-greedy (ε=0.1),5.9935,4.7098,7.2307
90,ε-greedy (ε=0.1),6.0395,4.7437,7.2886
91,ε-greedy (ε=0.1),6.0855,4.7698,7.3536
92,ε-greedy (ε=0.1),6.1275,4.8022,7.4120
93,ε-greedy (ε=0.1),6.1760,4.8367,7.4661
94,ε-greedy (ε=0.1),6.2275,4.8758,7.5301
95,ε-greedy (ε=0.1),6.2825,4.9137,7.5873
96,ε-greedy (ε=0.1),6.3355,4.9573,7.6454
97,ε-greedy (ε=0.1),6.3845,4.9948,7.6961
98,ε-greedy (ε=0.1),6.4335,5.0337,7.7650
99,ε-greedy (ε=0.1),6.4780,5.0620,7.8239
100,ε-greedy (ε=0.1),6.5235,5.0968,7.8870
101,ε-greedy (ε=0.1),6.5750,5.1337,7.9482
102,ε-greedy (ε=0.1),6.6275,5.1824,8.0154
103,ε-greedy (ε=0.1),6.6735,5.2116,8.0809
104,ε-greedy (ε=0.1),6.7350,5.2637,8.1445
105,ε-greedy (ε=0.1),6.7795,5.3011,8.1929
106,ε-greedy (ε=0.1),6.8265,5.3310,8.2518
107,ε-greedy (ε=0.1),6.8735,5.3685,8.3069
108,ε-greedy (ε=0.1),6.9200,5.4024,8.3664
109,ε-greedy (ε=0.1),6.9630,5.4310,8.4300
110,ε-greedy (ε=0.1),7.0055,5.4629,8.4862
111,ε-greedy (ε=0.1),7.0410,5.4879,8.5263
112,ε-greedy (ε=0.1),7.0810,5.5174,8.5782
113,ε-greedy (ε=0.1),7.1325,5.5569,8.6439
114,ε-greedy (ε=0.1),7.1860,5.6063,8.7089
115,ε-greedy (ε=0.1),7.2305,5.6382,8.7688
116,ε-greedy (ε=0.1),7.2805,5.6850,8.8317
117,ε-greedy (ε=0.1),7.3325,5.7173,8.9005
118,ε-greedy (ε=0.1),7.3745,5.7474,8.9604
119,ε-greedy (ε=0.1),7.4230,5.7794,9.0239
120,ε-greedy (ε=0.1),7.4660,5.8098,9.0838
121,ε-greedy (ε=0.1),7.5080,5.8348,9.1399
122,ε-greedy (ε=0.1),7.5565,5.8756,9.1929
123,ε-greedy (ε=0.1),7.5980,5.9009,9.2564
124,ε-greedy (ε=0.1),7.6520,5.9325,9.3229
125,ε-greedy (ε=0.1),7.6980,5.9629,9.3790
126,ε-greedy (ε=0.1),7.7415,5.9889,9.4256
127,ε-greedy (ε=0.1),7.7835,6.0229,9.4701
128,ε-greedy (ε=0.1),7.8185,6.0530,9.5199
129,ε-greedy (ε=0.1),7.8620,6.0834,9.5836
130,ε-greedy (ε=0.1),7.9145,6.1194,9.6438
131,ε-greedy (ε=0.1),7.9600,6.1567,9.7006
132,ε-greedy (ε=0.1),7.9965,6.1776,9.7495
133,ε-greedy (ε=0.1),8.0340,6.2073,9.8028
134,ε-greedy (ε=0.1),8.0680,6.2297,9.8596
135,ε-greedy (ε=0.1),8.1215,6.2759,9.9275
136,ε-greedy (ε=0.1),8.1550,6.2985,9.9731
137,ε-greedy (ε=0.1),8.2025,6.3266,10.0206
138,ε-greedy (ε=0.1),8.2385,6.3463,10.0639
139,ε-greedy (ε=0.1),8.2715,6.3658,10.1070
140,ε-greedy (ε=0.1),8.3200,6.3973,10.1773
141,ε-greedy (ε=0.1),8.3590,6.4214,10.2284
142,ε-greedy (ε=0.1),8.3995,6.4559,10.2799
143,ε-greedy (ε=0.1),8.4350,6.4809,10.3377
144,ε-greedy (ε=0.1),8.4830,6.5200,10.4041
145,ε-greedy (ε=0.1),8.5165,6.5445,10.4428
146,ε-greedy (ε=0.1),8.5580,6.5744,10.4886
147,ε-greedy (ε=0.1),8.5895,6.5989,10.5264
148,ε-greedy (ε=0.1),8.6200,6.6165,10.5594
149,ε-greedy (ε=0.1),8.6670,6.6644,10.6075
150,ε-greedy (ε=0.1),8.7115,6.7022,10.6659
151,ε-greedy (ε=0.1),8.7480,6.7268,10.7105
152,ε-greedy (ε=0.1),8.7875,6.7529,10.7505
153,ε-greedy (ε=0.1),8.8260,6.7828,10.8020
154,ε-greedy (ε=0.1),8.8600,6.8219,10.8312
155,ε-greedy (ε=0.1),8.8925,6.8571,10.8681
156,ε-greedy (ε=0.1),8.9175,6.8761,10.8987
157,ε-greedy (ε=0.1),8.9445,6.8962,10.9383
158,ε-greedy (ε=0.1),8.9880,6.9242,10.9908
159,ε-greedy (ε=0.1),9.0250,6.9441,11.0392
160,ε-greedy (ε=0.1),9.0530,6.9705,11.0731
161,ε-greedy (ε=0.1),9.0895,6.9985,11.1215
162,ε-greedy (ε=0.1),9.1210,7.0254,11.1651
163,ε-greedy (ε=0.1),9.1615,7.0568,11.2160
164,ε-greedy (ε=0.1),9.1955,7.0809,11.2616
165,ε-greedy (ε=0.1),9.2305,7.1145,11.3021
166,ε-greedy (ε=0.1),9.2655,7.1365,11.3376
167,ε-greedy (ε=0.1),9.2945,7.1627,11.3751
168,ε-greedy (ε=0.1),9.3280,7.1894,11.4142
169,ε-greedy (ε=0.1),9.3575,7.2138,11.4543
170,ε-greedy (ε=0.1),9.3875,7.2358,11.4918
171,ε-greedy (ε=0.1),9.4195,7.2656,11.5291
172,ε-greedy (ε=0.1),9.4505,7.2891,11.5656
173,ε-greedy (ε=0.1),9.4825,7.3249,11.6009
174,ε-greedy (ε=0.1),9.5160,7.3538,11.6445
175,ε-greedy (ε=0.1),9.5465,7.3897,11.6754
176,ε-greedy (ε=0.1),9.5750,7.4118,11.7144
177,ε-greedy (ε=0.1),9.6060,7.4383,11.7560
178,ε-greedy (ε=0.1),9.6360,7.4604,11.7903
179,ε-greedy (ε=0.1),9.6680,7.4821,11.8317
180,ε-greedy (ε=0.1),9.6980,7.5026,11.8680
181,ε-greedy (ε=0.1),9.7250,7.5223,11.9089
182,ε-greedy (ε=0.1),9.7585,7.5500,11.9504
183,ε-greedy (ε=0.1),9.7915,7.5764,11.9929
184,ε-greedy (ε=0.1),9.8240,7.6052,12.0296
185,ε-greedy (ε=0.1),9.8585,7.6407,12.0740
186,ε-greedy (ε=0.1),9.8860,7.6549,12.1125
187,ε-greedy (ε=0.1),9.9145,7.6748,12.1445
188,ε-greedy (ε=0.1),9.9430,7.6913,12.1768
189,ε-greedy (ε=0.1),9.9800,7.7170,12.2230
190,ε-greedy (ε=0.1),10.0105,7.7454,12.2598
191,ε-greedy (ε=0.1),10.0420,7.7763,12.2939
192,ε-greedy (ε=0.1),10.0685,7.7944,12.3315
193,ε-greedy (ε=0.1),10.0975,7.8247,12.3742
194,ε-greedy (ε=0.1),10.1255,7.8450,12.4146
195,ε-greedy (ε=0.1),10.1600,7.8754,12.4462
196,ε-greedy (ε=0.1),10.1850,7.8958,12.4710
197,ε-greedy (ε=0.1),10.2055,7.9192,12.4979
198,ε-greedy (ε=0.1),10.2370,7.9510,12.5401
199,ε-greedy (ε=0.1),10.2750,7.9771,12.5819
200,ε-greedy (ε=0.1),10.3000,7.9974,12.6051
201,ε-greedy (ε=0.1),10.3410,8.0361,12.6566
202,ε-greedy (ε=0.1),10.3725,8.0634,12.6862
203,ε-greedy (ε=0.1),10.3945,8.0816,12.7036
204,ε-greedy (ε=0.1),10.4235,8.1091,12.7336
205,ε-greedy (ε=0.1),10.4480,8.1385,12.7612
206,ε-greedy (ε=0.1),10.4695,8.1640,12.7979
207,ε-greedy (ε=0.1),10.4895,8.1836,12.8331
208,ε-greedy (ε=0.1),10.5210,8.2195,12.8774
209,ε-greedy (ε=0.1),10.5525,8.2555,12.9245
210,ε-greedy (ε=0.1),10.5830,8.2812,12.9659
211,ε-greedy (ε=0.1),10.6070,8.2978,13.0041
212,ε-greedy (ε=0.1),10.6335,8.3157,13.0418
213,ε-greedy (ε=0.1),10.6650,8.3468,13.0813
214,ε-greedy (ε=0.1),10.6935,8.3733,13.1100
215,ε-greedy (ε=0.1),10.7225,8.4076,13.1523
216,ε-greedy (ε=0.1),10.7420,8.4215,13.1748
217,ε-greedy (ε=0.1),10.7675,8.4440,13.2062
218,ε-greedy (ε=0.1),10.8000,8.4737,13.2456
219,ε-greedy (ε=0.1),10.8270,8.5012,13.2727
220,ε-greedy (ε=0.1),10.8475,8.5212,13.2928
221,ε-greedy (ε=0.1),10.8780,8.5458,13.3341
222,ε-greedy (ε=0.1),10.9035,8.5697,13.3512
223,ε-greedy (ε=0.1),10.9230,8.5828,13.3688
224,ε-greedy (ε=0.1),10.9400,8.6003,13.3892
225,ε-greedy (ε=0.1),10.9570,8.6222,13.4007
226,ε-greedy (ε=0.1),10.9705,8.6299,13.4235
227,ε-greedy (ε=0.1),10.9970,8.6526,13.4516
228,ε-greedy (ε=0.1),11.0215,8.6794,13.4753
229,ε-greedy (ε=0.1),11.0390,8.6841,13.4890
230,ε-greedy (ε=0.1),11.0595,8.6935,13.5023
231,ε-greedy (ε=0.1),11.0855,8.7187,13.5283
232,ε-greedy (ε=0.1),11.1115,8.7529,13.5569
233,ε-greedy (ε=0.1),11.1410,8.7664,13.5968
234,ε-greedy (ε=0.1),11.1650,8.7878,13.6270
235,ε-greedy (ε=0.1),11.1870,8.8145,13.6584
236,ε-greedy (ε=0.1),11.2065,8.8352,13.6842
237,ε-greedy (ε=0.1),11.2300,8.8520,13.7107
238,ε-greedy (ε=0.1),11.2430,8.8596,13.7296
239,ε-greedy (ε=0.1),11.2600,8.8675,13.7486
240,ε-greedy (ε=0.1),11.2805,8.8870,13.7697
241,ε-greedy (ε=0.1),11.3035,8.8979,13.8048
242,ε-greedy (ε=0.1),11.3320,8.9219,13.8373
243,ε-greedy (ε=0.1),11.3500,8.9432,13.8650
244,ε-greedy (ε=0.1),11.3655,8.9604,13.8837
245,ε-greedy (ε=0.1),11.3925,8.9848,13.9052
246,ε-greedy (ε=0.1),11.4160,8.9962,13.9287
247,ε-greedy (ε=0.1),11.4380,9.0149,13.9514
248,ε-greedy (ε=0.1),11.4715,9.0439,13.9951
249,ε-greedy (ε=0.1),11.4880,9.0562,14.0185
250,ε-greedy (ε=0.1),11.5080,9.0733,14.0490
251,ε-greedy (ε=0.1),11.5340,9.0966,14.0816
252,ε-greedy (ε=0.1),11.5565,9.1149,14.1140
253,ε-greedy (ε=0.1),11.5790,9.1390,14.1341
254,ε-greedy (ε=0.1),11.6045,9.1602,14.1597
255,ε-greedy (ε=0.1),11.6305,9.1790,14.1826
256,ε-greedy (ε=0.1),11.6640,9.2104,14.2217
257,ε-greedy (ε=0.1),11.6855,9.2323,14.2453
258,ε-greedy (ε=0.1),11.7180,9.2614,14.2861
259,ε-greedy (ε=0.1),11.7410,9.2795,14.3175
260,ε-greedy (ε=0.1),11.7555,9.2899,14.3408
261,ε-greedy (ε=0.1),11.7820,9.3064,14.3629
262,ε-greedy (ε=0.1),11.8050,9.3223,14.4055
263,ε-greedy (ε=0.1),11.8230,9.3344,14.4253
264,ε-greedy (ε=0.1),11.8315,9.3374,14.4399
265,ε-greedy (ε=0.1),11.8560,9.3534,14.4728
266,ε-greedy (ε=0.1),11.8780,9.3705,14.5041
267,ε-greedy (ε=0.1),11.9090,9.4062,14.5467
268,ε-greedy (ε=0.1),11.9340,9.4264,14.5805
269,ε-greedy (ε=0.1),11.9600,9.4537,14.6119
270,ε-greedy (ε=0.1),11.9755,9.4711,14.6408
271,ε-greedy (ε=0.1),12.0075,9.4999,14.6838
272,ε-greedy (ε=0.1),12.0235,9.5090,14.7042
273,ε-greedy (ε=0.1),12.0565,9.5429,14.7371
274,ε-greedy (ε=0.1),12.0750,9.5604,14.7555
275,ε-greedy (ε=0.1),12.0935,9.5740,14.7756
276,ε-greedy (ε=0.1),12.1115,9.5893,14.7936
277,ε-greedy (ε=0.1),12.1350,9.6118,14.8116
278,ε-greedy (ε=0.1),12.1635,9.6348,14.8445
279,ε-greedy (ε=0.1),12.1820,9.6488,14.8628
280,ε-greedy (ε=0.1),12.2085,9.6628,14.8852
281,ε-greedy (ε=0.1),12.2255,9.6782,14.9011
282,ε-greedy (ε=0.1),12.2470,9.6929,14.9306
283,ε-greedy (ε=0.1),12.2670,9.7044,14.9486
284,ε-greedy (ε=0.1),12.2910,9.7230,14.9781
285,ε-greedy (ε=0.1),12.3195,9.7450,15.0126
286,ε-greedy (ε=0.1),12.3410,9.7590,15.0376
287,ε-greedy (ε=0.1),12.3570,9.7759,15.0484
288,ε-greedy (ε=0.1),12.3855,9.8093,15.0799
289,ε-greedy (ε=0.1),12.4080,9.8335,15.1092
290,ε-greedy (ε=0.1),12.4310,9.8433,15.1349
291,ε-greedy (ε=0.1),12.4530,9.8685,15.1662
292,ε-greedy (ε=0.1),12.4785,9.8972,15.1977
293,ε-greedy (ε=0.1),12.5025,9.9162,15.2292
294,ε-greedy (ε=0.1),12.5230,9.9225,15.2538
295,ε-greedy (ε=0.1),12.5420,9.9335,15.2780
296,ε-greedy (ε=0.1),12.5575,9.9411,15.2986
297,ε-greedy (ε=0.1),12.5755,9.9546,15.3155
298,ε-greedy (ε=0.1),12.6020,9.9722,15.3455
299,ε-greedy (ε=0.1),12.6170,9.9895,15.3547
300,ε-greedy (ε=0.1),12.6350,10.0128,15.3775
301,ε-greedy (ε=0.1),12.6450,10.0168,15.3846
302,ε-greedy (ε=0.1),12.6620,10.0338,15.4048
303,ε-greedy (ε=0.1),12.6815,10.0595,15.4245
304,ε-greedy (ε=0.1),12.7045,10.0805,15.4533
305,ε-greedy (ε=0.1),12.7255,10.0993,15.4757
306,ε-greedy (ε=0.1),12.7395,10.1116,15.4936
307,ε-greedy (ε=0.1),12.7575,10.1271,15.5110
308,ε-greedy (ε=0.1),12.7730,10.1395,15.5269
309,ε-greedy (ε=0.1),12.7930,10.1556,15.5429
310,ε-greedy (ε=0.1),12.8220,10.1820,15.5676
311,ε-greedy (ε=0.1),12.8370,10.1939,15.5852
312,ε-greedy (ε=0.1),12.8575,10.2101,15.6186
313,ε-greedy (ε=0.1),12.8730,10.2265,15.6372
314,ε-greedy (ε=0.1),12.8970,10.2493,15.6598
315,ε-greedy (ε=0.1),12.9210,10.2704,15.6809
316,ε-greedy (ε=0.1),12.9420,10.2853,15.7141
317,ε-greedy (ε=0.1),12.9670,10.3066,15.7495
318,ε-greedy (ε=0.1),12.9945,10.3310,15.7904
319,ε-greedy (ε=0.1),13.0065,10.3357,15.8084
320,ε-greedy (ε=0.1),13.0285,10.3616,15.8310
321,ε-greedy (ε=0.1),13.0400,10.3639,15.8534
322,ε-greedy (ε=0.1),13.0565,10.3708,15.8891
323,ε-greedy (ε=0.1),13.0770,10.3810,15.9122
324,ε-greedy (ε=0.1),13.1025,10.3955,15.9345
325,ε-greedy (ε=0.1),13.1310,10.4266,15.9678
326,ε-greedy (ε=0.1),13.1530,10.4424,16.0036
327,ε-greedy (ε=0.1),13.1685,10.4553,16.0246
328,ε-greedy (ε=0.1),13.1870,10.4660,16.0471
329,ε-greedy (ε=0.1),13.2000,10.4760,16.0626
330,ε-greedy (ε=0.1),13.2185,10.4907,16.0856
331,ε-greedy (ε=0.1),13.2420,10.4980,16.1145
332,ε-greedy (ε=0.1),13.2650,10.5186,16.1401
333,ε-greedy (ε=0.1),13.2775,10.5295,16.1532
334,ε-greedy (ε=0.1),13.2945,10.5489,16.1655
335,ε-greedy (ε=0.1),13.3185,10.5723,16.1949
336,ε-greedy (ε=0.1),13.3285,10.5808,16.2069
337,ε-greedy (ε=0.1),13.3545,10.6121,16.2379
338,ε-greedy (ε=0.1),13.3805,10.6346,16.2703
339,ε-greedy (ε=0.1),13.3985,10.6463,16.2900
340,ε-greedy (ε=0.1),13.4230,10.6698,16.3260
341,ε-greedy (ε=0.1),13.4485,10.6968,16.3507
342,ε-greedy (ε=0.1),13.4575,10.7042,16.3613
343,ε-greedy (ε=0.1),13.4790,10.7145,16.3746
344,ε-greedy (ε=0.1),13.5045,10.7399,16.4050
345,ε-greedy (ε=0.1),13.5235,10.7491,16.4314
346,ε-greedy (ε=0.1),13.5400,10.7549,16.4558
347,ε-greedy (ε=0.1),13.5570,10.7650,16.4782
348,ε-greedy (ε=0.1),13.5785,10.7799,16.5073
349,ε-greedy (ε=0.1),13.6045,10.7979,16.5437
350,ε-greedy (ε=0.1),13.6275,10.8287,16.5693
351,ε-greedy (ε=0.1),13.6390,10.8376,16.5855
352,ε-greedy (ε=0.1),13.6575,10.8556,16.6101
353,ε-greedy (ε=0.1),13.6820,10.8766,16.6439
354,ε-greedy (ε=0.1),13.7050,10.8877,16.6778
355,ε-greedy (ε=0.1),13.7235,10.8994,16.7016
356,ε-greedy (ε=0.1),13.7455,10.9110,16.7250
357,ε-greedy (ε=0.1),13.7730,10.9369,16.7678
358,ε-greedy (ε=0.1),13.7960,10.9596,16.7993
359,ε-greedy (ε=0.1),13.8220,10.9820,16.8333
360,ε-greedy (ε=0.1),13.8550,11.0059,16.8750
361,ε-greedy (ε=0.1),13.8670,11.0165,16.8929
362,ε-greedy (ε=0.1),13.8785,11.0240,16.9129
363,ε-greedy (ε=0.1),13.8950,11.0409,16.9370
364,ε-greedy (ε=0.1),13.9130,11.0584,16.9586
365,ε-greedy (ε=0.1),13.9385,11.0855,16.9852
366,ε-greedy (ε=0.1),13.9545,11.1035,17.0114
367,ε-greedy (ε=0.1),13.9770,11.1249,17.0413
368,ε-greedy (ε=0.1),14.0015,11.1396,17.0784
369,ε-greedy (ε=0.1),14.0205,11.1483,17.1005
370,ε-greedy (ε=0.1),14.0390,11.1592,17.1304
371,ε-greedy (ε=0.1),14.0545,11.1674,17.1563
372,ε-greedy (ε=0.1),14.0780,11.1844,17.1868
373,ε-greedy (ε=0.1),14.0945,11.1975,17.2020
374,ε-greedy (ε=0.1),14.1205,11.2328,17.2300
375,ε-greedy (ε=0.1),14.1335,11.2501,17.2520
376,ε-greedy (ε=0.1),14.1625,11.2714,17.2821
377,ε-greedy (ε=0.1),14.1840,11.2860,17.3105
378,ε-greedy (ε=0.1),14.2140,11.3252,17.3439
379,ε-greedy (ε=0.1),14.2345,11.3441,17.3689
380,ε-greedy (ε=0.1),14.2485,11.3514,17.3826
381,ε-greedy (ε=0.1),14.2705,11.3650,17.4081
382,ε-greedy (ε=0.1),14.2970,11.3919,17.4452
383,ε-greedy (ε=0.1),14.3145,11.4029,17.4663
384,ε-greedy (ε=0.1),14.3285,11.4174,17.4825
385,ε-greedy (ε=0.1),14.3565,11.4488,17.5154
386,ε-greedy (ε=0.1),14.3765,11.4620,17.5455
387,ε-greedy (ε=0.1),14.3930,11.4724,17.5633
388,ε-greedy (ε=0.1),14.4150,11.4918,17.5900
389,ε-greedy (ε=0.1),14.4375,11.5060,17.6150
390,ε-greedy (ε=0.1),14.4580,11.5292,17.6509
391,ε-greedy (ε=0.1),14.4780,11.5502,17.6803
392,ε-greedy (ε=0.1),14.4985,11.5728,17.7123
393,ε-greedy (ε=0.1),14.5150,11.5914,17.7327
394,ε-greedy (ε=0.1),14.5375,11.6123,17.7597
395,ε-greedy (ε=0.1),14.5605,11.6324,17.7978
396,ε-greedy (ε=0.1),14.5735,11.6443,17.8157
397,ε-greedy (ε=0.1),14.5955,11.6564,17.8460
398,ε-greedy (ε=0.1),14.6135,11.6699,17.8787
399,ε-greedy (ε=0.1),14.6265,11.6822,17.9056
400,ε-greedy (ε=0.1),14.6475,11.6954,17.9366
401,ε-greedy (ε=0.1),14.6785,11.7229,17.9599
402,ε-greedy (ε=0.1),14.6970,11.7414,17.9946
403,ε-greedy (ε=0.1),14.7140,11.7518,18.0170
404,ε-greedy (ε=0.1),14.7305,11.7702,18.0443
405,ε-greedy (ε=0.1),14.7435,11.7840,18.0618
406,ε-greedy (ε=0.1),14.7655,11.8002,18.0943
407,ε-greedy (ε=0.1),14.7880,11.8215,18.1251
408,ε-greedy (ε=0.1),14.8095,11.8449,18.1433
409,ε-greedy (ε=0.1),14.8335,11.8624,18.1609
410,ε-greedy (ε=0.1),14.8500,11.8735,18.1790
411,ε-greedy (ε=0.1),14.8725,11.8924,18.2056
412,ε-greedy (ε=0.1),14.8895,11.9058,18.2214
413,ε-greedy (ε=0.1),14.9090,11.9257,18.2464
414,ε-greedy (ε=0.1),14.9235,11.9430,18.2580
415,ε-greedy (ε=0.1),14.9410,11.9612,18.2739
416,ε-greedy (ε=0.1),14.9600,11.9781,18.2966
417,ε-greedy (ε=0.1),14.9755,11.9928,18.3176
418,ε-greedy (ε=0.1),14.9885,12.0058,18.3263
419,ε-greedy (ε=0.1),15.0060,12.0153,18.3510
420,ε-greedy (ε=0.1),15.0215,12.0255,18.3660
421,ε-greedy (ε=0.1),15.0405,12.0428,18.3881
422,ε-greedy (ε=0.1),15.0675,12.0639,18.4366
423,ε-greedy (ε=0.1),15.0925,12.0861,18.4676
424,ε-greedy (ε=0.1),15.1080,12.0905,18.4873
425,ε-greedy (ε=0.1),15.1220,12.0993,18.5028
426,ε-greedy (ε=0.1),15.1400,12.1180,18.5266
427,ε-greedy (ε=0.1),15.1515,12.1278,18.5401
428,ε-greedy (ε=0.1),15.1670,12.1377,18.5616
429,ε-greedy (ε=0.1),15.1855,12.1600,18.5763
430,ε-greedy (ε=0.1),15.2160,12.1821,18.6032
431,ε-greedy (ε=0.1),15.2340,12.1946,18.6233
432,ε-greedy (ε=0.1),15.2560,12.2132,18.6576
433,ε-greedy (ε=0.1),15.2750,12.2289,18.6863
434,ε-greedy (ε=0.1),15.3035,12.2532,18.7227
435,ε-greedy (ε=0.1),15.3255,12.2646,18.7521
436,ε-greedy (ε=0.1),15.3415,12.2785,18.7753
437,ε-greedy (ε=0.1),15.3600,12.2969,18.8051
438,ε-greedy (ε=0.1),15.3815,12.3210,18.8330
439,ε-greedy (ε=0.1),15.4000,12.3349,18.8557
440,ε-greedy (ε=0.1),15.4210,12.3487,18.8852
441,ε-greedy (ε=0.1),15.4515,12.3884,18.9209
442,ε-greedy (ε=0.1),15.4715,12.4053,18.9437
443,ε-greedy (ε=0.1),15.4850,12.4133,18.9646
444,ε-greedy (ε=0.1),15.5030,12.4274,18.9945
445,ε-greedy (ε=0.1),15.5220,12.4388,19.0146
446,ε-greedy (ε=0.1),15.5350,12.4433,19.0350
447,ε-greedy (ε=0.1),15.5480,12.4581,19.0490
448,ε-greedy (ε=0.1),15.5740,12.4815,19.0781
449,ε-greedy (ε=0.1),15.6010,12.5081,19.1120
450,ε-greedy (ε=0.1),15.6225,12.5209,19.1382
451,ε-greedy (ε=0.1),15.6410,12.5369,19.1677
452,ε-greedy (ε=0.1),15.6595,12.5573,19.1971
453,ε-greedy (ε=0.1),15.6805,12.5810,19.2230
454,ε-greedy (ε=0.1),15.7025,12.6029,19.2487
455,ε-greedy (ε=0.1),15.7335,12.6426,19.2866
456,ε-greedy (ε=0.1),15.7505,12.6561,19.3096
457,ε-greedy (ε=0.1),15.7770,12.6656,19.3404
458,ε-greedy (ε=0.1),15.7975,12.6818,19.3661
459,ε-greedy (ε=0.1),15.8160,12.6966,19.3883
460,ε-greedy (ε=0.1),15.8370,12.7073,19.4125
461,ε-greedy (ε=0.1),15.8545,12.7272,19.4346
462,ε-greedy (ε=0.1),15.8700,12.7435,19.4547
463,ε-greedy (ε=0.1),15.8915,12.7605,19.4858
464,ε-greedy (ε=0.1),15.9110,12.7770,19.5074
465,ε-greedy (ε=0.1),15.9290,12.7911,19.5329
466,ε-greedy (ε=0.1),15.9495,12.7992,19.5555
467,ε-greedy (ε=0.1),15.9755,12.8249,19.5948
468,ε-greedy (ε=0.1),15.9905,12.8266,19.6259
469,ε-greedy (ε=0.1),16.0150,12.8450,19.6516
470,ε-greedy (ε=0.1),16.0355,12.8746,19.6738
471,ε-greedy (ε=0.1),16.0570,12.8858,19.7078
472,ε-greedy (ε=0.1),16.0760,12.9042,19.7313
473,ε-greedy (ε=0.1),16.0940,12.9168,19.7548
474,ε-greedy (ε=0.1),16.1130,12.9213,19.7896
475,ε-greedy (ε=0.1),16.1255,12.9269,19.8111
476,ε-greedy (ε=0.1),16.1375,12.9360,19.8321
477,ε-greedy (ε=0.1),16.1605,12.9549,19.8705
478,ε-greedy (ε=0.1),16.1750,12.9678,19.8929
479,ε-greedy (ε=0.1),16.1865,12.9749,19.9182
480,ε-greedy (ε=0.1),16.2130,12.9924,19.9550
481,ε-greedy (ε=0.1),16.2260,13.0033,19.9774
482,ε-greedy (ε=0.1),16.2425,13.0100,20.0098
483,ε-greedy (ε=0.1),16.2595,13.0163,20.0333
484,ε-greedy (ε=0.1),16.2785,13.0279,20.0580
485,ε-greedy (ε=0.1),16.2930,13.0389,20.0804
486,ε-greedy (ε=0.1),16.3055,13.0449,20.1001
487,ε-greedy (ε=0.1),16.3190,13.0540,20.1241
488,ε-greedy (ε=0.1),16.3410,13.0842,20.1615
489,ε-greedy (ε=0.1),16.3585,13.0967,20.1878
490,ε-greedy (ε=0.1),16.3885,13.1219,20.2234
491,ε-greedy (ε=0.1),16.4125,13.1375,20.2602
492,ε-greedy (ε=0.1),16.4405,13.1583,20.2907
493,ε-greedy (ε=0.1),16.4525,13.1688,20.3131
494,ε-greedy (ε=0.1),16.4720,13.1832,20.3481
495,ε-greedy (ε=0.1),16.4795,13.1847,20.3675
496,ε-greedy (ε=0.1),16.5000,13.2006,20.3862
497,ε-greedy (ε=0.1),16.5185,13.2145,20.4215
498,ε-greedy (ε=0.1),16.5390,13.2377,20.4452
499,ε-greedy (ε=0.1),16.5590,13.2632,20.4662
500,ε-greedy (ε=0.1),16.5760,13.2732,20.4966
1,ε-greedy (ε=0.2),0.2500,0.2500,0.2500
2,ε-greedy (ε=0.2),0.4000,0.4000,0.4000
3,ε-greedy (ε=0.2),0.4000,0.4000,0.4000
4,ε-greedy (ε=0.2),0.5435,0.5225,0.5635
5,ε-greedy (ε=0.2),0.6570,0.6225,0.6895
6,ε-greedy (ε=0.2),0.7595,0.7110,0.8060
7,ε-greedy (ε=0.2),0.8465,0.7845,0.9105
8,ε-greedy (ε=0.2),0.9520,0.8750,1.0310
9,ε-greedy (ε=0.2),1.0500,0.9600,1.1415
10,ε-greedy (ε=0.2),1.1560,1.0504,1.2641
11,ε-greedy (ε=0.2),1.2575,1.1310,1.3805
12,ε-greedy (ε=0.2),1.3565,1.2165,1.4941
13,ε-greedy (ε=0.2),1.4465,1.2919,1.5975
14,ε-greedy (ε=0.2),1.5350,1.3675,1.6990
15,ε-greedy (ε=0.2),1.6385,1.4620,1.8110
16,ε-greedy (ε=0.2),1.7170,1.5345,1.8991
17,ε-greedy (ε=0.2),1.7965,1.6034,1.9881
18,ε-greedy (ε=0.2),1.8860,1.6820,2.0885
19,ε-greedy (ε=0.2),1.9725,1.7565,2.1836
20,ε-greedy (ε=0.2),2.0560,1.8140,2.2801
21,ε-greedy (ε=0.2),2.1370,1.8794,2.3715
22,ε-greedy (ε=0.2),2.2265,1.9564,2.4730
23,ε-greedy (ε=0.2),2.3135,2.0309,2.5650
24,ε-greedy (ε=0.2),2.3955,2.0965,2.6560
25,ε-greedy (ε=0.2),2.4835,2.1782,2.7590
26,ε-greedy (ε=0.2),2.5445,2.2205,2.8320
27,ε-greedy (ε=0.2),2.6160,2.2872,2.9105
28,ε-greedy (ε=0.2),2.6845,2.3463,2.9900
29,ε-greedy (ε=0.2),2.7655,2.4140,3.0810
30,ε-greedy (ε=0.2),2.8335,2.4718,3.1610
31,ε-greedy (ε=0.2),2.9075,2.5354,3.2476
32,ε-greedy (ε=0.2),2.9730,2.5940,3.3211
33,ε-greedy (ε=0.2),3.0295,2.6483,3.3871
34,ε-greedy (ε=0.2),3.0875,2.6944,3.4586
35,ε-greedy (ε=0.2),3.1610,2.7554,3.5436
36,ε-greedy (ε=0.2),3.2295,2.8054,3.6282
37,ε-greedy (ε=0.2),3.3005,2.8694,3.7090
38,ε-greedy (ε=0.2),3.3650,2.9215,3.7890
39,ε-greedy (ε=0.2),3.4310,2.9765,3.8600
40,ε-greedy (ε=0.2),3.5045,3.0380,3.9396
41,ε-greedy (ε=0.2),3.5730,3.0930,4.0172
42,ε-greedy (ε=0.2),3.6230,3.1339,4.0725
43,ε-greedy (ε=0.2),3.6770,3.1765,4.1485
44,ε-greedy (ε=0.2),3.7300,3.2185,4.2167
45,ε-greedy (ε=0.2),3.7905,3.2655,4.2956
46,ε-greedy (ε=0.2),3.8475,3.3234,4.3570
47,ε-greedy (ε=0.2),3.9005,3.3713,4.4150
48,ε-greedy (ε=0.2),3.9605,3.4252,4.4827
49,ε-greedy (ε=0.2),4.0105,3.4723,4.5314
50,ε-greedy (ε=0.2),4.0660,3.5193,4.5889
51,ε-greedy (ε=0.2),4.1285,3.5785,4.6636
52,ε-greedy (ε=0.2),4.1850,3.6209,4.7336
53,ε-greedy (ε=0.2),4.2465,3.6720,4.8111
54,ε-greedy (ε=0.2),4.3060,3.7296,4.8796
55,ε-greedy (ε=0.2),4.3725,3.7804,4.9531
56,ε-greedy (ε=0.2),4.4205,3.8244,5.0082
57,ε-greedy (ε=0.2),4.4670,3.8620,5.0550
58,ε-greedy (ε=0.2),4.5120,3.9089,5.1116
59,ε-greedy (ε=0.2),4.5710,3.9568,5.1854
60,ε-greedy (ε=0.2),4.6240,3.9975,5.2520
61,ε-greedy (ε=0.2),4.6855,4.0766,5.3232
62,ε-greedy (ε=0.2),4.7430,4.1237,5.3915
63,ε-greedy (ε=0.2),4.7960,4.1732,5.4503
64,ε-greedy (ε=0.2),4.8440,4.2105,5.5241
65,ε-greedy (ε=0.2),4.8890,4.2537,5.5691
66,ε-greedy (ε=0.2),4.9430,4.3098,5.6268
67,ε-greedy (ε=0.2),4.9970,4.3542,5.6847
68,ε-greedy (ε=0.2),5.0625,4.4060,5.7532
69,ε-greedy (ε=0.2),5.1085,4.4440,5.8076
70,ε-greedy (ε=0.2),5.1610,4.4998,5.8636
71,ε-greedy (ε=0.2),5.2150,4.5430,5.9326
72,ε-greedy (ε=0.2),5.2700,4.5900,5.9982
73,ε-greedy (ε=0.2),5.3225,4.6385,6.0588
74,ε-greedy (ε=0.2),5.3760,4.6844,6.1212
75,ε-greedy (ε=0.2),5.4295,4.7305,6.1863
76,ε-greedy (ε=0.2),5.4785,4.7709,6.2435
77,ε-greedy (ε=0.2),5.5360,4.8155,6.3202
78,ε-greedy (ε=0.2),5.5750,4.8450,6.3761
79,ε-greedy (ε=0.2),5.6400,4.9034,6.4432
80,ε-greedy (ε=0.2),5.6920,4.9484,6.5067
81,ε-greedy (ε=0.2),5.7430,4.9905,6.5715
82,ε-greedy (ε=0.2),5.7940,5.0390,6.6251
83,ε-greedy (ε=0.2),5.8565,5.0974,6.6951
84,ε-greedy (ε=0.2),5.9205,5.1504,6.7622
85,ε-greedy (ε=0.2),5.9740,5.1943,6.8247
86,ε-greedy (ε=0.2),6.0355,5.2463,6.8922
87,ε-greedy (ε=0.2),6.0935,5.3024,6.9612
88,ε-greedy (ε=0.2),6.1525,5.3524,7.0316
89,ε-greedy (ε=0.2),6.2055,5.4003,7.0915
90,ε-greedy (ε=0.2),6.2625,5.4459,7.1542
91,ε-greedy (ε=0.2),6.3160,5.4949,7.2200
92,ε-greedy (ε=0.2),6.3735,5.5389,7.2881
93,ε-greedy (ε=0.2),6.4295,5.5849,7.3500
94,ε-greedy (ε=0.2),6.4760,5.6238,7.4005
95,ε-greedy (ε=0.2),6.5245,5.6649,7.4621
96,ε-greedy (ε=0.2),6.5690,5.6930,7.5191
97,ε-greedy (ε=0.2),6.6125,5.7280,7.5747
98,ε-greedy (ε=0.2),6.6595,5.7639,7.6359
99,ε-greedy (ε=0.2),6.7070,5.8019,7.6998
100,ε-greedy (ε=0.2),6.7585,5.8488,7.7597
101,ε-greedy (ε=0.2),6.8155,5.8965,7.8329
102,ε-greedy (ε=0.2),6.8550,5.9270,7.8956
103,ε-greedy (ε=0.2),6.9185,5.9832,7.9626
104,ε-greedy (ε=0.2),6.9730,6.0254,8.0217
105,ε-greedy (ε=0.2),7.0215,6.0660,8.0772
106,ε-greedy (ε=0.2),7.0730,6.1035,8.1377
107,ε-greedy (ε=0.2),7.1250,6.1565,8.1946
108,ε-greedy (ε=0.2),7.1695,6.2000,8.2457
109,ε-greedy (ε=0.2),7.2165,6.2399,8.2985
110,ε-greedy (ε=0.2),7.2615,6.2749,8.3527
111,ε-greedy (ε=0.2),7.3105,6.3140,8.4058
112,ε-greedy (ε=0.2),7.3710,6.3714,8.4761
113,ε-greedy (ε=0.2),7.4080,6.4034,8.5195
114,ε-greedy (ε=0.2),7.4465,6.4370,8.5490
115,ε-greedy (ε=0.2),7.4945,6.4709,8.6022
116,ε-greedy (ε=0.2),7.5405,6.5146,8.6583
117,ε-greedy (ε=0.2),7.5855,6.5449,8.7151
118,ε-greedy (ε=0.2),7.6475,6.6019,8.7873
119,ε-greedy (ε=0.2),7.6835,6.6310,8.8337
120,ε-greedy (ε=0.2),7.7180,6.6545,8.8772
121,ε-greedy (ε=0.2),7.7535,6.6795,8.9194
122,ε-greedy (ε=0.2),7.7980,6.7180,8.9695
123,ε-greedy (ε=0.2),7.8470,6.7649,9.0259
124,ε-greedy (ε=0.2),7.8865,6.7929,9.0817
125,ε-greedy (ε=0.2),7.9195,6.8175,9.1316
126,ε-greedy (ε=0.2),7.9650,6.8535,9.1936
127,ε-greedy (ε=0.2),8.0050,6.8830,9.2461
128,ε-greedy (ε=0.2),8.0530,6.9210,9.2940
129,ε-greedy (ε=0.2),8.0945,6.9578,9.3440
130,ε-greedy (ε=0.2),8.1470,7.0128,9.4165
131,ε-greedy (ε=0.2),8.1820,7.0338,9.4655
132,ε-greedy (ε=0.2),8.2285,7.0850,9.5066
133,ε-greedy (ε=0.2),8.2755,7.1281,9.5616
134,ε-greedy (ε=0.2),8.3265,7.1721,9.6042
135,ε-greedy (ε=0.2),8.3800,7.2134,9.6576
136,ε-greedy (ε=0.2),8.4325,7.2638,9.7125
137,ε-greedy (ε=0.2),8.4645,7.2982,9.7534
138,ε-greedy (ε=0.2),8.5000,7.3283,9.8050
139,ε-greedy (ε=0.2),8.5480,7.3867,9.8517
140,ε-greedy (ε=0.2),8.6020,7.4342,9.9160
141,ε-greedy (ε=0.2),8.6505,7.4790,9.9685
142,ε-greedy (ε=0.2),8.6875,7.5107,10.0061
143,ε-greedy (ε=0.2),8.7310,7.5558,10.0553
144,ε-greedy (ε=0.2),8.7685,7.5951,10.0967
145,ε-greedy (ε=0.2),8.8100,7.6209,10.1460
146,ε-greedy (ε=0.2),8.8525,7.6543,10.1905
147,ε-greedy (ε=0.2),8.8865,7.6855,10.2242
148,ε-greedy (ε=0.2),8.9135,7.7123,10.2586
149,ε-greedy (ε=0.2),8.9475,7.7353,10.2995
150,ε-greedy (ε=0.2),8.9945,7.7817,10.3541
151,ε-greedy (ε=0.2),9.0310,7.8102,10.3907
152,ε-greedy (ε=0.2),9.0655,7.8476,10.4274
153,ε-greedy (ε=0.2),9.1075,7.8790,10.4855
154,ε-greedy (ε=0.2),9.1450,7.9174,10.5330
155,ε-greedy (ε=0.2),9.1765,7.9344,10.5727
156,ε-greedy (ε=0.2),9.2100,7.9629,10.6134
157,ε-greedy (ε=0.2),9.2465,7.9943,10.6574
158,ε-greedy (ε=0.2),9.2950,8.0367,10.7115
159,ε-greedy (ε=0.2),9.3240,8.0637,10.7457
160,ε-greedy (ε=0.2),9.3545,8.0859,10.7919
161,ε-greedy (ε=0.2),9.3845,8.1025,10.8253
162,ε-greedy (ε=0.2),9.4230,8.1450,10.8755
163,ε-greedy (ε=0.2),9.4660,8.2033,10.9241
164,ε-greedy (ε=0.2),9.5055,8.2433,10.9599
165,ε-greedy (ε=0.2),9.5365,8.2785,10.9881
166,ε-greedy (ε=0.2),9.5725,8.3253,11.0248
167,ε-greedy (ε=0.2),9.6045,8.3490,11.0667
168,ε-greedy (ε=0.2),9.6525,8.3767,11.1256
169,ε-greedy (ε=0.2),9.6830,8.4018,11.1657
170,ε-greedy (ε=0.2),9.7140,8.4294,11.2120
171,ε-greedy (ε=0.2),9.7560,8.4702,11.2630
172,ε-greedy (ε=0.2),9.8000,8.5028,11.3205
173,ε-greedy (ε=0.2),9.8455,8.5475,11.3671
174,ε-greedy (ε=0.2),9.8840,8.5716,11.4057
175,ε-greedy (ε=0.2),9.9290,8.6135,11.4571
176,ε-greedy (ε=0.2),9.9585,8.6513,11.4941
177,ε-greedy (ε=0.2),9.9985,8.6834,11.5393
178,ε-greedy (ε=0.2),10.0355,8.7179,11.5817
179,ε-greedy (ε=0.2),10.0640,8.7369,11.6182
180,ε-greedy (ε=0.2),10.1065,8.7725,11.6707
181,ε-greedy (ε=0.2),10.1415,8.8022,11.7030
182,ε-greedy (ε=0.2),10.1745,8.8253,11.7414
183,ε-greedy (ε=0.2),10.2275,8.8674,11.8145
184,ε-greedy (ε=0.2),10.2515,8.8849,11.8366
185,ε-greedy (ε=0.2),10.2900,8.9244,11.8877
186,ε-greedy (ε=0.2),10.3260,8.9598,11.9341
187,ε-greedy (ε=0.2),10.3575,8.9903,11.9722
188,ε-greedy (ε=0.2),10.3805,9.0138,11.9992
189,ε-greedy (ε=0.2),10.4250,9.0539,12.0406
190,ε-greedy (ε=0.2),10.4575,9.0839,12.0816
191,ε-greedy (ε=0.2),10.4830,9.1024,12.1067
192,ε-greedy (ε=0.2),10.5175,9.1258,12.1520
193,ε-greedy (ε=0.2),10.5560,9.1560,12.1926
194,ε-greedy (ε=0.2),10.5865,9.1814,12.2238
195,ε-greedy (ε=0.2),10.6230,9.2161,12.2707
196,ε-greedy (ε=0.2),10.6515,9.2339,12.2905
197,ε-greedy (ε=0.2),10.6875,9.2620,12.3257
198,ε-greedy (ε=0.2),10.7240,9.2988,12.3739
199,ε-greedy (ε=0.2),10.7590,9.3289,12.4228
200,ε-greedy (ε=0.2),10.7910,9.3580,12.4706
201,ε-greedy (ε=0.2),10.8270,9.3849,12.5131
202,ε-greedy (ε=0.2),10.8675,9.4204,12.5533
203,ε-greedy (ε=0.2),10.8925,9.4546,12.5839
204,ε-greedy (ε=0.2),10.9270,9.4939,12.6253
205,ε-greedy (ε=0.2),10.9485,9.5109,12.6453
206,ε-greedy (ε=0.2),10.9895,9.5494,12.6966
207,ε-greedy (ε=0.2),11.0315,9.5800,12.7411
208,ε-greedy (ε=0.2),11.0635,9.6160,12.7787
209,ε-greedy (ε=0.2),11.0895,9.6399,12.8067
210,ε-greedy (ε=0.2),11.1235,9.6697,12.8421
211,ε-greedy (ε=0.2),11.1665,9.7049,12.8942
212,ε-greedy (ε=0.2),11.1990,9.7407,12.9327
213,ε-greedy (ε=0.2),11.2275,9.7583,12.9624
214,ε-greedy (ε=0.2),11.2685,9.7978,13.0105
215,ε-greedy (ε=0.2),11.3055,9.8348,13.0487
216,ε-greedy (ε=0.2),11.3370,9.8671,13.0891
217,ε-greedy (ε=0.2),11.3675,9.8990,13.1270
218,ε-greedy (ε=0.2),11.4090,9.9320,13.1809
219,ε-greedy (ε=0.2),11.4470,9.9753,13.2371
220,ε-greedy (ε=0.2),11.4745,9.9956,13.2771
221,ε-greedy (ε=0.2),11.5030,10.0165,13.3111
222,ε-greedy (ε=0.2),11.5385,10.0497,13.3507
223,ε-greedy (ε=0.2),11.5665,10.0824,13.3820
224,ε-greedy (ε=0.2),11.5925,10.1003,13.4167
225,ε-greedy (ε=0.2),11.6300,10.1311,13.4530
226,ε-greedy (ε=0.2),11.6725,10.1638,13.4977
227,ε-greedy (ε=0.2),11.7200,10.2103,13.5344
228,ε-greedy (ε=0.2),11.7580,10.2460,13.5694
229,ε-greedy (ε=0.2),11.7885,10.2850,13.6056
230,ε-greedy (ε=0.2),11.8170,10.3138,13.6298
231,ε-greedy (ε=0.2),11.8700,10.3561,13.6938
232,ε-greedy (ε=0.2),11.8945,10.3718,13.7195
233,ε-greedy (ε=0.2),11.9295,10.4000,13.7530
234,ε-greedy (ε=0.2),11.9665,10.4410,13.8012
235,ε-greedy (ε=0.2),11.9960,10.4673,13.8385
236,ε-greedy (ε=0.2),12.0365,10.5185,13.8858
237,ε-greedy (ε=0.2),12.0720,10.5486,13.9108
238,ε-greedy (ε=0.2),12.0945,10.5694,13.9347
239,ε-greedy (ε=0.2),12.1140,10.5868,13.9491
240,ε-greedy (ε=0.2),12.1560,10.6391,13.9962
241,ε-greedy (ε=0.2),12.1935,10.6693,14.0378
242,ε-greedy (ε=0.2),12.2285,10.6973,14.0772
243,ε-greedy (ε=0.2),12.2720,10.7419,14.1171
244,ε-greedy (ε=0.2),12.3045,10.7720,14.1617
245,ε-greedy (ε=0.2),12.3380,10.8034,14.1940
246,ε-greedy (ε=0.2),12.3710,10.8334,14.2236
247,ε-greedy (ε=0.2),12.4055,10.8703,14.2600
248,ε-greedy (ε=0.2),12.4470,10.9009,14.3130
249,ε-greedy (ε=0.2),12.4850,10.9418,14.3490
250,ε-greedy (ε=0.2),12.5300,10.9784,14.3898
251,ε-greedy (ε=0.2),12.5695,11.0159,14.4230
252,ε-greedy (ε=0.2),12.6055,11.0454,14.4698
253,ε-greedy (ε=0.2),12.6315,11.0659,14.5028
254,ε-greedy (ε=0.2),12.6550,11.0815,14.5246
255,ε-greedy (ε=0.2),12.6950,11.1170,14.5618
256,ε-greedy (ε=0.2),12.7270,11.1425,14.6026
257,ε-greedy (ε=0.2),12.7645,11.1808,14.6421
258,ε-greedy (ε=0.2),12.7980,11.2148,14.6835
259,ε-greedy (ε=0.2),12.8340,11.2395,14.7253
260,ε-greedy (ε=0.2),12.8695,11.2624,14.7722
261,ε-greedy (ε=0.2),12.9010,11.2835,14.8063
262,ε-greedy (ε=0.2),12.9225,11.3009,14.8205
263,ε-greedy (ε=0.2),12.9585,11.3353,14.8637
264,ε-greedy (ε=0.2),12.9935,11.3709,14.8983
265,ε-greedy (ε=0.2),13.0250,11.3958,14.9417
266,ε-greedy (ε=0.2),13.0735,11.4497,14.9860
267,ε-greedy (ε=0.2),13.1020,11.4714,15.0285
268,ε-greedy (ε=0.2),13.1470,11.5000,15.0725
269,ε-greedy (ε=0.2),13.1800,11.5312,15.1148
270,ε-greedy (ε=0.2),13.2075,11.5494,15.1462
271,ε-greedy (ε=0.2),13.2530,11.5939,15.2053
272,ε-greedy (ε=0.2),13.2820,11.6183,15.2395
273,ε-greedy (ε=0.2),13.3035,11.6385,15.2655
274,ε-greedy (ε=0.2),13.3450,11.6695,15.3203
275,ε-greedy (ε=0.2),13.3700,11.6954,15.3568
276,ε-greedy (ε=0.2),13.4150,11.7384,15.4151
277,ε-greedy (ε=0.2),13.4505,11.7735,15.4573
278,ε-greedy (ε=0.2),13.4840,11.8009,15.4953
279,ε-greedy (ε=0.2),13.5200,11.8313,15.5446
280,ε-greedy (ε=0.2),13.5530,11.8604,15.5823
281,ε-greedy (ε=0.2),13.5910,11.9012,15.6210
282,ε-greedy (ε=0.2),13.6185,11.9268,15.6543
283,ε-greedy (ε=0.2),13.6430,11.9398,15.6883
284,ε-greedy (ε=0.2),13.6860,11.9792,15.7364
285,ε-greedy (ε=0.2),13.7130,12.0024,15.7719
286,ε-greedy (ε=0.2),13.7510,12.0325,15.8193
287,ε-greedy (ε=0.2),13.7925,12.0725,15.8644
288,ε-greedy (ε=0.2),13.8140,12.0959,15.8977
289,ε-greedy (ε=0.2),13.8565,12.1403,15.9528
290,ε-greedy (ε=0.2),13.9005,12.1930,16.0030
291,ε-greedy (ε=0.2),13.9195,12.2124,16.0376
292,ε-greedy (ε=0.2),13.9600,12.2582,16.0834
293,ε-greedy (ε=0.2),13.9815,12.2829,16.1166
294,ε-greedy (ε=0.2),14.0110,12.3055,16.1546
295,ε-greedy (ε=0.2),14.0385,12.3299,16.1894
296,ε-greedy (ε=0.2),14.0725,12.3713,16.2331
297,ε-greedy (ε=0.2),14.1010,12.3996,16.2797
298,ε-greedy (ε=0.2),14.1310,12.4246,16.3092
299,ε-greedy (ε=0.2),14.1745,12.4594,16.3690
300,ε-greedy (ε=0.2),14.2060,12.4762,16.4108
301,ε-greedy (ε=0.2),14.2385,12.5186,16.4408
302,ε-greedy (ε=0.2),14.2675,12.5495,16.4790
303,ε-greedy (ε=0.2),14.2985,12.5719,16.5145
304,ε-greedy (ε=0.2),14.3370,12.6030,16.5566
305,ε-greedy (ε=0.2),14.3650,12.6353,16.5936
306,ε-greedy (ε=0.2),14.3990,12.6609,16.6277
307,ε-greedy (ε=0.2),14.4330,12.7006,16.6578
308,ε-greedy (ε=0.2),14.4695,12.7356,16.7036
309,ε-greedy (ε=0.2),14.4985,12.7540,16.7283
310,ε-greedy (ε=0.2),14.5420,12.7894,16.7721
311,ε-greedy (ε=0.2),14.5775,12.8131,16.8105
312,ε-greedy (ε=0.2),14.6090,12.8586,16.8380
313,ε-greedy (ε=0.2),14.6335,12.8742,16.8620
314,ε-greedy (ε=0.2),14.6665,12.9087,16.8950
315,ε-greedy (ε=0.2),14.7050,12.9436,16.9410
316,ε-greedy (ε=0.2),14.7350,12.9675,16.9733
317,ε-greedy (ε=0.2),14.7635,12.9875,17.0036
318,ε-greedy (ε=0.2),14.7925,13.0042,17.0440
319,ε-greedy (ε=0.2),14.8165,13.0184,17.0787
320,ε-greedy (ε=0.2),14.8425,13.0442,17.1037
321,ε-greedy (ε=0.2),14.8680,13.0700,17.1380
322,ε-greedy (ε=0.2),14.9000,13.0935,17.1860
323,ε-greedy (ε=0.2),14.9205,13.1135,17.2071
324,ε-greedy (ε=0.2),14.9545,13.1562,17.2455
325,ε-greedy (ε=0.2),14.9840,13.1890,17.2746
326,ε-greedy (ε=0.2),15.0175,13.2296,17.3125
327,ε-greedy (ε=0.2),15.0515,13.2487,17.3462
328,ε-greedy (ε=0.2),15.0810,13.2708,17.3896
329,ε-greedy (ε=0.2),15.1130,13.3047,17.4215
330,ε-greedy (ε=0.2),15.1550,13.3451,17.4756
331,ε-greedy (ε=0.2),15.1870,13.3755,17.5093
332,ε-greedy (ε=0.2),15.2025,13.3874,17.5200
333,ε-greedy (ε=0.2),15.2385,13.4152,17.5593
334,ε-greedy (ε=0.2),15.2735,13.4458,17.5936
335,ε-greedy (ε=0.2),15.3060,13.4781,17.6325
336,ε-greedy (ε=0.2),15.3315,13.4960,17.6685
337,ε-greedy (ε=0.2),15.3730,13.5404,17.7188
338,ε-greedy (ε=0.2),15.4115,13.5778,17.7567
339,ε-greedy (ε=0.2),15.4335,13.5949,17.7859
340,ε-greedy (ε=0.2),15.4670,13.6252,17.8308
341,ε-greedy (ε=0.2),15.5065,13.6544,17.8754
342,ε-greedy (ε=0.2),15.5285,13.6794,17.9014
343,ε-greedy (ε=0.2),15.5730,13.7199,17.9533
344,ε-greedy (ε=0.2),15.6115,13.7644,18.0047
345,ε-greedy (ε=0.2),15.6440,13.7884,18.0455
346,ε-greedy (ε=0.2),15.6785,13.8249,18.0876
347,ε-greedy (ε=0.2),15.7235,13.8618,18.1408
348,ε-greedy (ε=0.2),15.7480,13.8720,18.1720
349,ε-greedy (ε=0.2),15.7720,13.8996,18.1946
350,ε-greedy (ε=0.2),15.7955,13.9144,18.2168
351,ε-greedy (ε=0.2),15.8165,13.9314,18.2315
352,ε-greedy (ε=0.2),15.8420,13.9695,18.2594
353,ε-greedy (ε=0.2),15.8650,13.9910,18.2915
354,ε-greedy (ε=0.2),15.9025,14.0300,18.3255
355,ε-greedy (ε=0.2),15.9330,14.0556,18.3546
356,ε-greedy (ε=0.2),15.9535,14.0649,18.3683
357,ε-greedy (ε=0.2),15.9840,14.0919,18.3996
358,ε-greedy (ε=0.2),16.0190,14.1263,18.4470
359,ε-greedy (ε=0.2),16.0415,14.1511,18.4662
360,ε-greedy (ε=0.2),16.0710,14.1905,18.4899
361,ε-greedy (ε=0.2),16.0955,14.2111,18.5166
362,ε-greedy (ε=0.2),16.1335,14.2383,18.5471
363,ε-greedy (ε=0.2),16.1745,14.2738,18.5798
364,ε-greedy (ε=0.2),16.2050,14.3022,18.6077
365,ε-greedy (ε=0.2),16.2395,14.3354,18.6472
366,ε-greedy (ε=0.2),16.2595,14.3490,18.6643
367,ε-greedy (ε=0.2),16.3035,14.3915,18.7048
368,ε-greedy (ε=0.2),16.3275,14.4155,18.7399
369,ε-greedy (ε=0.2),16.3520,14.4394,18.7636
370,ε-greedy (ε=0.2),16.3710,14.4510,18.7836
371,ε-greedy (ε=0.2),16.4100,14.4897,18.8262
372,ε-greedy (ε=0.2),16.4405,14.5159,18.8587
373,ε-greedy (ε=0.2),16.4690,14.5429,18.8878
374,ε-greedy (ε=0.2),16.5040,14.5765,18.9194
375,ε-greedy (ε=0.2),16.5295,14.6028,18.9486
376,ε-greedy (ε=0.2),16.5710,14.6435,18.9874
377,ε-greedy (ε=0.2),16.5990,14.6729,19.0193
378,ε-greedy (ε=0.2),16.6435,14.7109,19.0677
379,ε-greedy (ε=0.2),16.6765,14.7423,19.0989
380,ε-greedy (ε=0.2),16.6925,14.7720,19.1142
381,ε-greedy (ε=0.2),16.7130,14.7855,19.1371
382,ε-greedy (ε=0.2),16.7510,14.8196,19.1831
383,ε-greedy (ε=0.2),16.7895,14.8545,19.2197
384,ε-greedy (ε=0.2),16.8225,14.8900,19.2516
385,ε-greedy (ε=0.2),16.8510,14.9164,19.2762
386,ε-greedy (ε=0.2),16.8780,14.9427,19.3025
387,ε-greedy (ε=0.2),16.8955,14.9596,19.3206
388,ε-greedy (ε=0.2),16.9250,14.9870,19.3482
389,ε-greedy (ε=0.2),16.9480,15.0139,19.3690
390,ε-greedy (ε=0.2),16.9615,15.0224,19.3943
391,ε-greedy (ε=0.2),16.9880,15.0475,19.4251
392,ε-greedy (ε=0.2),17.0120,15.0691,19.4471
393,ε-greedy (ε=0.2),17.0370,15.0942,19.4707
394,ε-greedy (ε=0.2),17.0750,15.1311,19.5097
395,ε-greedy (ε=0.2),17.0930,15.1452,19.5326
396,ε-greedy (ε=0.2),17.1185,15.1672,19.5645
397,ε-greedy (ε=0.2),17.1375,15.1896,19.5823
398,ε-greedy (ε=0.2),17.1715,15.2232,19.6237
399,ε-greedy (ε=0.2),17.1880,15.2357,19.6430
400,ε-greedy (ε=0.2),17.2125,15.2622,19.6592
401,ε-greedy (ε=0.2),17.2370,15.2875,19.6855
402,ε-greedy (ε=0.2),17.2630,15.3053,19.7236
403,ε-greedy (ε=0.2),17.2785,15.3130,19.7460
404,ε-greedy (ε=0.2),17.3130,15.3524,19.7703
405,ε-greedy (ε=0.2),17.3355,15.3743,19.7995
406,ε-greedy (ε=0.2),17.3530,15.3990,19.8183
407,ε-greedy (ε=0.2),17.3740,15.4167,19.8290
408,ε-greedy (ε=0.2),17.4055,15.4584,19.8639
409,ε-greedy (ε=0.2),17.4305,15.4787,19.8918
410,ε-greedy (ε=0.2),17.4605,15.5045,19.9221
411,ε-greedy (ε=0.2),17.4930,15.5389,19.9485
412,ε-greedy (ε=0.2),17.5120,15.5582,19.9799
413,ε-greedy (ε=0.2),17.5325,15.5813,20.0057
414,ε-greedy (ε=0.2),17.5690,15.6056,20.0397
415,ε-greedy (ε=0.2),17.5920,15.6223,20.0621
416,ε-greedy (ε=0.2),17.6240,15.6528,20.0912
417,ε-greedy (ε=0.2),17.6485,15.6827,20.1169
418,ε-greedy (ε=0.2),17.6790,15.7118,20.1490
419,ε-greedy (ε=0.2),17.7060,15.7380,20.1825
420,ε-greedy (ε=0.2),17.7250,15.7540,20.2040
421,ε-greedy (ε=0.2),17.7480,15.7822,20.2302
422,ε-greedy (ε=0.2),17.7720,15.8104,20.2645
423,ε-greedy (ε=0.2),17.7905,15.8264,20.2885
424,ε-greedy (ε=0.2),17.8090,15.8385,20.3120
425,ε-greedy (ε=0.2),17.8520,15.8805,20.3505
426,ε-greedy (ε=0.2),17.8820,15.9145,20.3788
427,ε-greedy (ε=0.2),17.9150,15.9475,20.4141
428,ε-greedy (ε=0.2),17.9345,15.9694,20.4257
429,ε-greedy (ε=0.2),17.9605,15.9950,20.4419
430,ε-greedy (ε=0.2),17.9830,16.0203,20.4637
431,ε-greedy (ε=0.2),18.0180,16.0529,20.5005
432,ε-greedy (ε=0.2),18.0435,16.0818,20.5261
433,ε-greedy (ε=0.2),18.0575,16.0943,20.5382
434,ε-greedy (ε=0.2),18.0735,16.1103,20.5566
435,ε-greedy (ε=0.2),18.0940,16.1205,20.5759
436,ε-greedy (ε=0.2),18.1150,16.1553,20.5956
437,ε-greedy (ε=0.2),18.1440,16.1779,20.6257
438,ε-greedy (ε=0.2),18.1675,16.1955,20.6529
439,ε-greedy (ε=0.2),18.1950,16.2219,20.6801
440,ε-greedy (ε=0.2),18.2305,16.2460,20.7117
441,ε-greedy (ε=0.2),18.2745,16.2878,20.7562
442,ε-greedy (ε=0.2),18.2990,16.3196,20.7825
443,ε-greedy (ε=0.2),18.3255,16.3522,20.8088
444,ε-greedy (ε=0.2),18.3495,16.3749,20.8306
445,ε-greedy (ε=0.2),18.3810,16.4129,20.8585
446,ε-greedy (ε=0.2),18.4040,16.4238,20.8859
447,ε-greedy (ε=0.2),18.4250,16.4472,20.9053
448,ε-greedy (ε=0.2),18.4510,16.4730,20.9389
449,ε-greedy (ε=0.2),18.4735,16.4917,20.9587
450,ε-greedy (ε=0.2),18.5010,16.5149,20.9847
451,ε-greedy (ε=0.2),18.5260,16.5401,21.0028
452,ε-greedy (ε=0.2),18.5425,16.5662,21.0101
453,ε-greedy (ε=0.2),18.5645,16.5903,21.0384
454,ε-greedy (ε=0.2),18.6075,16.6343,21.0721
455,ε-greedy (ε=0.2),18.6255,16.6476,21.0906
456,ε-greedy (ε=0.2),18.6450,16.6639,21.1146
457,ε-greedy (ε=0.2),18.6610,16.6821,21.1494
458,ε-greedy (ε=0.2),18.6910,16.7083,21.1848
459,ε-greedy (ε=0.2),18.7195,16.7369,21.2111
460,ε-greedy (ε=0.2),18.7535,16.7837,21.2545
461,ε-greedy (ε=0.2),18.7775,16.8187,21.2826
462,ε-greedy (ε=0.2),18.8165,16.8607,21.3212
463,ε-greedy (ε=0.2),18.8450,16.8989,21.3546
464,ε-greedy (ε=0.2),18.8645,16.9098,21.3756
465,ε-greedy (ε=0.2),18.8930,16.9460,21.4011
466,ε-greedy (ε=0.2),18.9355,16.9814,21.4414
467,ε-greedy (ε=0.2),18.9615,17.0073,21.4740
468,ε-greedy (ε=0.2),18.9980,17.0381,21.5217
469,ε-greedy (ε=0.2),19.0235,17.0520,21.5486
470,ε-greedy (ε=0.2),19.0665,17.0995,21.6046
471,ε-greedy (ε=0.2),19.1005,17.1408,21.6400
472,ε-greedy (ε=0.2),19.1325,17.1634,21.6642
473,ε-greedy (ε=0.2),19.1565,17.1889,21.6882
474,ε-greedy (ε=0.2),19.1845,17.2200,21.7202
475,ε-greedy (ε=0.2),19.2120,17.2513,21.7301
476,ε-greedy (ε=0.2),19.2340,17.2734,21.7532
477,ε-greedy (ε=0.2),19.2540,17.2898,21.7702
478,ε-greedy (ε=0.2),19.2710,17.3074,21.7910
479,ε-greedy (ε=0.2),19.2965,17.3367,21.8047
480,ε-greedy (ε=0.2),19.3290,17.3613,21.8411
481,ε-greedy (ε=0.2),19.3630,17.3944,21.8742
482,ε-greedy (ε=0.2),19.3810,17.4158,21.8971
483,ε-greedy (ε=0.2),19.4085,17.4354,21.9221
484,ε-greedy (ε=0.2),19.4415,17.4710,21.9531
485,ε-greedy (ε=0.2),19.4715,17.5073,21.9796
486,ε-greedy (ε=0.2),19.4985,17.5359,22.0193
487,ε-greedy (ε=0.2),19.5330,17.5685,22.0533
488,ε-greedy (ε=0.2),19.5610,17.6008,22.0838
489,ε-greedy (ε=0.2),19.5875,17.6253,22.1128
490,ε-greedy (ε=0.2),19.6155,17.6513,22.1503
491,ε-greedy (ε=0.2),19.6395,17.6709,22.1855
492,ε-greedy (ε=0.2),19.6785,17.7100,22.2139
493,ε-greedy (ε=0.2),19.7025,17.7343,22.2358
494,ε-greedy (ε=0.2),19.7350,17.7617,22.2778
495,ε-greedy (ε=0.2),19.7705,17.7884,22.3101
496,ε-greedy (ε=0.2),19.8060,17.8195,22.3550
497,ε-greedy (ε=0.2),19.8245,17.8409,22.3710
498,ε-greedy (ε=0.2),19.8450,17.8652,22.3934
499,ε-greedy (ε=0.2),19.8765,17.9077,22.4190
500,ε-greedy (ε=0.2),19.9100,17.9390,22.4517
1,Thompson,0.1200,0.0990,0.1400
2,Thompson,0.2450,0.2190,0.2710
3,Thompson,0.3605,0.3310,0.3890
4,Thompson,0.4835,0.4485,0.5175
5,Thompson,0.6120,0.5695,0.6505
6,Thompson,0.7265,0.6810,0.7705
7,Thompson,0.8460,0.7935,0.8980
8,Thompson,0.9660,0.9074,1.0255
9,Thompson,1.0770,1.0075,1.1440
10,Thompson,1.1810,1.1095,1.2555
11,Thompson,1.3015,1.2210,1.3835
12,Thompson,1.4080,1.3200,1.4945
13,Thompson,1.5185,1.4205,1.6175
14,Thompson,1.6045,1.4960,1.7140
15,Thompson,1.7075,1.5900,1.8265
16,Thompson,1.7960,1.6705,1.9265
17,Thompson,1.8845,1.7555,2.0225
18,Thompson,1.9655,1.8255,2.1155
19,Thompson,2.0525,1.9050,2.2092
20,Thompson,2.1540,1.9935,2.3201
21,Thompson,2.2440,2.0794,2.4205
22,Thompson,2.3035,2.1250,2.4866
23,Thompson,2.3910,2.2090,2.5825
24,Thompson,2.4755,2.2865,2.6765
25,Thompson,2.5475,2.3485,2.7581
26,Thompson,2.6195,2.4115,2.8375
27,Thompson,2.6830,2.4650,2.9086
28,Thompson,2.7545,2.5284,2.9896
29,Thompson,2.8255,2.5915,3.0750
30,Thompson,2.9000,2.6635,3.1570
31,Thompson,2.9655,2.7249,3.2281
32,Thompson,3.0435,2.7954,3.3155
33,Thompson,3.1275,2.8654,3.4050
34,Thompson,3.1880,2.9145,3.4795
35,Thompson,3.2530,2.9665,3.5486
36,Thompson,3.3305,3.0379,3.6310
37,Thompson,3.3880,3.0824,3.7001
38,Thompson,3.4610,3.1469,3.7826
39,Thompson,3.5375,3.2090,3.8685
40,Thompson,3.5955,3.2585,3.9380
41,Thompson,3.6665,3.3179,4.0226
42,Thompson,3.7300,3.3738,4.0876
43,Thompson,3.7960,3.4255,4.1631
44,Thompson,3.8605,3.4884,4.2356
45,Thompson,3.9275,3.5365,4.3136
46,Thompson,3.9860,3.5844,4.3761
47,Thompson,4.0465,3.6403,4.4536
48,Thompson,4.1180,3.7048,4.5321
49,Thompson,4.1675,3.7524,4.5857
50,Thompson,4.2280,3.8024,4.6585
51,Thompson,4.3040,3.8630,4.7455
52,Thompson,4.3685,3.9249,4.8170
53,Thompson,4.4210,3.9670,4.8742
54,Thompson,4.4735,4.0145,4.9336
55,Thompson,4.5315,4.0615,5.0035
56,Thompson,4.5825,4.1005,5.0556
57,Thompson,4.6515,4.1540,5.1331
58,Thompson,4.7160,4.2095,5.2011
59,Thompson,4.7575,4.2360,5.2565
60,Thompson,4.8135,4.2895,5.3193
61,Thompson,4.8800,4.3439,5.4045
62,Thompson,4.9275,4.3845,5.4545
63,Thompson,4.9870,4.4379,5.5306
64,Thompson,5.0515,4.4849,5.6051
65,Thompson,5.1040,4.5351,5.6675
66,Thompson,5.1550,4.5776,5.7211
67,Thompson,5.2110,4.6204,5.7837
68,Thompson,5.2600,4.6575,5.8359
69,Thompson,5.3130,4.6990,5.9075
70,Thompson,5.3595,4.7310,5.9536
71,Thompson,5.4175,4.7820,6.0180
72,Thompson,5.4755,4.8305,6.0865
73,Thompson,5.5315,4.8754,6.1550
74,Thompson,5.5975,4.9279,6.2340
75,Thompson,5.6595,4.9877,6.3015
76,Thompson,5.7080,5.0283,6.3531
77,Thompson,5.7510,5.0610,6.4021
78,Thompson,5.7995,5.1110,6.4571
79,Thompson,5.8455,5.1460,6.5106
80,Thompson,5.8880,5.1857,6.5567
81,Thompson,5.9350,5.2170,6.6132
82,Thompson,5.9810,5.2550,6.6614
83,Thompson,6.0155,5.2879,6.7058
84,Thompson,6.0610,5.3219,6.7745
85,Thompson,6.1030,5.3495,6.8216
86,Thompson,6.1470,5.3987,6.8683
87,Thompson,6.1870,5.4443,6.9137
88,Thompson,6.2290,5.4787,6.9662
89,Thompson,6.2750,5.5172,7.0235
90,Thompson,6.3195,5.5483,7.0756
91,Thompson,6.3665,5.5908,7.1286
92,Thompson,6.4130,5.6299,7.1800
93,Thompson,6.4650,5.6804,7.2391
94,Thompson,6.5050,5.7109,7.2915
95,Thompson,6.5540,5.7513,7.3455
96,Thompson,6.5955,5.7887,7.3886
97,Thompson,6.6495,5.8370,7.4491
98,Thompson,6.6865,5.8757,7.4950
99,Thompson,6.7310,5.9175,7.5492
100,Thompson,6.7755,5.9604,7.6030
101,Thompson,6.8165,5.9979,7.6401
102,Thompson,6.8680,6.0421,7.6979
103,Thompson,6.9135,6.0833,7.7548
104,Thompson,6.9720,6.1203,7.8162
105,Thompson,7.0115,6.1526,7.8640
106,Thompson,7.0475,6.1916,7.9175
107,Thompson,7.0850,6.2250,7.9523
108,Thompson,7.1150,6.2488,7.9920
109,Thompson,7.1510,6.2777,8.0305
110,Thompson,7.1865,6.3135,8.0705
111,Thompson,7.2260,6.3524,8.1205
112,Thompson,7.2775,6.3917,8.1776
113,Thompson,7.3220,6.4321,8.2221
114,Thompson,7.3625,6.4660,8.2781
115,Thompson,7.4015,6.5056,8.3230
116,Thompson,7.4395,6.5313,8.3620
117,Thompson,7.4920,6.5765,8.4206
118,Thompson,7.5235,6.6045,8.4646
119,Thompson,7.5620,6.6479,8.5141
120,Thompson,7.5955,6.6755,8.5502
121,Thompson,7.6275,6.6974,8.5881
122,Thompson,7.6650,6.7265,8.6371
123,Thompson,7.7005,6.7564,8.6741
124,Thompson,7.7460,6.8004,8.7221
125,Thompson,7.7815,6.8319,8.7651
126,Thompson,7.8100,6.8504,8.8011
127,Thompson,7.8360,6.8779,8.8296
128,Thompson,7.8685,6.9005,8.8626
129,Thompson,7.8930,6.9224,8.8851
130,Thompson,7.9365,6.9659,8.9376
131,Thompson,7.9740,6.9990,8.9841
132,Thompson,7.9905,7.0154,9.0022
133,Thompson,8.0240,7.0434,9.0369
134,Thompson,8.0360,7.0564,9.0488
135,Thompson,8.0685,7.0858,9.0833
136,Thompson,8.0890,7.1024,9.1081
137,Thompson,8.1110,7.1278,9.1257
138,Thompson,8.1460,7.1485,9.1674
139,Thompson,8.1815,7.1769,9.2041
140,Thompson,8.2130,7.2045,9.2412
141,Thompson,8.2330,7.2199,9.2686
142,Thompson,8.2585,7.2360,9.2957
143,Thompson,8.2830,7.2584,9.3221
144,Thompson,8.3110,7.2810,9.3514
145,Thompson,8.3360,7.3020,9.3819
146,Thompson,8.3645,7.3268,9.4239
147,Thompson,8.3860,7.3439,9.4513
148,Thompson,8.4145,7.3689,9.4938
149,Thompson,8.4370,7.3824,9.5183
150,Thompson,8.4510,7.3957,9.5426
151,Thompson,8.4670,7.4132,9.5695
152,Thompson,8.4850,7.4248,9.5917
153,Thompson,8.5165,7.4513,9.6381
154,Thompson,8.5485,7.4835,9.6747
155,Thompson,8.5890,7.5247,9.7122
156,Thompson,8.6195,7.5524,9.7512
157,Thompson,8.6415,7.5683,9.7729
158,Thompson,8.6710,7.5905,9.8017
159,Thompson,8.6955,7.6139,9.8370
160,Thompson,8.7205,7.6404,9.8661
161,Thompson,8.7450,7.6609,9.8882
162,Thompson,8.7595,7.6705,9.9096
163,Thompson,8.7910,7.7030,9.9456
164,Thompson,8.8205,7.7299,9.9796
165,Thompson,8.8520,7.7609,10.0092
166,Thompson,8.8810,7.7845,10.0430
167,Thompson,8.9075,7.8040,10.0656
168,Thompson,8.9345,7.8274,10.1054
169,Thompson,8.9735,7.8555,10.1581
170,Thompson,9.0050,7.8860,10.1863
171,Thompson,9.0230,7.9015,10.2037
172,Thompson,9.0365,7.9150,10.2216
173,Thompson,9.0580,7.9325,10.2494
174,Thompson,9.0735,7.9513,10.2676
175,Thompson,9.0945,7.9639,10.2922
176,Thompson,9.1270,7.9974,10.3304
177,Thompson,9.1545,8.0194,10.3696
178,Thompson,9.1775,8.0414,10.4015
179,Thompson,9.1990,8.0540,10.4267
180,Thompson,9.2160,8.0664,10.4489
181,Thompson,9.2315,8.0744,10.4709
182,Thompson,9.2445,8.0819,10.4874
183,Thompson,9.2660,8.1049,10.5095
184,Thompson,9.2895,8.1298,10.5444
185,Thompson,9.3160,8.1474,10.5838
186,Thompson,9.3405,8.1717,10.6286
187,Thompson,9.3610,8.1884,10.6565
188,Thompson,9.3760,8.1994,10.6721
189,Thompson,9.3970,8.2228,10.6990
190,Thompson,9.4220,8.2478,10.7236
191,Thompson,9.4375,8.2628,10.7396
192,Thompson,9.4535,8.2724,10.7571
193,Thompson,9.4730,8.2900,10.7722
194,Thompson,9.4900,8.3054,10.7895
195,Thompson,9.5095,8.3145,10.8143
196,Thompson,9.5470,8.3503,10.8636
197,Thompson,9.5635,8.3655,10.8816
198,Thompson,9.5880,8.3829,10.9075
199,Thompson,9.6105,8.4020,10.9328
200,Thompson,9.6290,8.4262,10.9518
201,Thompson,9.6530,8.4458,10.9845
202,Thompson,9.6765,8.4637,11.0146
203,Thompson,9.6995,8.4812,11.0457
204,Thompson,9.7185,8.4925,11.0705
205,Thompson,9.7350,8.5060,11.0860
206,Thompson,9.7535,8.5235,11.1087
207,Thompson,9.7835,8.5509,11.1431
208,Thompson,9.8025,8.5615,11.1640
209,Thompson,9.8195,8.5834,11.1846
210,Thompson,9.8405,8.6049,11.2056
211,Thompson,9.8565,8.6165,11.2246
212,Thompson,9.8735,8.6304,11.2451
213,Thompson,9.8925,8.6480,11.2676
214,Thompson,9.9140,8.6705,11.2980
215,Thompson,9.9325,8.6905,11.3175
216,Thompson,9.9445,8.6979,11.3267
217,Thompson,9.9665,8.7204,11.3486
218,Thompson,9.9870,8.7373,11.3786
219,Thompson,10.0155,8.7627,11.4182
220,Thompson,10.0370,8.7769,11.4365
221,Thompson,10.0620,8.8064,11.4769
222,Thompson,10.0735,8.8129,11.4880
223,Thompson,10.0885,8.8250,11.5029
224,Thompson,10.1090,8.8465,11.5255
225,Thompson,10.1295,8.8619,11.5499
226,Thompson,10.1530,8.8854,11.5725
227,Thompson,10.1670,8.8970,11.5851
228,Thompson,10.1775,8.9020,11.6030
229,Thompson,10.1950,8.9185,11.6224
230,Thompson,10.2170,8.9335,11.6561
231,Thompson,10.2440,8.9639,11.6900
232,Thompson,10.2655,8.9739,11.7096
233,Thompson,10.2860,8.9969,11.7371
234,Thompson,10.3075,9.0133,11.7591
235,Thompson,10.3300,9.0309,11.7846
236,Thompson,10.3460,9.0413,11.8051
237,Thompson,10.3505,9.0457,11.8101
238,Thompson,10.3690,9.0580,11.8377
239,Thompson,10.3900,9.0775,11.8731
240,Thompson,10.4165,9.1042,11.9026
241,Thompson,10.4400,9.1230,11.9311
242,Thompson,10.4555,9.1330,11.9547
243,Thompson,10.4755,9.1494,11.9811
244,Thompson,10.4925,9.1638,12.0061
245,Thompson,10.5080,9.1852,12.0237
246,Thompson,10.5210,9.1981,12.0396
247,Thompson,10.5360,9.2088,12.0621
248,Thompson,10.5495,9.2193,12.0781
249,Thompson,10.5680,9.2270,12.0972
250,Thompson,10.5885,9.2509,12.1148
251,Thompson,10.6120,9.2733,12.1356
252,Thompson,10.6330,9.2943,12.1547
253,Thompson,10.6525,9.3089,12.1805
254,Thompson,10.6765,9.3328,12.2050
255,Thompson,10.6970,9.3449,12.2261
256,Thompson,10.7235,9.3729,12.2591
257,Thompson,10.7435,9.3924,12.2812
258,Thompson,10.7550,9.4020,12.2996
259,Thompson,10.7810,9.4239,12.3336
260,Thompson,10.8035,9.4393,12.3528
261,Thompson,10.8245,9.4578,12.3733
262,Thompson,10.8440,9.4822,12.3928
263,Thompson,10.8575,9.4941,12.4116
264,Thompson,10.8765,9.5037,12.4376
265,Thompson,10.8940,9.5223,12.4532
266,Thompson,10.9130,9.5378,12.4724
267,Thompson,10.9310,9.5503,12.4973
268,Thompson,10.9435,9.5598,12.5166
269,Thompson,10.9555,9.5689,12.5317
270,Thompson,10.9705,9.5810,12.5521
271,Thompson,10.9870,9.5945,12.5771
272,Thompson,11.0050,9.6154,12.5981
273,Thompson,11.0220,9.6255,12.6167
274,Thompson,11.0435,9.6424,12.6515
275,Thompson,11.0625,9.6584,12.6745
276,Thompson,11.0710,9.6599,12.6866
277,Thompson,11.0840,9.6713,12.7080
278,Thompson,11.1100,9.6835,12.7400
279,Thompson,11.1220,9.6933,12.7601
280,Thompson,11.1325,9.6970,12.7673
281,Thompson,11.1450,9.7059,12.7862
282,Thompson,11.1610,9.7193,12.8037
283,Thompson,11.1700,9.7238,12.8128
284,Thompson,11.1800,9.7283,12.8284
285,Thompson,11.1995,9.7464,12.8584
286,Thompson,11.2135,9.7579,12.8816
287,Thompson,11.2250,9.7698,12.8915
288,Thompson,11.2390,9.7828,12.9101
289,Thompson,11.2595,9.8055,12.9416
290,Thompson,11.2760,9.8142,12.9660
291,Thompson,11.2980,9.8351,12.9804
292,Thompson,11.3270,9.8537,13.0118
293,Thompson,11.3370,9.8613,13.0296
294,Thompson,11.3495,9.8669,13.0491
295,Thompson,11.3620,9.8804,13.0615
296,Thompson,11.3775,9.8902,13.0761
297,Thompson,11.3975,9.9033,13.1015
298,Thompson,11.4195,9.9179,13.1206
299,Thompson,11.4295,9.9220,13.1276
300,Thompson,11.4435,9.9300,13.1425
301,Thompson,11.4590,9.9400,13.1555
302,Thompson,11.4775,9.9638,13.1652
303,Thompson,11.4880,9.9744,13.1772
304,Thompson,11.5055,9.9934,13.1970
305,Thompson,11.5225,10.0050,13.2127
306,Thompson,11.5400,10.0189,13.2292
307,Thompson,11.5460,10.0249,13.2410
308,Thompson,11.5565,10.0323,13.2507
309,Thompson,11.5655,10.0343,13.2641
310,Thompson,11.5820,10.0509,13.2727
311,Thompson,11.6015,10.0708,13.2951
312,Thompson,11.6140,10.0748,13.3042
313,Thompson,11.6250,10.0837,13.3168
314,Thompson,11.6355,10.0898,13.3313
315,Thompson,11.6585,10.1058,13.3559
316,Thompson,11.6785,10.1179,13.3823
317,Thompson,11.6915,10.1421,13.3924
318,Thompson,11.7035,10.1533,13.4105
319,Thompson,11.7105,10.1534,13.4191
320,Thompson,11.7280,10.1664,13.4273
321,Thompson,11.7490,10.1853,13.4503
322,Thompson,11.7680,10.2009,13.4755
323,Thompson,11.7830,10.2093,13.4907
324,Thompson,11.8010,10.2243,13.5131
325,Thompson,11.8065,10.2259,13.5235
326,Thompson,11.8170,10.2298,13.5370
327,Thompson,11.8255,10.2408,13.5471
328,Thompson,11.8340,10.2468,13.5605
329,Thompson,11.8430,10.2537,13.5717
330,Thompson,11.8585,10.2628,13.5853
331,Thompson,11.8710,10.2684,13.6030
332,Thompson,11.8825,10.2783,13.6137
333,Thompson,11.8945,10.2855,13.6289
334,Thompson,11.9070,10.2949,13.6377
335,Thompson,11.9170,10.3083,13.6483
336,Thompson,11.9280,10.3135,13.6656
337,Thompson,11.9425,10.3269,13.6791
338,Thompson,11.9530,10.3344,13.6940
339,Thompson,11.9620,10.3419,13.7018
340,Thompson,11.9725,10.3514,13.7136
341,Thompson,11.9800,10.3574,13.7226
342,Thompson,11.9955,10.3655,13.7381
343,Thompson,12.0145,10.3819,13.7747
344,Thompson,12.0240,10.3910,13.7794
345,Thompson,12.0285,10.3969,13.7808
346,Thompson,12.0390,10.4029,13.7927
347,Thompson,12.0535,10.4182,13.8103
348,Thompson,12.0605,10.4198,13.8262
349,Thompson,12.0705,10.4318,13.8408
350,Thompson,12.0835,10.4423,13.8538
351,Thompson,12.0985,10.4514,13.8649
352,Thompson,12.1120,10.4648,13.8822
353,Thompson,12.1220,10.4744,13.8923
354,Thompson,12.1325,10.4835,13.9029
355,Thompson,12.1460,10.4919,13.9203
356,Thompson,12.1585,10.5064,13.9402
357,Thompson,12.1675,10.5124,13.9566
358,Thompson,12.1735,10.5140,13.9640
359,Thompson,12.1895,10.5314,13.9767
360,Thompson,12.2055,10.5473,14.0021
361,Thompson,12.2165,10.5495,14.0055
362,Thompson,12.2300,10.5648,14.0302
363,Thompson,12.2385,10.5714,14.0394
364,Thompson,12.2445,10.5714,14.0454
365,Thompson,12.2490,10.5725,14.0484
366,Thompson,12.2620,10.5855,14.0576
367,Thompson,12.2730,10.6003,14.0739
368,Thompson,12.2835,10.6064,14.0764
369,Thompson,12.2910,10.6085,14.0839
370,Thompson,12.3025,10.6184,14.0956
371,Thompson,12.3080,10.6253,14.1102
372,Thompson,12.3200,10.6406,14.1271
373,Thompson,12.3315,10.6507,14.1391
374,Thompson,12.3355,10.6561,14.1417
375,Thompson,12.3400,10.6577,14.1418
376,Thompson,12.3470,10.6616,14.1474
377,Thompson,12.3530,10.6706,14.1510
378,Thompson,12.3595,10.6776,14.1595
379,Thompson,12.3640,10.6806,14.1615
380,Thompson,12.3805,10.6854,14.1762
381,Thompson,12.3850,10.6855,14.1847
382,Thompson,12.3930,10.6983,14.1913
383,Thompson,12.4060,10.7060,14.2082
384,Thompson,12.4170,10.7149,14.2217
385,Thompson,12.4270,10.7218,14.2382
386,Thompson,12.4400,10.7315,14.2580
387,Thompson,12.4565,10.7469,14.2817
388,Thompson,12.4655,10.7545,14.2922
389,Thompson,12.4785,10.7655,14.3086
390,Thompson,12.4840,10.7740,14.3102
391,Thompson,12.4925,10.7828,14.3164
392,Thompson,12.5035,10.7982,14.3226
393,Thompson,12.5105,10.8012,14.3315
394,Thompson,12.5240,10.8084,14.3501
395,Thompson,12.5285,10.8129,14.3545
396,Thompson,12.5410,10.8199,14.3691
397,Thompson,12.5500,10.8290,14.3800
398,Thompson,12.5660,10.8434,14.3965
399,Thompson,12.5735,10.8495,14.4043
400,Thompson,12.5805,10.8595,14.4210
401,Thompson,12.5860,10.8640,14.4373
402,Thompson,12.5915,10.8669,14.4461
403,Thompson,12.5985,10.8725,14.4566
404,Thompson,12.6120,10.8893,14.4731
405,Thompson,12.6225,10.8992,14.4931
406,Thompson,12.6285,10.9038,14.4991
407,Thompson,12.6345,10.9114,14.5056
408,Thompson,12.6465,10.9169,14.5186
409,Thompson,12.6540,10.9200,14.5262
410,Thompson,12.6645,10.9335,14.5348
411,Thompson,12.6715,10.9350,14.5393
412,Thompson,12.6790,10.9420,14.5498
413,Thompson,12.6945,10.9568,14.5692
414,Thompson,12.7065,10.9732,14.5875
415,Thompson,12.7120,10.9786,14.5891
416,Thompson,12.7180,10.9817,14.5996
417,Thompson,12.7265,10.9902,14.6027
418,Thompson,12.7335,10.9933,14.6107
419,Thompson,12.7390,10.9973,14.6137
420,Thompson,12.7475,11.0059,14.6257
421,Thompson,12.7545,11.0100,14.6356
422,Thompson,12.7640,11.0209,14.6427
423,Thompson,12.7790,11.0319,14.6558
424,Thompson,12.7905,11.0419,14.6701
425,Thompson,12.7950,11.0464,14.6776
426,Thompson,12.8010,11.0530,14.6792
427,Thompson,12.8080,11.0594,14.6935
428,Thompson,12.8190,11.0675,14.7006
429,Thompson,12.8270,11.0764,14.7101
430,Thompson,12.8475,11.0968,14.7262
431,Thompson,12.8545,11.1062,14.7292
432,Thompson,12.8675,11.1259,14.7385
433,Thompson,12.8720,11.1304,14.7427
434,Thompson,12.8870,11.1472,14.7576
435,Thompson,12.8930,11.1547,14.7655
436,Thompson,12.9055,11.1682,14.7823
437,Thompson,12.9210,11.1723,14.7915
438,Thompson,12.9295,11.1756,14.8000
439,Thompson,12.9380,11.1825,14.8144
440,Thompson,12.9505,11.1931,14.8366
441,Thompson,12.9535,11.1976,14.8410
442,Thompson,12.9665,11.2076,14.8553
443,Thompson,12.9765,11.2156,14.8692
444,Thompson,12.9795,11.2186,14.8722
445,Thompson,12.9865,11.2266,14.8882
446,Thompson,12.9910,11.2296,14.8943
447,Thompson,13.0005,11.2395,14.9073
448,Thompson,13.0045,11.2420,14.9206
449,Thompson,13.0105,11.2466,14.9266
450,Thompson,13.0130,11.2491,14.9268
451,Thompson,13.0185,11.2556,14.9346
452,Thompson,13.0240,11.2601,14.9362
453,Thompson,13.0255,11.2601,14.9378
454,Thompson,13.0310,11.2602,14.9393
455,Thompson,13.0395,11.2628,14.9541
456,Thompson,13.0475,11.2753,14.9603
457,Thompson,13.0475,11.2753,14.9603
458,Thompson,13.0545,11.2783,14.9634
459,Thompson,13.0600,11.2853,14.9664
460,Thompson,13.0720,11.2943,14.9814
461,Thompson,13.0800,11.3024,14.9910
462,Thompson,13.0875,11.3084,14.9987
463,Thompson,13.1030,11.3140,15.0147
464,Thompson,13.1145,11.3238,15.0268
465,Thompson,13.1215,11.3317,15.0313
466,Thompson,13.1230,11.3332,15.0313
467,Thompson,13.1285,11.3378,15.0367
468,Thompson,13.1365,11.3444,15.0449
469,Thompson,13.1515,11.3665,15.0655
470,Thompson,13.1585,11.3769,15.0717
471,Thompson,13.1615,11.3784,15.0792
472,Thompson,13.1690,11.3903,15.0882
473,Thompson,13.1765,11.3978,15.0957
474,Thompson,13.1885,11.4068,15.1064
475,Thompson,13.1945,11.4123,15.1169
476,Thompson,13.2020,11.4154,15.1318
477,Thompson,13.2080,11.4228,15.1378
478,Thompson,13.2140,11.4289,15.1468
479,Thompson,13.2280,11.4365,15.1624
480,Thompson,13.2370,11.4470,15.1700
481,Thompson,13.2500,11.4634,15.1821
482,Thompson,13.2595,11.4724,15.1951
483,Thompson,13.2625,11.4740,15.1996
484,Thompson,13.2665,11.4742,15.2011
485,Thompson,13.2765,11.4827,15.2146
486,Thompson,13.2850,11.4913,15.2262
487,Thompson,13.2975,11.5117,15.2427
488,Thompson,13.3045,11.5150,15.2526
489,Thompson,13.3185,11.5275,15.2725
490,Thompson,13.3270,11.5422,15.2814
491,Thompson,13.3345,11.5468,15.2947
492,Thompson,13.3430,11.5537,15.3007
493,Thompson,13.3505,11.5626,15.3098
494,Thompson,13.3580,11.5715,15.3245
495,Thompson,13.3670,11.5775,15.3349
496,Thompson,13.3770,11.5850,15.3497
497,Thompson,13.3845,11.5924,15.3587
498,Thompson,13.3930,11.5978,15.3690
499,Thompson,13.4030,11.6039,15.3734
500,Thompson,13.4085,11.6065,15.3774
1,LinUCB,0.2500,0.2500,0.2500
2,LinUCB,0.4290,0.4200,0.4380
3,LinUCB,0.5300,0.5055,0.5550
4,LinUCB,0.6215,0.5825,0.6595
5,LinUCB,0.7115,0.6570,0.7635
6,LinUCB,0.7830,0.7175,0.8465
7,LinUCB,0.8705,0.7925,0.9445
8,LinUCB,0.9445,0.8560,1.0285
9,LinUCB,1.0220,0.9285,1.1130
10,LinUCB,1.0895,0.9840,1.1890
11,LinUCB,1.1625,1.0430,1.2710
12,LinUCB,1.2375,1.1160,1.3560
13,LinUCB,1.2875,1.1580,1.4070
14,LinUCB,1.3570,1.2235,1.4795
15,LinUCB,1.4350,1.2960,1.5640
16,LinUCB,1.5190,1.3690,1.6540
17,LinUCB,1.6035,1.4490,1.7405
18,LinUCB,1.6755,1.5135,1.8255
19,LinUCB,1.7360,1.5640,1.9015
20,LinUCB,1.8255,1.6470,2.0031
21,LinUCB,1.9100,1.7270,2.0885
22,LinUCB,1.9990,1.8050,2.1915
23,LinUCB,2.0905,1.8854,2.2890
24,LinUCB,2.1575,1.9415,2.3625
25,LinUCB,2.2355,2.0085,2.4420
26,LinUCB,2.3245,2.0964,2.5360
27,LinUCB,2.3850,2.1490,2.5980
28,LinUCB,2.4495,2.2020,2.6685
29,LinUCB,2.5220,2.2709,2.7461
30,LinUCB,2.5995,2.3474,2.8295
31,LinUCB,2.6895,2.4289,2.9107
32,LinUCB,2.7645,2.4984,2.9951
33,LinUCB,2.8565,2.5850,3.0976
34,LinUCB,2.9295,2.6530,3.1766
35,LinUCB,3.0155,2.7328,3.2620
36,LinUCB,3.0920,2.8092,3.3381
37,LinUCB,3.1735,2.8834,3.4237
38,LinUCB,3.2750,2.9777,3.5251
39,LinUCB,3.3450,3.0355,3.6025
40,LinUCB,3.4260,3.1140,3.6870
41,LinUCB,3.5235,3.2114,3.7855
42,LinUCB,3.6180,3.3015,3.8940
43,LinUCB,3.6970,3.3840,3.9795
44,LinUCB,3.7735,3.4520,4.0565
45,LinUCB,3.8635,3.5434,4.1540
46,LinUCB,3.9320,3.6045,4.2356
47,LinUCB,4.0130,3.6820,4.3285
48,LinUCB,4.0950,3.7610,4.4110
49,LinUCB,4.1740,3.8310,4.4920
50,LinUCB,4.2630,3.9185,4.5876
51,LinUCB,4.3595,4.0124,4.6860
52,LinUCB,4.4530,4.1065,4.7792
53,LinUCB,4.5330,4.1825,4.8621
54,LinUCB,4.6140,4.2619,4.9540
55,LinUCB,4.7135,4.3530,5.0622
56,LinUCB,4.7885,4.4214,5.1470
57,LinUCB,4.8795,4.5119,5.2297
58,LinUCB,4.9760,4.5975,5.3270
59,LinUCB,5.0765,4.6949,5.4372
60,LinUCB,5.1530,4.7650,5.5246
61,LinUCB,5.2285,4.8395,5.6020
62,LinUCB,5.3130,4.9199,5.6866
63,LinUCB,5.3915,4.9934,5.7749
64,LinUCB,5.4585,5.0570,5.8448
65,LinUCB,5.5520,5.1455,5.9520
66,LinUCB,5.6355,5.2240,6.0365
67,LinUCB,5.7175,5.3010,6.1231
68,LinUCB,5.8015,5.3859,6.2125
69,LinUCB,5.8800,5.4593,6.2996
70,LinUCB,5.9800,5.5490,6.4140
71,LinUCB,6.0620,5.6290,6.5051
72,LinUCB,6.1530,5.7195,6.5971
73,LinUCB,6.2415,5.8113,6.6866
74,LinUCB,6.3105,5.8797,6.7651
75,LinUCB,6.4010,5.9615,6.8480
76,LinUCB,6.5095,6.0610,6.9620
77,LinUCB,6.5975,6.1484,7.0551
78,LinUCB,6.6800,6.2270,7.1475
79,LinUCB,6.7650,6.3045,7.2406
80,LinUCB,6.8540,6.3968,7.3192
81,LinUCB,6.9280,6.4670,7.3931
82,LinUCB,7.0260,6.5570,7.5025
83,LinUCB,7.1010,6.6285,7.5772
84,LinUCB,7.1845,6.7075,7.6587
85,LinUCB,7.2790,6.8010,7.7666
86,LinUCB,7.3515,6.8680,7.8361
87,LinUCB,7.4385,6.9450,7.9307
88,LinUCB,7.5065,7.0125,8.0066
89,LinUCB,7.6020,7.1019,8.1080
90,LinUCB,7.6875,7.1795,8.1955
91,LinUCB,7.7670,7.2544,8.2826
92,LinUCB,7.8520,7.3320,8.3676
93,LinUCB,7.9320,7.4063,8.4550
94,LinUCB,8.0255,7.4889,8.5501
95,LinUCB,8.1290,7.5839,8.6600
96,LinUCB,8.2285,7.6890,8.7610
97,LinUCB,8.3085,7.7554,8.8511
98,LinUCB,8.3970,7.8320,8.9485
99,LinUCB,8.4865,7.9089,9.0351
100,LinUCB,8.5710,7.9998,9.1285
101,LinUCB,8.6555,8.0833,9.2146
102,LinUCB,8.7450,8.1519,9.3052
103,LinUCB,8.8260,8.2313,9.3910
104,LinUCB,8.9070,8.3110,9.4702
105,LinUCB,9.0090,8.4105,9.5850
106,LinUCB,9.0895,8.4854,9.6681
107,LinUCB,9.1675,8.5540,9.7585
108,LinUCB,9.2545,8.6319,9.8531
109,LinUCB,9.3160,8.7009,9.9142
110,LinUCB,9.3955,8.7780,10.0116
111,LinUCB,9.4710,8.8445,10.0900
112,LinUCB,9.5525,8.9328,10.1743
113,LinUCB,9.6405,9.0180,10.2551
114,LinUCB,9.7335,9.1064,10.3527
115,LinUCB,9.8125,9.1808,10.4491
116,LinUCB,9.8875,9.2524,10.5306
117,LinUCB,9.9735,9.3335,10.6203
118,LinUCB,10.0530,9.4085,10.7018
119,LinUCB,10.1525,9.5085,10.8117
120,LinUCB,10.2400,9.5958,10.9046
121,LinUCB,10.3370,9.6884,10.9990
122,LinUCB,10.4060,9.7460,11.0703
123,LinUCB,10.4850,9.8294,11.1546
124,LinUCB,10.5740,9.9184,11.2371
125,LinUCB,10.6585,9.9990,11.3281
126,LinUCB,10.7455,10.0897,11.4225
127,LinUCB,10.8170,10.1587,11.4960
128,LinUCB,10.8965,10.2335,11.5793
129,LinUCB,10.9815,10.3095,11.6663
130,LinUCB,11.0590,10.3855,11.7495
131,LinUCB,11.1270,10.4592,11.8125
132,LinUCB,11.2225,10.5554,11.9051
133,LinUCB,11.3015,10.6290,11.9945
134,LinUCB,11.3740,10.6955,12.0700
135,LinUCB,11.4590,10.7859,12.1601
136,LinUCB,11.5485,10.8703,12.2545
137,LinUCB,11.6315,10.9425,12.3381
138,LinUCB,11.7325,11.0509,12.4376
139,LinUCB,11.8280,11.1404,12.5351
140,LinUCB,11.9000,11.2204,12.6136
141,LinUCB,11.9765,11.2933,12.6915
142,LinUCB,12.0660,11.3735,12.7817
143,LinUCB,12.1475,11.4619,12.8732
144,LinUCB,12.2235,11.5340,12.9580
145,LinUCB,12.3070,11.6195,13.0485
146,LinUCB,12.3975,11.7135,13.1406
147,LinUCB,12.4760,11.7869,13.2174
148,LinUCB,12.5600,11.8620,13.3078
149,LinUCB,12.6445,11.9369,13.3993
150,LinUCB,12.7265,12.0228,13.4897
151,LinUCB,12.8055,12.1049,13.5748
152,LinUCB,12.9005,12.1940,13.6629
153,LinUCB,12.9850,12.2775,13.7508
154,LinUCB,13.0685,12.3563,13.8420
155,LinUCB,13.1510,12.4333,13.9329
156,LinUCB,13.2265,12.5118,14.0086
157,LinUCB,13.2925,12.5684,14.0786
158,LinUCB,13.3820,12.6533,14.1783
159,LinUCB,13.4390,12.7068,14.2281
160,LinUCB,13.5170,12.7790,14.3031
161,LinUCB,13.6020,12.8649,14.3895
162,LinUCB,13.6880,12.9470,14.4866
163,LinUCB,13.7755,13.0325,14.5738
164,LinUCB,13.8445,13.0949,14.6526
165,LinUCB,13.9225,13.1595,14.7415
166,LinUCB,13.9935,13.2239,14.8219
167,LinUCB,14.0800,13.3138,14.9258
168,LinUCB,14.1575,13.3848,14.9996
169,LinUCB,14.2295,13.4582,15.0753
170,LinUCB,14.2930,13.5155,15.1598
171,LinUCB,14.3715,13.5874,15.2350
172,LinUCB,14.4420,13.6614,15.3017
173,LinUCB,14.5255,13.7479,15.3815
174,LinUCB,14.6135,13.8262,15.4848
175,LinUCB,14.6875,13.8848,15.5511
176,LinUCB,14.7695,13.9680,15.6169
177,LinUCB,14.8415,14.0276,15.6993
178,LinUCB,14.9420,14.1245,15.8042
179,LinUCB,15.0260,14.2050,15.9011
180,LinUCB,15.1030,14.2864,15.9787
181,LinUCB,15.1780,14.3575,16.0430
182,LinUCB,15.2605,14.4379,16.1401
183,LinUCB,15.3360,14.5060,16.2176
184,LinUCB,15.4115,14.5810,16.3021
185,LinUCB,15.4980,14.6615,16.3806
186,LinUCB,15.5700,14.7305,16.4510
187,LinUCB,15.6495,14.8074,16.5392
188,LinUCB,15.7185,14.8758,16.6224
189,LinUCB,15.8080,14.9605,16.7073
190,LinUCB,15.8905,15.0465,16.7902
191,LinUCB,15.9660,15.1165,16.8759
192,LinUCB,16.0405,15.1884,16.9498
193,LinUCB,16.1165,15.2669,17.0293
194,LinUCB,16.2005,15.3448,17.1236
195,LinUCB,16.2720,15.4120,17.2005
196,LinUCB,16.3500,15.4793,17.2800
197,LinUCB,16.4390,15.5639,17.3710
198,LinUCB,16.5160,15.6378,17.4515
199,LinUCB,16.5885,15.7089,17.5231
200,LinUCB,16.6780,15.7969,17.6155
201,LinUCB,16.7485,15.8594,17.6840
202,LinUCB,16.8420,15.9570,17.7781
203,LinUCB,16.9190,16.0269,17.8542
204,LinUCB,16.9985,16.1053,17.9444
205,LinUCB,17.0730,16.1747,18.0306
206,LinUCB,17.1540,16.2463,18.1135
207,LinUCB,17.2485,16.3510,18.2076
208,LinUCB,17.3185,16.4150,18.2846
209,LinUCB,17.4000,16.4917,18.3722
210,LinUCB,17.4725,16.5539,18.4456
211,LinUCB,17.5605,16.6415,18.5311
212,LinUCB,17.6315,16.7184,18.6006
213,LinUCB,17.6940,16.7735,18.6643
214,LinUCB,17.7850,16.8625,18.7571
215,LinUCB,17.8810,16.9563,18.8548
216,LinUCB,17.9710,17.0340,18.9582
217,LinUCB,18.0450,17.1089,19.0380
218,LinUCB,18.1385,17.1888,19.1218
219,LinUCB,18.2355,17.2820,19.2296
220,LinUCB,18.3215,17.3665,19.3142
221,LinUCB,18.3935,17.4318,19.3813
222,LinUCB,18.4800,17.5244,19.4705
223,LinUCB,18.5650,17.6074,19.5571
224,LinUCB,18.6480,17.6865,19.6480
225,LinUCB,18.7315,17.7695,19.7280
226,LinUCB,18.7935,17.8222,19.8026
227,LinUCB,18.8580,17.8808,19.8730
228,LinUCB,18.9445,17.9653,19.9581
229,LinUCB,19.0120,18.0238,20.0306
230,LinUCB,19.0950,18.1089,20.1190
231,LinUCB,19.1835,18.1869,20.2165
232,LinUCB,19.2595,18.2533,20.2950
233,LinUCB,19.3460,18.3476,20.3801
234,LinUCB,19.4065,18.4128,20.4495
235,LinUCB,19.4930,18.4867,20.5276
236,LinUCB,19.5685,18.5625,20.6095
237,LinUCB,19.6505,18.6535,20.7005
238,LinUCB,19.7285,18.7265,20.7726
239,LinUCB,19.8045,18.8020,20.8551
240,LinUCB,19.8700,18.8641,20.9247
241,LinUCB,19.9360,18.9278,20.9899
242,LinUCB,20.0045,18.9870,21.0611
243,LinUCB,20.0720,19.0385,21.1200
244,LinUCB,20.1475,19.1021,21.1991
245,LinUCB,20.2315,19.1916,21.2865
246,LinUCB,20.2990,19.2686,21.3642
247,LinUCB,20.3730,19.3434,21.4376
248,LinUCB,20.4655,19.4474,21.5343
249,LinUCB,20.5485,19.5271,21.6148
250,LinUCB,20.6205,19.5989,21.6876
251,LinUCB,20.7030,19.6742,21.7721
252,LinUCB,20.7895,19.7524,21.8645
253,LinUCB,20.8695,19.8314,21.9456
254,LinUCB,20.9345,19.8949,22.0237
255,LinUCB,21.0095,19.9534,22.1069
256,LinUCB,21.0915,20.0329,22.1951
257,LinUCB,21.1795,20.1114,22.2867
258,LinUCB,21.2710,20.1951,22.3747
259,LinUCB,21.3445,20.2761,22.4522
260,LinUCB,21.4255,20.3394,22.5402
261,LinUCB,21.5045,20.4199,22.6193
262,LinUCB,21.5795,20.4867,22.6890
263,LinUCB,21.6655,20.5645,22.7773
264,LinUCB,21.7375,20.6433,22.8610
265,LinUCB,21.8285,20.7364,22.9461
266,LinUCB,21.8960,20.8050,23.0139
267,LinUCB,21.9695,20.8713,23.0886
268,LinUCB,22.0785,20.9794,23.2006
269,LinUCB,22.1685,21.0680,23.2937
270,LinUCB,22.2480,21.1385,23.3733
271,LinUCB,22.3190,21.2127,23.4612
272,LinUCB,22.3885,21.2797,23.5363
273,LinUCB,22.4685,21.3533,23.6185
274,LinUCB,22.5510,21.4224,23.7141
275,LinUCB,22.6450,21.5168,23.8203
276,LinUCB,22.7115,21.5861,23.8697
277,LinUCB,22.7880,21.6604,23.9378
278,LinUCB,22.8685,21.7437,24.0359
279,LinUCB,22.9470,21.8149,24.1141
280,LinUCB,23.0310,21.8959,24.2078
281,LinUCB,23.1140,21.9747,24.2906
282,LinUCB,23.1900,22.0503,24.3790
283,LinUCB,23.2660,22.1197,24.4596
284,LinUCB,23.3495,22.1923,24.5440
285,LinUCB,23.4390,22.2698,24.6454
286,LinUCB,23.5175,22.3449,24.7363
287,LinUCB,23.5930,22.4120,24.8160
288,LinUCB,23.6705,22.5014,24.8927
289,LinUCB,23.7360,22.5629,24.9586
290,LinUCB,23.8105,22.6509,25.0342
291,LinUCB,23.8705,22.6974,25.1135
292,LinUCB,23.9455,22.7655,25.1799
293,LinUCB,24.0240,22.8439,25.2614
294,LinUCB,24.1030,22.9347,25.3437
295,LinUCB,24.1710,23.0034,25.4065
296,LinUCB,24.2370,23.0619,25.4596
297,LinUCB,24.3140,23.1334,25.5368
298,LinUCB,24.3830,23.2091,25.6191
299,LinUCB,24.4765,23.2970,25.7186
300,LinUCB,24.5575,23.3643,25.8070
301,LinUCB,24.6370,23.4499,25.8837
302,LinUCB,24.7180,23.5160,25.9644
303,LinUCB,24.8015,23.5946,26.0561
304,LinUCB,24.8715,23.6479,26.1357
305,LinUCB,24.9645,23.7482,26.2210
306,LinUCB,25.0405,23.8174,26.3080
307,LinUCB,25.1200,23.8923,26.3845
308,LinUCB,25.2065,23.9744,26.4752
309,LinUCB,25.2705,24.0368,26.5382
310,LinUCB,25.3360,24.0958,26.6115
311,LinUCB,25.4130,24.1655,26.6955
312,LinUCB,25.4960,24.2484,26.7840
313,LinUCB,25.5735,24.3380,26.8621
314,LinUCB,25.6645,24.4278,26.9461
315,LinUCB,25.7370,24.4956,27.0210
316,LinUCB,25.8040,24.5544,27.0863
317,LinUCB,25.8930,24.6415,27.1782
318,LinUCB,25.9670,24.7127,27.2635
319,LinUCB,26.0310,24.7872,27.3206
320,LinUCB,26.1030,24.8618,27.3983
321,LinUCB,26.1985,24.9471,27.4967
322,LinUCB,26.2795,25.0225,27.5749
323,LinUCB,26.3555,25.0788,27.6561
324,LinUCB,26.4335,25.1490,27.7406
325,LinUCB,26.5075,25.2199,27.8226
326,LinUCB,26.5850,25.2968,27.8896
327,LinUCB,26.6615,25.3732,27.9545
328,LinUCB,26.7430,25.4420,28.0308
329,LinUCB,26.8360,25.5319,28.1262
330,LinUCB,26.9230,25.6194,28.2164
331,LinUCB,27.0110,25.7145,28.2989
332,LinUCB,27.0815,25.7856,28.3770
333,LinUCB,27.1670,25.8873,28.4819
334,LinUCB,27.2420,25.9495,28.5561
335,LinUCB,27.3250,26.0306,28.6344
336,LinUCB,27.4045,26.1012,28.7324
337,LinUCB,27.4785,26.1686,28.8065
338,LinUCB,27.5675,26.2474,28.8922
339,LinUCB,27.6540,26.3339,28.9877
340,LinUCB,27.7335,26.4280,29.0666
341,LinUCB,27.8240,26.5075,29.1522
342,LinUCB,27.9015,26.5874,29.2288
343,LinUCB,27.9870,26.6619,29.3261
344,LinUCB,28.0785,26.7474,29.4089
345,LinUCB,28.1395,26.8099,29.4793
346,LinUCB,28.2125,26.8800,29.5575
347,LinUCB,28.3025,26.9714,29.6480
348,LinUCB,28.3785,27.0493,29.7187
349,LinUCB,28.4530,27.1089,29.7854
350,LinUCB,28.5295,27.1800,29.8614
351,LinUCB,28.6020,27.2515,29.9400
352,LinUCB,28.6860,27.3258,30.0246
353,LinUCB,28.7590,27.4006,30.0945
354,LinUCB,28.8380,27.4885,30.1830
355,LinUCB,28.9120,27.5378,30.2494
356,LinUCB,28.9910,27.6247,30.3302
357,LinUCB,29.0695,27.7159,30.4126
358,LinUCB,29.1390,27.7805,30.4945
359,LinUCB,29.2050,27.8413,30.5618
360,LinUCB,29.2830,27.9114,30.6369
361,LinUCB,29.3645,28.0055,30.7295
362,LinUCB,29.4595,28.1050,30.8271
363,LinUCB,29.5375,28.1632,30.9059
364,LinUCB,29.6225,28.2474,31.0067
365,LinUCB,29.7150,28.3371,31.1140
366,LinUCB,29.7895,28.4094,31.1980
367,LinUCB,29.8680,28.4911,31.2815
368,LinUCB,29.9545,28.5717,31.3713
369,LinUCB,30.0475,28.6601,31.4796
370,LinUCB,30.1360,28.7458,31.5666
371,LinUCB,30.2215,28.8281,31.6560
372,LinUCB,30.3140,28.9084,31.7511
373,LinUCB,30.3960,28.9850,31.8308
374,LinUCB,30.4775,29.0656,31.9189
375,LinUCB,30.5540,29.1530,31.9957
376,LinUCB,30.6310,29.2270,32.0642
377,LinUCB,30.6900,29.2824,32.1293
378,LinUCB,30.7650,29.3472,32.2064
379,LinUCB,30.8535,29.4363,32.2911
380,LinUCB,30.9300,29.5208,32.3720
381,LinUCB,31.0235,29.6159,32.4540
382,LinUCB,31.1120,29.6909,32.5363
383,LinUCB,31.2030,29.7652,32.6345
384,LinUCB,31.2850,29.8429,32.7418
385,LinUCB,31.3610,29.9215,32.8282
386,LinUCB,31.4465,30.0084,32.9161
387,LinUCB,31.5245,30.0746,32.9824
388,LinUCB,31.6160,30.1574,33.0680
389,LinUCB,31.7085,30.2482,33.1670
390,LinUCB,31.7795,30.3212,33.2368
391,LinUCB,31.8435,30.3875,33.3040
392,LinUCB,31.9230,30.4726,33.3763
393,LinUCB,31.9980,30.5413,33.4456
394,LinUCB,32.0610,30.6029,33.5252
395,LinUCB,32.1480,30.6802,33.6083
396,LinUCB,32.2205,30.7586,33.6848
397,LinUCB,32.2935,30.8216,33.7607
398,LinUCB,32.3915,30.8961,33.8536
399,LinUCB,32.4855,30.9975,33.9569
400,LinUCB,32.5435,31.0500,34.0168
401,LinUCB,32.6140,31.1199,34.0849
402,LinUCB,32.6955,31.1939,34.1695
403,LinUCB,32.7705,31.2618,34.2405
404,LinUCB,32.8390,31.3284,34.3053
405,LinUCB,32.9200,31.4078,34.3895
406,LinUCB,33.0220,31.5043,34.4976
407,LinUCB,33.0935,31.5620,34.5717
408,LinUCB,33.1680,31.6383,34.6547
409,LinUCB,33.2490,31.7427,34.7256
410,LinUCB,33.3230,31.8000,34.8055
411,LinUCB,33.4110,31.8790,34.8913
412,LinUCB,33.4845,31.9443,34.9694
413,LinUCB,33.5650,32.0324,35.0544
414,LinUCB,33.6490,32.1150,35.1382
415,LinUCB,33.7180,32.1873,35.1931
416,LinUCB,33.8050,32.2768,35.2736
417,LinUCB,33.8735,32.3312,35.3526
418,LinUCB,33.9495,32.4075,35.4229
419,LinUCB,34.0565,32.5197,35.5331
420,LinUCB,34.1265,32.6037,35.6078
421,LinUCB,34.2090,32.6827,35.6949
422,LinUCB,34.2735,32.7466,35.7567
423,LinUCB,34.3600,32.8278,35.8470
424,LinUCB,34.4345,32.8976,35.9311
425,LinUCB,34.4975,32.9579,36.0013
426,LinUCB,34.5685,33.0238,36.0636
427,LinUCB,34.6365,33.0905,36.1250
428,LinUCB,34.7065,33.1515,36.2030
429,LinUCB,34.7905,33.2436,36.3010
430,LinUCB,34.8570,33.2999,36.3740
431,LinUCB,34.9380,33.3783,36.4601
432,LinUCB,35.0195,33.4372,36.5473
433,LinUCB,35.0920,33.5001,36.6092
434,LinUCB,35.1630,33.5635,36.6783
435,LinUCB,35.2380,33.6350,36.7443
436,LinUCB,35.3020,33.6946,36.8079
437,LinUCB,35.3815,33.7772,36.8835
438,LinUCB,35.4620,33.8543,36.9639
439,LinUCB,35.5335,33.9112,37.0392
440,LinUCB,35.6025,33.9752,37.1211
441,LinUCB,35.6720,34.0395,37.1879
442,LinUCB,35.7505,34.1223,37.2675
443,LinUCB,35.8310,34.1928,37.3589
444,LinUCB,35.9100,34.2693,37.4408
445,LinUCB,35.9815,34.3344,37.5121
446,LinUCB,36.0580,34.4185,37.5980
447,LinUCB,36.1575,34.4972,37.6894
448,LinUCB,36.2380,34.5709,37.7762
449,LinUCB,36.3375,34.6687,37.8884
450,LinUCB,36.4130,34.7389,37.9759
451,LinUCB,36.5030,34.8339,38.0702
452,LinUCB,36.5845,34.9174,38.1585
453,LinUCB,36.6575,34.9964,38.2395
454,LinUCB,36.7220,35.0505,38.3001
455,LinUCB,36.7950,35.1248,38.3816
456,LinUCB,36.8880,35.2079,38.4698
457,LinUCB,36.9755,35.3033,38.5691
458,LinUCB,37.0495,35.3849,38.6386
459,LinUCB,37.1230,35.4712,38.7172
460,LinUCB,37.2065,35.5458,38.7865
461,LinUCB,37.2985,35.6255,38.8873
462,LinUCB,37.3905,35.7129,38.9878
463,LinUCB,37.4775,35.8023,39.0698
464,LinUCB,37.5565,35.8801,39.1567
465,LinUCB,37.6330,35.9455,39.2280
466,LinUCB,37.7205,36.0254,39.3230
467,LinUCB,37.7915,36.0750,39.3949
468,LinUCB,37.8670,36.1465,39.4827
469,LinUCB,37.9445,36.2169,39.5722
470,LinUCB,38.0330,36.3067,39.6623
471,LinUCB,38.1040,36.3843,39.7315
472,LinUCB,38.1885,36.4594,39.8088
473,LinUCB,38.2540,36.5224,39.8770
474,LinUCB,38.3245,36.6105,39.9583
475,LinUCB,38.3895,36.6546,40.0326
476,LinUCB,38.4730,36.7285,40.1171
477,LinUCB,38.5435,36.7953,40.1888
478,LinUCB,38.6245,36.8723,40.2677
479,LinUCB,38.7090,36.9532,40.3610
480,LinUCB,38.7775,37.0085,40.4276
481,LinUCB,38.8665,37.0952,40.5200
482,LinUCB,38.9445,37.1724,40.6155
483,LinUCB,39.0090,37.2362,40.6769
484,LinUCB,39.0915,37.3159,40.7551
485,LinUCB,39.1605,37.3768,40.8218
486,LinUCB,39.2505,37.4595,40.9100
487,LinUCB,39.3275,37.5452,40.9989
488,LinUCB,39.3990,37.6104,41.0668
489,LinUCB,39.4770,37.6835,41.1469
490,LinUCB,39.5450,37.7549,41.2345
491,LinUCB,39.6080,37.8049,41.3097
492,LinUCB,39.6885,37.8851,41.3764
493,LinUCB,39.7640,37.9559,41.4528
494,LinUCB,39.8445,38.0407,41.5417
495,LinUCB,39.9340,38.1324,41.6390
496,LinUCB,40.0135,38.1953,41.7227
497,LinUCB,40.0865,38.2791,41.7942
498,LinUCB,40.1665,38.3627,41.8738
499,LinUCB,40.2465,38.4480,41.9560
500,LinUCB,40.3175,38.5064,42.0140
1,UCB + Entropía (RutAI),0.1495,0.1295,0.1695
2,UCB + Entropía (RutAI),0.2735,0.2555,0.2955
3,UCB + Entropía (RutAI),0.4000,0.4000,0.4000
4,UCB + Entropía (RutAI),0.5505,0.5315,0.5690
5,UCB + Entropía (RutAI),0.6230,0.5920,0.6535
6,UCB + Entropía (RutAI),0.7110,0.6650,0.7530
7,UCB + Entropía (RutAI),0.8215,0.7760,0.8670
8,UCB + Entropía (RutAI),0.9555,0.9180,0.9950
9,UCB + Entropía (RutAI),1.0785,1.0415,1.1160
10,UCB + Entropía (RutAI),1.1900,1.1480,1.2325
11,UCB + Entropía (RutAI),1.2850,1.2360,1.3360
12,UCB + Entropía (RutAI),1.3910,1.3330,1.4485
13,UCB + Entropía (RutAI),1.4820,1.4170,1.5455
14,UCB + Entropía (RutAI),1.5730,1.5060,1.6420
15,UCB + Entropía (RutAI),1.6830,1.6145,1.7525
16,UCB + Entropía (RutAI),1.7815,1.7100,1.8550
17,UCB + Entropía (RutAI),1.8905,1.8185,1.9645
18,UCB + Entropía (RutAI),1.9905,1.9150,2.0680
19,UCB + Entropía (RutAI),2.1145,2.0345,2.1980
20,UCB + Entropía (RutAI),2.2160,2.1350,2.3005
21,UCB + Entropía (RutAI),2.2915,2.2015,2.3790
22,UCB + Entropía (RutAI),2.3805,2.2780,2.4736
23,UCB + Entropía (RutAI),2.4590,2.3565,2.5585
24,UCB + Entropía (RutAI),2.5585,2.4514,2.6650
25,UCB + Entropía (RutAI),2.6735,2.5645,2.7835
26,UCB + Entropía (RutAI),2.7675,2.6545,2.8820
27,UCB + Entropía (RutAI),2.8485,2.7325,2.9641
28,UCB + Entropía (RutAI),2.9505,2.8315,3.0661
29,UCB + Entropía (RutAI),3.0495,2.9270,3.1675
30,UCB + Entropía (RutAI),3.1495,3.0205,3.2735
31,UCB + Entropía (RutAI),3.2560,3.1245,3.3810
32,UCB + Entropía (RutAI),3.3740,3.2410,3.5035
33,UCB + Entropía (RutAI),3.4765,3.3415,3.6105
34,UCB + Entropía (RutAI),3.5665,3.4245,3.7060
35,UCB + Entropía (RutAI),3.6710,3.5280,3.8101
36,UCB + Entropía (RutAI),3.7730,3.6284,3.9145
37,UCB + Entropía (RutAI),3.8765,3.7305,4.0220
38,UCB + Entropía (RutAI),3.9695,3.8180,4.1200
39,UCB + Entropía (RutAI),4.0680,3.9175,4.2195
40,UCB + Entropía (RutAI),4.1540,3.9990,4.3060
41,UCB + Entropía (RutAI),4.2385,4.0755,4.3940
42,UCB + Entropía (RutAI),4.3220,4.1575,4.4785
43,UCB + Entropía (RutAI),4.4140,4.2460,4.5745
44,UCB + Entropía (RutAI),4.5090,4.3410,4.6715
45,UCB + Entropía (RutAI),4.6025,4.4360,4.7665
46,UCB + Entropía (RutAI),4.6985,4.5235,4.8650
47,UCB + Entropía (RutAI),4.7900,4.6064,4.9660
48,UCB + Entropía (RutAI),4.8765,4.6905,5.0560
49,UCB + Entropía (RutAI),4.9715,4.7810,5.1561
50,UCB + Entropía (RutAI),5.0540,4.8540,5.2465
51,UCB + Entropía (RutAI),5.1380,4.9244,5.3385
52,UCB + Entropía (RutAI),5.2135,4.9989,5.4221
53,UCB + Entropía (RutAI),5.3060,5.0880,5.5150
54,UCB + Entropía (RutAI),5.4050,5.1895,5.6150
55,UCB + Entropía (RutAI),5.4970,5.2764,5.7065
56,UCB + Entropía (RutAI),5.5830,5.3570,5.7931
57,UCB + Entropía (RutAI),5.6635,5.4399,5.8790
58,UCB + Entropía (RutAI),5.7545,5.5289,5.9685
59,UCB + Entropía (RutAI),5.8495,5.6205,6.0655
60,UCB + Entropía (RutAI),5.9535,5.7204,6.1747
61,UCB + Entropía (RutAI),6.0485,5.8075,6.2755
62,UCB + Entropía (RutAI),6.1420,5.8989,6.3756
63,UCB + Entropía (RutAI),6.2340,5.9865,6.4656
64,UCB + Entropía (RutAI),6.3175,6.0665,6.5555
65,UCB + Entropía (RutAI),6.3895,6.1365,6.6286
66,UCB + Entropía (RutAI),6.4540,6.1965,6.6986
67,UCB + Entropía (RutAI),6.5330,6.2705,6.7841
68,UCB + Entropía (RutAI),6.6225,6.3534,6.8741
69,UCB + Entropía (RutAI),6.7010,6.4304,6.9610
70,UCB + Entropía (RutAI),6.7890,6.5160,7.0520
71,UCB + Entropía (RutAI),6.8790,6.6064,7.1470
72,UCB + Entropía (RutAI),6.9660,6.6875,7.2331
73,UCB + Entropía (RutAI),7.0500,6.7720,7.3190
74,UCB + Entropía (RutAI),7.1250,6.8399,7.3940
75,UCB + Entropía (RutAI),7.2110,6.9238,7.4880
76,UCB + Entropía (RutAI),7.2920,6.9950,7.5795
77,UCB + Entropía (RutAI),7.3865,7.0874,7.6722
78,UCB + Entropía (RutAI),7.4680,7.1630,7.7685
79,UCB + Entropía (RutAI),7.5700,7.2558,7.8755
80,UCB + Entropía (RutAI),7.6560,7.3339,7.9671
81,UCB + Entropía (RutAI),7.7345,7.4114,8.0537
82,UCB + Entropía (RutAI),7.8275,7.5010,8.1566
83,UCB + Entropía (RutAI),7.9140,7.5835,8.2545
84,UCB + Entropía (RutAI),7.9955,7.6600,8.3321
85,UCB + Entropía (RutAI),8.0915,7.7589,8.4295
86,UCB + Entropía (RutAI),8.1860,7.8499,8.5210
87,UCB + Entropía (RutAI),8.2790,7.9380,8.6220
88,UCB + Entropía (RutAI),8.3730,8.0335,8.7145
89,UCB + Entropía (RutAI),8.4530,8.1089,8.7911
90,UCB + Entropía (RutAI),8.5185,8.1750,8.8550
91,UCB + Entropía (RutAI),8.5915,8.2420,8.9310
92,UCB + Entropía (RutAI),8.6740,8.3250,9.0125
93,UCB + Entropía (RutAI),8.7645,8.4114,9.1050
94,UCB + Entropía (RutAI),8.8490,8.4929,9.1990
95,UCB + Entropía (RutAI),8.9365,8.5665,9.2835
96,UCB + Entropía (RutAI),9.0280,8.6543,9.3790
97,UCB + Entropía (RutAI),9.1005,8.7199,9.4600
98,UCB + Entropía (RutAI),9.1855,8.7974,9.5500
99,UCB + Entropía (RutAI),9.2660,8.8760,9.6325
100,UCB + Entropía (RutAI),9.3480,8.9564,9.7210
101,UCB + Entropía (RutAI),9.4185,9.0243,9.7896
102,UCB + Entropía (RutAI),9.4825,9.0898,9.8585
103,UCB + Entropía (RutAI),9.5585,9.1525,9.9296
104,UCB + Entropía (RutAI),9.6400,9.2378,10.0187
105,UCB + Entropía (RutAI),9.7190,9.3179,10.1031
106,UCB + Entropía (RutAI),9.7915,9.3888,10.1785
107,UCB + Entropía (RutAI),9.8705,9.4630,10.2620
108,UCB + Entropía (RutAI),9.9550,9.5515,10.3411
109,UCB + Entropía (RutAI),10.0380,9.6299,10.4242
110,UCB + Entropía (RutAI),10.1075,9.6900,10.5061
111,UCB + Entropía (RutAI),10.1695,9.7513,10.5691
112,UCB + Entropía (RutAI),10.2430,9.8225,10.6470
113,UCB + Entropía (RutAI),10.3210,9.9069,10.7291
114,UCB + Entropía (RutAI),10.3920,9.9694,10.7981
115,UCB + Entropía (RutAI),10.4805,10.0589,10.8930
116,UCB + Entropía (RutAI),10.5630,10.1410,10.9696
117,UCB + Entropía (RutAI),10.6265,10.1984,11.0362
118,UCB + Entropía (RutAI),10.6920,10.2614,11.1065
119,UCB + Entropía (RutAI),10.7505,10.3170,11.1715
120,UCB + Entropía (RutAI),10.8170,10.3844,11.2430
121,UCB + Entropía (RutAI),10.8960,10.4574,11.3215
122,UCB + Entropía (RutAI),10.9580,10.5174,11.3845
123,UCB + Entropía (RutAI),11.0175,10.5814,11.4450
124,UCB + Entropía (RutAI),11.0825,10.6405,11.5175
125,UCB + Entropía (RutAI),11.1460,10.7030,11.5870
126,UCB + Entropía (RutAI),11.2075,10.7653,11.6470
127,UCB + Entropía (RutAI),11.2740,10.8269,11.7150
128,UCB + Entropía (RutAI),11.3420,10.8958,11.7846
129,UCB + Entropía (RutAI),11.4175,10.9615,11.8670
130,UCB + Entropía (RutAI),11.4860,11.0210,11.9366
131,UCB + Entropía (RutAI),11.5595,11.0920,12.0165
132,UCB + Entropía (RutAI),11.6285,11.1580,12.0877
133,UCB + Entropía (RutAI),11.7195,11.2430,12.1871
134,UCB + Entropía (RutAI),11.8045,11.3270,12.2731
135,UCB + Entropía (RutAI),11.8865,11.4085,12.3570
136,UCB + Entropía (RutAI),11.9590,11.4825,12.4356
137,UCB + Entropía (RutAI),12.0365,11.5554,12.5236
138,UCB + Entropía (RutAI),12.1195,11.6349,12.6146
139,UCB + Entropía (RutAI),12.2010,11.7209,12.6952
140,UCB + Entropía (RutAI),12.2820,11.7960,12.7792
141,UCB + Entropía (RutAI),12.3530,11.8604,12.8477
142,UCB + Entropía (RutAI),12.4185,11.9170,12.9235
143,UCB + Entropía (RutAI),12.4990,11.9964,13.0015
144,UCB + Entropía (RutAI),12.5775,12.0690,13.0901
145,UCB + Entropía (RutAI),12.6465,12.1289,13.1691
146,UCB + Entropía (RutAI),12.7205,12.1979,13.2485
147,UCB + Entropía (RutAI),12.7920,12.2630,13.3180
148,UCB + Entropía (RutAI),12.8535,12.3214,13.3717
149,UCB + Entropía (RutAI),12.9185,12.3893,13.4451
150,UCB + Entropía (RutAI),12.9795,12.4459,13.5040
151,UCB + Entropía (RutAI),13.0580,12.5150,13.5826
152,UCB + Entropía (RutAI),13.1315,12.5988,13.6575
153,UCB + Entropía (RutAI),13.2040,12.6678,13.7285
154,UCB + Entropía (RutAI),13.2695,12.7315,13.7970
155,UCB + Entropía (RutAI),13.3385,12.8004,13.8677
156,UCB + Entropía (RutAI),13.4205,12.8815,13.9561
157,UCB + Entropía (RutAI),13.5030,12.9595,14.0416
158,UCB + Entropía (RutAI),13.5920,13.0440,14.1327
159,UCB + Entropía (RutAI),13.6695,13.1195,14.2170
160,UCB + Entropía (RutAI),13.7540,13.1980,14.3055
161,UCB + Entropía (RutAI),13.8430,13.2973,14.4005
162,UCB + Entropía (RutAI),13.9220,13.3669,14.4796
163,UCB + Entropía (RutAI),13.9900,13.4350,14.5460
164,UCB + Entropía (RutAI),14.0645,13.5100,14.6132
165,UCB + Entropía (RutAI),14.1340,13.5805,14.6868
166,UCB + Entropía (RutAI),14.2185,13.6610,14.7745
167,UCB + Entropía (RutAI),14.3075,13.7519,14.8562
168,UCB + Entropía (RutAI),14.3860,13.8304,14.9405
169,UCB + Entropía (RutAI),14.4615,13.9079,15.0172
170,UCB + Entropía (RutAI),14.5490,13.9945,15.1131
171,UCB + Entropía (RutAI),14.6370,14.0774,15.1990
172,UCB + Entropía (RutAI),14.7280,14.1685,15.2895
173,UCB + Entropía (RutAI),14.8060,14.2485,15.3695
174,UCB + Entropía (RutAI),14.8825,14.3254,15.4351
175,UCB + Entropía (RutAI),14.9690,14.4079,15.5181
176,UCB + Entropía (RutAI),15.0355,14.4709,15.5846
177,UCB + Entropía (RutAI),15.1150,14.5375,15.6740
178,UCB + Entropía (RutAI),15.1990,14.6209,15.7576
179,UCB + Entropía (RutAI),15.2885,14.7144,15.8491
180,UCB + Entropía (RutAI),15.3545,14.7863,15.9090
181,UCB + Entropía (RutAI),15.4185,14.8432,15.9760
182,UCB + Entropía (RutAI),15.4760,14.8955,16.0360
183,UCB + Entropía (RutAI),15.5415,14.9563,16.1020
184,UCB + Entropía (RutAI),15.6075,15.0080,16.1765
185,UCB + Entropía (RutAI),15.6705,15.0778,16.2431
186,UCB + Entropía (RutAI),15.7335,15.1392,16.3197
187,UCB + Entropía (RutAI),15.8075,15.2098,16.3986
188,UCB + Entropía (RutAI),15.8915,15.2971,16.4790
189,UCB + Entropía (RutAI),15.9645,15.3655,16.5478
190,UCB + Entropía (RutAI),16.0390,15.4375,16.6222
191,UCB + Entropía (RutAI),16.1025,15.5009,16.6910
192,UCB + Entropía (RutAI),16.1650,15.5504,16.7596
193,UCB + Entropía (RutAI),16.2270,15.6110,16.8197
194,UCB + Entropía (RutAI),16.2935,15.6750,16.8930
195,UCB + Entropía (RutAI),16.3590,15.7329,16.9631
196,UCB + Entropía (RutAI),16.4245,15.7930,17.0331
197,UCB + Entropía (RutAI),16.4870,15.8560,17.0965
198,UCB + Entropía (RutAI),16.5360,15.9050,17.1465
199,UCB + Entropía (RutAI),16.5940,15.9609,17.2126
200,UCB + Entropía (RutAI),16.6520,16.0136,17.2736
201,UCB + Entropía (RutAI),16.7030,16.0643,17.3371
202,UCB + Entropía (RutAI),16.7500,16.1090,17.3906
203,UCB + Entropía (RutAI),16.7960,16.1559,17.4346
204,UCB + Entropía (RutAI),16.8415,16.2043,17.4736
205,UCB + Entropía (RutAI),16.9020,16.2617,17.5244
206,UCB + Entropía (RutAI),16.9675,16.3145,17.6000
207,UCB + Entropía (RutAI),17.0355,16.3900,17.6651
208,UCB + Entropía (RutAI),17.0920,16.4556,17.7201
209,UCB + Entropía (RutAI),17.1495,16.5054,17.7791
210,UCB + Entropía (RutAI),17.2115,16.5660,17.8440
211,UCB + Entropía (RutAI),17.2635,16.6149,17.9026
212,UCB + Entropía (RutAI),17.3300,16.6804,17.9701
213,UCB + Entropía (RutAI),17.3965,16.7424,18.0347
214,UCB + Entropía (RutAI),17.4525,16.7949,18.0810
215,UCB + Entropía (RutAI),17.5170,16.8505,18.1541
216,UCB + Entropía (RutAI),17.5770,16.9025,18.2196
217,UCB + Entropía (RutAI),17.6395,16.9654,18.2810
218,UCB + Entropía (RutAI),17.7100,17.0175,18.3575
219,UCB + Entropía (RutAI),17.7830,17.0883,18.4320
220,UCB + Entropía (RutAI),17.8475,17.1520,18.4886
221,UCB + Entropía (RutAI),17.9255,17.2269,18.5696
222,UCB + Entropía (RutAI),18.0000,17.3114,18.6431
223,UCB + Entropía (RutAI),18.0705,17.3784,18.7156
224,UCB + Entropía (RutAI),18.1460,17.4618,18.7916
225,UCB + Entropía (RutAI),18.2160,17.5339,18.8612
226,UCB + Entropía (RutAI),18.2790,17.6004,18.9216
227,UCB + Entropía (RutAI),18.3360,17.6580,18.9926
228,UCB + Entropía (RutAI),18.4060,17.7205,19.0673
229,UCB + Entropía (RutAI),18.4790,17.7894,19.1502
230,UCB + Entropía (RutAI),18.5610,17.8679,19.2410
231,UCB + Entropía (RutAI),18.6335,17.9324,19.3063
232,UCB + Entropía (RutAI),18.6795,17.9715,19.3541
233,UCB + Entropía (RutAI),18.7365,18.0298,19.4065
234,UCB + Entropía (RutAI),18.7945,18.0833,19.4646
235,UCB + Entropía (RutAI),18.8615,18.1445,19.5356
236,UCB + Entropía (RutAI),18.9140,18.1884,19.5897
237,UCB + Entropía (RutAI),18.9630,18.2299,19.6412
238,UCB + Entropía (RutAI),19.0115,18.2733,19.6946
239,UCB + Entropía (RutAI),19.0670,18.3204,19.7585
240,UCB + Entropía (RutAI),19.1220,18.3709,19.8135
241,UCB + Entropía (RutAI),19.1840,18.4308,19.8770
242,UCB + Entropía (RutAI),19.2400,18.4854,19.9265
243,UCB + Entropía (RutAI),19.2985,18.5487,19.9891
244,UCB + Entropía (RutAI),19.3685,18.6114,20.0675
245,UCB + Entropía (RutAI),19.4395,18.6797,20.1405
246,UCB + Entropía (RutAI),19.5135,18.7449,20.2175
247,UCB + Entropía (RutAI),19.5955,18.8312,20.3011
248,UCB + Entropía (RutAI),19.6495,18.8799,20.3661
249,UCB + Entropía (RutAI),19.7085,18.9328,20.4345
250,UCB + Entropía (RutAI),19.7700,18.9895,20.5001
251,UCB + Entropía (RutAI),19.8225,19.0380,20.5512
252,UCB + Entropía (RutAI),19.8845,19.0910,20.6266
253,UCB + Entropía (RutAI),19.9445,19.1495,20.6816
254,UCB + Entropía (RutAI),20.0155,19.2254,20.7541
255,UCB + Entropía (RutAI),20.0800,19.2893,20.8166
256,UCB + Entropía (RutAI),20.1450,19.3518,20.8790
257,UCB + Entropía (RutAI),20.2035,19.4181,20.9455
258,UCB + Entropía (RutAI),20.2565,19.4585,21.0046
259,UCB + Entropía (RutAI),20.3135,19.5205,21.0593
260,UCB + Entropía (RutAI),20.3690,19.5766,21.1236
261,UCB + Entropía (RutAI),20.4195,19.6217,21.1766
262,UCB + Entropía (RutAI),20.4620,19.6636,21.2176
263,UCB + Entropía (RutAI),20.5125,19.7173,21.2791
264,UCB + Entropía (RutAI),20.5740,19.7699,21.3415
265,UCB + Entropía (RutAI),20.6275,19.8229,21.3956
266,UCB + Entropía (RutAI),20.6750,19.8782,21.4382
267,UCB + Entropía (RutAI),20.7315,19.9257,21.4987
268,UCB + Entropía (RutAI),20.7750,19.9600,21.5460
269,UCB + Entropía (RutAI),20.8355,20.0254,21.6030
270,UCB + Entropía (RutAI),20.8880,20.0784,21.6536
271,UCB + Entropía (RutAI),20.9565,20.1479,21.7171
272,UCB + Entropía (RutAI),21.0260,20.2304,21.7940
273,UCB + Entropía (RutAI),21.0855,20.2764,21.8577
274,UCB + Entropía (RutAI),21.1450,20.3284,21.9227
275,UCB + Entropía (RutAI),21.1890,20.3650,21.9629
276,UCB + Entropía (RutAI),21.2345,20.4024,22.0123
277,UCB + Entropía (RutAI),21.2925,20.4565,22.0760
278,UCB + Entropía (RutAI),21.3495,20.5244,22.1357
279,UCB + Entropía (RutAI),21.4140,20.5860,22.1980
280,UCB + Entropía (RutAI),21.4825,20.6522,22.2640
281,UCB + Entropía (RutAI),21.5430,20.7112,22.3228
282,UCB + Entropía (RutAI),21.6105,20.7796,22.3915
283,UCB + Entropía (RutAI),21.6870,20.8525,22.4710
284,UCB + Entropía (RutAI),21.7570,20.9157,22.5380
285,UCB + Entropía (RutAI),21.8370,20.9868,22.6176
286,UCB + Entropía (RutAI),21.9120,21.0509,22.6876
287,UCB + Entropía (RutAI),21.9900,21.1425,22.7750
288,UCB + Entropía (RutAI),22.0740,21.2164,22.8625
289,UCB + Entropía (RutAI),22.1540,21.2764,22.9470
290,UCB + Entropía (RutAI),22.2340,21.3470,23.0273
291,UCB + Entropía (RutAI),22.3125,21.4305,23.1101
292,UCB + Entropía (RutAI),22.3860,21.5109,23.1856
293,UCB + Entropía (RutAI),22.4465,21.5759,23.2526
294,UCB + Entropía (RutAI),22.5160,21.6485,23.3210
295,UCB + Entropía (RutAI),22.5745,21.7134,23.3826
296,UCB + Entropía (RutAI),22.6255,21.7627,23.4317
297,UCB + Entropía (RutAI),22.6925,21.8262,23.5023
298,UCB + Entropía (RutAI),22.7645,21.8913,23.5845
299,UCB + Entropía (RutAI),22.8400,21.9600,23.6491
300,UCB + Entropía (RutAI),22.8980,22.0153,23.7175
301,UCB + Entropía (RutAI),22.9570,22.0832,23.7814
302,UCB + Entropía (RutAI),23.0065,22.1339,23.8406
303,UCB + Entropía (RutAI),23.0615,22.1928,23.8930
304,UCB + Entropía (RutAI),23.1200,22.2448,23.9457
305,UCB + Entropía (RutAI),23.1800,22.3014,23.9996
306,UCB + Entropía (RutAI),23.2385,22.3538,24.0616
307,UCB + Entropía (RutAI),23.2855,22.3959,24.1107
308,UCB + Entropía (RutAI),23.3270,22.4419,24.1520
309,UCB + Entropía (RutAI),23.3795,22.5009,24.2021
310,UCB + Entropía (RutAI),23.4325,22.5605,24.2620
311,UCB + Entropía (RutAI),23.4860,22.6130,24.3156
312,UCB + Entropía (RutAI),23.5325,22.6609,24.3616
313,UCB + Entropía (RutAI),23.5990,22.7255,24.4315
314,UCB + Entropía (RutAI),23.6550,22.7874,24.4861
315,UCB + Entropía (RutAI),23.7035,22.8349,24.5336
316,UCB + Entropía (RutAI),23.7565,22.8889,24.5862
317,UCB + Entropía (RutAI),23.8090,22.9444,24.6375
318,UCB + Entropía (RutAI),23.8515,22.9849,24.6842
319,UCB + Entropía (RutAI),23.9220,23.0524,24.7602
320,UCB + Entropía (RutAI),23.9800,23.1054,24.8315
321,UCB + Entropía (RutAI),24.0440,23.1629,24.8916
322,UCB + Entropía (RutAI),24.0965,23.2119,24.9442
323,UCB + Entropía (RutAI),24.1430,23.2554,24.9878
324,UCB + Entropía (RutAI),24.1985,23.3139,25.0528
325,UCB + Entropía (RutAI),24.2310,23.3450,25.0956
326,UCB + Entropía (RutAI),24.2750,23.3845,25.1465
327,UCB + Entropía (RutAI),24.3275,23.4358,25.1968
328,UCB + Entropía (RutAI),24.3735,23.4765,25.2443
329,UCB + Entropía (RutAI),24.4220,23.5204,25.2946
330,UCB + Entropía (RutAI),24.4680,23.5599,25.3405
331,UCB + Entropía (RutAI),24.5170,23.6059,25.3795
332,UCB + Entropía (RutAI),24.5645,23.6548,25.4162
333,UCB + Entropía (RutAI),24.6095,23.6944,25.4607
334,UCB + Entropía (RutAI),24.6660,23.7504,25.5188
335,UCB + Entropía (RutAI),24.7215,23.8044,25.5679
336,UCB + Entropía (RutAI),24.7680,23.8505,25.6204
337,UCB + Entropía (RutAI),24.8175,23.8982,25.6717
338,UCB + Entropía (RutAI),24.8630,23.9369,25.7096
339,UCB + Entropía (RutAI),24.9105,23.9785,25.7682
340,UCB + Entropía (RutAI),24.9810,24.0505,25.8546
341,UCB + Entropía (RutAI),25.0400,24.1049,25.9186
342,UCB + Entropía (RutAI),25.0950,24.1582,25.9767
343,UCB + Entropía (RutAI),25.1520,24.2138,26.0255
344,UCB + Entropía (RutAI),25.2050,24.2686,26.0757
345,UCB + Entropía (RutAI),25.2500,24.3260,26.1276
346,UCB + Entropía (RutAI),25.2930,24.3709,26.1806
347,UCB + Entropía (RutAI),25.3400,24.4161,26.2281
348,UCB + Entropía (RutAI),25.3915,24.4621,26.2861
349,UCB + Entropía (RutAI),25.4305,24.4983,26.3191
350,UCB + Entropía (RutAI),25.4810,24.5562,26.3695
351,UCB + Entropía (RutAI),25.5220,24.6059,26.4081
352,UCB + Entropía (RutAI),25.5705,24.6393,26.4578
353,UCB + Entropía (RutAI),25.6165,24.6767,26.5137
354,UCB + Entropía (RutAI),25.6520,24.7149,26.5502
355,UCB + Entropía (RutAI),25.6940,24.7578,26.5982
356,UCB + Entropía (RutAI),25.7260,24.7894,26.6371
357,UCB + Entropía (RutAI),25.7625,24.8235,26.6861
358,UCB + Entropía (RutAI),25.7950,24.8568,26.7285
359,UCB + Entropía (RutAI),25.8340,24.9006,26.7653
360,UCB + Entropía (RutAI),25.8680,24.9219,26.8001
361,UCB + Entropía (RutAI),25.9015,24.9514,26.8458
362,UCB + Entropía (RutAI),25.9335,24.9862,26.8851
363,UCB + Entropía (RutAI),25.9695,25.0195,26.9155
364,UCB + Entropía (RutAI),26.0060,25.0372,26.9541
365,UCB + Entropía (RutAI),26.0440,25.0623,26.9941
366,UCB + Entropía (RutAI),26.0885,25.0999,27.0352
367,UCB + Entropía (RutAI),26.1360,25.1558,27.0820
368,UCB + Entropía (RutAI),26.1820,25.2031,27.1261
369,UCB + Entropía (RutAI),26.2380,25.2620,27.1866
370,UCB + Entropía (RutAI),26.2825,25.3089,27.2316
371,UCB + Entropía (RutAI),26.3325,25.3528,27.2826
372,UCB + Entropía (RutAI),26.3850,25.4112,27.3366
373,UCB + Entropía (RutAI),26.4380,25.4683,27.3935
374,UCB + Entropía (RutAI),26.5030,25.5331,27.4527
375,UCB + Entropía (RutAI),26.5560,25.5774,27.5120
376,UCB + Entropía (RutAI),26.5995,25.6153,27.5505
377,UCB + Entropía (RutAI),26.6500,25.6630,27.6001
378,UCB + Entropía (RutAI),26.7000,25.7210,27.6512
379,UCB + Entropía (RutAI),26.7515,25.7764,27.7131
380,UCB + Entropía (RutAI),26.8095,25.8274,27.7811
381,UCB + Entropía (RutAI),26.8610,25.8813,27.8391
382,UCB + Entropía (RutAI),26.9060,25.9199,27.8946
383,UCB + Entropía (RutAI),26.9540,25.9674,27.9442
384,UCB + Entropía (RutAI),27.0140,26.0255,28.0075
385,UCB + Entropía (RutAI),27.0750,26.0839,28.0580
386,UCB + Entropía (RutAI),27.1335,26.1385,28.1091
387,UCB + Entropía (RutAI),27.1965,26.1945,28.1626
388,UCB + Entropía (RutAI),27.2510,26.2472,28.2211
389,UCB + Entropía (RutAI),27.3015,26.2839,28.2797
390,UCB + Entropía (RutAI),27.3495,26.3365,28.3292
391,UCB + Entropía (RutAI),27.4070,26.3901,28.3840
392,UCB + Entropía (RutAI),27.4620,26.4474,28.4292
393,UCB + Entropía (RutAI),27.5130,26.5058,28.4802
394,UCB + Entropía (RutAI),27.5655,26.5694,28.5401
395,UCB + Entropía (RutAI),27.6145,26.6179,28.5911
396,UCB + Entropía (RutAI),27.6600,26.6539,28.6298
397,UCB + Entropía (RutAI),27.7140,26.7080,28.6896
398,UCB + Entropía (RutAI),27.7630,26.7594,28.7416
399,UCB + Entropía (RutAI),27.8110,26.8113,28.7811
400,UCB + Entropía (RutAI),27.8585,26.8573,28.8301
401,UCB + Entropía (RutAI),27.8935,26.8870,28.8715
402,UCB + Entropía (RutAI),27.9475,26.9404,28.9356
403,UCB + Entropía (RutAI),27.9960,26.9962,28.9911
404,UCB + Entropía (RutAI),28.0440,27.0403,29.0350
405,UCB + Entropía (RutAI),28.0855,27.0872,29.0791
406,UCB + Entropía (RutAI),28.1245,27.1396,29.1285
407,UCB + Entropía (RutAI),28.1645,27.1829,29.1715
408,UCB + Entropía (RutAI),28.2045,27.2215,29.2077
409,UCB + Entropía (RutAI),28.2555,27.2707,29.2631
410,UCB + Entropía (RutAI),28.3065,27.3124,29.3215
411,UCB + Entropía (RutAI),28.3595,27.3413,29.3790
412,UCB + Entropía (RutAI),28.4255,27.4023,29.4442
413,UCB + Entropía (RutAI),28.4705,27.4525,29.4881
414,UCB + Entropía (RutAI),28.5280,27.5054,29.5500
415,UCB + Entropía (RutAI),28.5795,27.5546,29.6016
416,UCB + Entropía (RutAI),28.6345,27.6043,29.6476
417,UCB + Entropía (RutAI),28.6775,27.6443,29.6926
418,UCB + Entropía (RutAI),28.7250,27.6895,29.7430
419,UCB + Entropía (RutAI),28.7805,27.7475,29.7990
420,UCB + Entropía (RutAI),28.8255,27.7946,29.8396
421,UCB + Entropía (RutAI),28.8780,27.8582,29.8960
422,UCB + Entropía (RutAI),28.9255,27.8935,29.9402
423,UCB + Entropía (RutAI),28.9680,27.9289,29.9782
424,UCB + Entropía (RutAI),29.0170,27.9772,30.0366
425,UCB + Entropía (RutAI),29.0675,28.0350,30.0935
426,UCB + Entropía (RutAI),29.1250,28.0870,30.1565
427,UCB + Entropía (RutAI),29.1755,28.1343,30.2136
428,UCB + Entropía (RutAI),29.2265,28.1876,30.2690
429,UCB + Entropía (RutAI),29.2800,28.2419,30.3245
430,UCB + Entropía (RutAI),29.3240,28.2870,30.3622
431,UCB + Entropía (RutAI),29.3645,28.3206,30.4032
432,UCB + Entropía (RutAI),29.4025,28.3504,30.4495
433,UCB + Entropía (RutAI),29.4610,28.4231,30.5107
434,UCB + Entropía (RutAI),29.5185,28.4645,30.5765
435,UCB + Entropía (RutAI),29.5675,28.5039,30.6330
436,UCB + Entropía (RutAI),29.6250,28.5569,30.6960
437,UCB + Entropía (RutAI),29.6840,28.6064,30.7531
438,UCB + Entropía (RutAI),29.7355,28.6469,30.8056
439,UCB + Entropía (RutAI),29.7860,28.6934,30.8522
440,UCB + Entropía (RutAI),29.8250,28.7223,30.8947
441,UCB + Entropía (RutAI),29.8705,28.7643,30.9468
442,UCB + Entropía (RutAI),29.9295,28.8230,31.0101
443,UCB + Entropía (RutAI),29.9900,28.8711,31.0807
444,UCB + Entropía (RutAI),30.0445,28.9148,31.1370
445,UCB + Entropía (RutAI),30.0915,28.9540,31.1847
446,UCB + Entropía (RutAI),30.1490,29.0224,31.2497
447,UCB + Entropía (RutAI),30.1935,29.0555,31.2931
448,UCB + Entropía (RutAI),30.2495,29.1104,31.3570
449,UCB + Entropía (RutAI),30.3065,29.1772,31.4186
450,UCB + Entropía (RutAI),30.3465,29.2127,31.4558
451,UCB + Entropía (RutAI),30.3760,29.2319,31.4902
452,UCB + Entropía (RutAI),30.4095,29.2639,31.5275
453,UCB + Entropía (RutAI),30.4430,29.3009,31.5543
454,UCB + Entropía (RutAI),30.4770,29.3320,31.5865
455,UCB + Entropía (RutAI),30.5090,29.3647,31.6191
456,UCB + Entropía (RutAI),30.5465,29.3929,31.6679
457,UCB + Entropía (RutAI),30.5920,29.4305,31.7205
458,UCB + Entropía (RutAI),30.6390,29.4694,31.7690
459,UCB + Entropía (RutAI),30.6890,29.5187,31.8160
460,UCB + Entropía (RutAI),30.7410,29.5684,31.8755
461,UCB + Entropía (RutAI),30.7945,29.6306,31.9431
462,UCB + Entropía (RutAI),30.8435,29.6692,31.9861
463,UCB + Entropía (RutAI),30.8945,29.7275,32.0361
464,UCB + Entropía (RutAI),30.9435,29.7718,32.0881
465,UCB + Entropía (RutAI),30.9920,29.8237,32.1370
466,UCB + Entropía (RutAI),31.0395,29.8665,32.1781
467,UCB + Entropía (RutAI),31.0910,29.9250,32.2336
468,UCB + Entropía (RutAI),31.1440,29.9804,32.2926
469,UCB + Entropía (RutAI),31.1965,30.0328,32.3476
470,UCB + Entropía (RutAI),31.2630,30.0940,32.4187
471,UCB + Entropía (RutAI),31.3250,30.1495,32.4871
472,UCB + Entropía (RutAI),31.3795,30.2065,32.5472
473,UCB + Entropía (RutAI),31.4325,30.2569,32.6068
474,UCB + Entropía (RutAI),31.4880,30.3153,32.6731
475,UCB + Entropía (RutAI),31.5500,30.3699,32.7303
476,UCB + Entropía (RutAI),31.6125,30.4293,32.8023
477,UCB + Entropía (RutAI),31.6600,30.4717,32.8726
478,UCB + Entropía (RutAI),31.6995,30.5121,32.9196
479,UCB + Entropía (RutAI),31.7495,30.5465,32.9695
480,UCB + Entropía (RutAI),31.8075,30.5912,33.0285
481,UCB + Entropía (RutAI),31.8680,30.6409,33.0811
482,UCB + Entropía (RutAI),31.9150,30.6765,33.1311
483,UCB + Entropía (RutAI),31.9710,30.7389,33.1795
484,UCB + Entropía (RutAI),32.0370,30.8079,33.2490
485,UCB + Entropía (RutAI),32.1025,30.8649,33.3186
486,UCB + Entropía (RutAI),32.1555,30.9185,33.3677
487,UCB + Entropía (RutAI),32.1990,30.9548,33.4141
488,UCB + Entropía (RutAI),32.2465,30.9945,33.4820
489,UCB + Entropía (RutAI),32.2950,31.0395,33.5359
490,UCB + Entropía (RutAI),32.3385,31.0669,33.5878
491,UCB + Entropía (RutAI),32.3945,31.1124,33.6513
492,UCB + Entropía (RutAI),32.4450,31.1598,33.7070
493,UCB + Entropía (RutAI),32.4850,31.1944,33.7391
494,UCB + Entropía (RutAI),32.5310,31.2299,33.7861
495,UCB + Entropía (RutAI),32.5805,31.2764,33.8307
496,UCB + Entropía (RutAI),32.6355,31.3407,33.8870
497,UCB + Entropía (RutAI),32.6790,31.3893,33.9340
498,UCB + Entropía (RutAI),32.7270,31.4432,33.9816
499,UCB + Entropía (RutAI),32.7795,31.4968,34.0371
500,UCB + Entropía (RutAI),32.8165,31.5373,34.0737
