<?xml version='1.0' encoding='UTF-8' standalone='yes' ?>
<gpx xmlns="http://www.topografix.com/GPX/1/1" xmlns:geotracker="http://ilyabogdanovich.com/gpx/extensions/geotracker" xmlns:xsi="http://www.w3.org/2001/XMLSchema-instance" xsi:schemaLocation="http://www.topografix.com/GPX/1/1 http://www.topografix.com/GPX/1/1/gpx.xsd" version="1.1" creator="Registrado con Geo Tracker para Android de Ilya Bogdanovich">
  <metadata>
    <name>3 may 2026 11:51:46 a. m.</name>
    <author>
      <name>Registrado con Geo Tracker para Android de Ilya Bogdanovich</name>
      <link href="https://play.google.com/store/apps/details?id=com.ilyabogdanovich.geotracker" />
    </author>
    <link href="https://play.google.com/store/apps/details?id=com.ilyabogdanovich.geotracker" />
    <time>2026-05-03T16:51:46Z</time>
  </metadata>
  <wpt lat="-1.02261135" lon="-79.46499668">
    <ele>83.42</ele>
    <time>2026-05-03T17:33:40Z</time>
    <name>Parada de ~3 min</name>
    <desc>Elevación: 274 ft
Tiempo desde inicio: 00:41:53
Distancia desde inicio: 9,92 mi</desc>
    <extensions>
      <geotracker:meta visited="1" />
    </extensions>
  </wpt>
  <trk>
    <name>3 may 2026 11:51:46 a. m.</name>
    <src>Registrado con Geo Tracker para Android de Ilya Bogdanovich</src>
    <link href="https://play.google.com/store/apps/details?id=com.ilyabogdanovich.geotracker" />
    <extensions>
      <geotracker:meta>
        <geotracker:length>15966.38</geotracker:length>
        <geotracker:duration>2916796</geotracker:duration>
        <geotracker:creationtime>2026-05-03T16:51:46Z</geotracker:creationtime>
        <geotracker:activity>0</geotracker:activity>
      </geotracker:meta>
    </extensions>
    <trkseg>
      <trkpt lat="-1.00602652" lon="-79.44614016">
        <ele>73.34</ele>
        <time>2026-05-03T16:51:54Z</time>
        <extensions>
          <geotracker:meta s="0" />
        </extensions>
      </trkpt>
      <trkpt lat="-1.00592037" lon="-79.44612966">
        <ele>73.71</ele>
        <time>2026-05-03T16:51:59Z</time>
        <extensions>
          <geotracker:meta c="6.27" s="5.71" />
        </extensions>
      </trkpt>
      <trkpt lat="-1.00581324" lon="-79.44613256">
        <ele>74.7</ele>
        <time>2026-05-03T16:52:01Z</time>
        <extensions>
          <geotracker:meta c="6.27" s="5.95" />
        </extensions>
      </trkpt>
      <trkpt lat="-1.00566079" lon="-79.44613321">
        <ele>74.26</ele>
        <time>2026-05-03T16:52:03Z</time>
        <extensions>
          <geotracker:meta c="6.23" s="8.68" />
        </extensions>
      </trkpt>
      <trkpt lat="-1.0054409" lon="-79.44614616">
        <ele>76.51</ele>
        <time>2026-05-03T16:52:06Z</time>
        <extensions>
          <geotracker:meta c="6.25" s="7.66" />
        </extensions>
      </trkpt>
      <trkpt lat="-1.00526855" lon="-79.44613385">
        <ele>78.68</ele>
        <time>2026-05-03T16:52:09Z</time>
        <extensions>
          <geotracker:meta c="6.24" s="3.94" />
        </extensions>
      </trkpt>
      <trkpt lat="-1.00517495" lon="-79.44615057">
        <ele>79.75</ele>
        <time>2026-05-03T16:52:13Z</time>
        <extensions>
          <geotracker:meta c="0.02" s="2.89" />
        </extensions>
      </trkpt>
      <trkpt lat="-1.00505569" lon="-79.44615847">
        <ele>79.15</ele>
        <time>2026-05-03T16:52:15Z</time>
        <extensions>
          <geotracker:meta c="0.08" s="6.28" />
        </extensions>
      </trkpt>
      <trkpt lat="-1.00489706" lon="-79.44616589">
        <ele>79.55</ele>
        <time>2026-05-03T16:52:17Z</time>
        <extensions>
          <geotracker:meta c="6.26" s="8.94" />
        </extensions>
      </trkpt>
      <trkpt lat="-1.00463903" lon="-79.44619038">
        <ele>79.34</ele>
        <time>2026-05-03T16:52:20Z</time>
        <extensions>
          <geotracker:meta c="6.24" s="9.58" />
        </extensions>
      </trkpt>
      <trkpt lat="-1.00445958" lon="-79.44619438">
        <ele>78.68</ele>
        <time>2026-05-03T16:52:22Z</time>
        <extensions>
          <geotracker:meta c="6.22" s="9.72" />
        </extensions>
      </trkpt>
      <trkpt lat="-1.00428633" lon="-79.44620183">
        <ele>79.3</ele>
        <time>2026-05-03T16:52:24Z</time>
        <extensions>
          <geotracker:meta c="6.28" s="8.44" />
        </extensions>
      </trkpt>
      <trkpt lat="-1.00412647" lon="-79.4462063">
        <ele>78.57</ele>
        <time>2026-05-03T16:52:26Z</time>
        <extensions>
          <geotracker:meta c="6.24" s="9" />
        </extensions>
      </trkpt>
      <trkpt lat="-1.00396832" lon="-79.44620603">
        <ele>79.94</ele>
        <time>2026-05-03T16:52:28Z</time>
        <extensions>
          <geotracker:meta c="6.27" s="8.47" />
        </extensions>
      </trkpt>
      <trkpt lat="-1.00383822" lon="-79.44620668">
        <ele>80.29</ele>
        <time>2026-05-03T16:52:30Z</time>
        <extensions>
          <geotracker:meta c="6.24" s="7.37" />
        </extensions>
      </trkpt>
      <trkpt lat="-1.00370693" lon="-79.44620201">
        <ele>80.43</ele>
        <time>2026-05-03T16:52:32Z</time>
        <extensions>
          <geotracker:meta c="6.22" s="6.84" />
        </extensions>
      </trkpt>
      <trkpt lat="-1.00367203" lon="-79.446389">
        <ele>82.26</ele>
        <time>2026-05-03T16:52:37Z</time>
        <extensions>
          <geotracker:meta c="4.74" s="9.23" />
        </extensions>
      </trkpt>
      <trkpt lat="-1.00368202" lon="-79.44659946">
        <ele>86.6</ele>
        <time>2026-05-03T16:52:40Z</time>
        <extensions>
          <geotracker:meta c="4.64" s="5.23" />
        </extensions>
      </trkpt>
      <trkpt lat="-1.00372663" lon="-79.44670328">
        <ele>82.79</ele>
        <time>2026-05-03T16:52:44Z</time>
        <extensions>
          <geotracker:meta c="3.94" s="2.59" />
        </extensions>
      </trkpt>
      <trkpt lat="-1.00379719" lon="-79.44677176">
        <ele>82.72</ele>
        <time>2026-05-03T16:52:46Z</time>
        <extensions>
          <geotracker:meta c="3.79" s="6.6" />
        </extensions>
      </trkpt>
      <trkpt lat="-1.00392354" lon="-79.44679758">
        <ele>84.63</ele>
        <time>2026-05-03T16:52:48Z</time>
        <extensions>
          <geotracker:meta c="3.14" s="9.86" />
        </extensions>
      </trkpt>
      <trkpt lat="-1.00404516" lon="-79.44683483">
        <ele>82.42</ele>
        <time>2026-05-03T16:52:50Z</time>
        <extensions>
          <geotracker:meta c="3.72" s="6.89" />
        </extensions>
      </trkpt>
      <trkpt lat="-1.00415868" lon="-79.44692186">
        <ele>81.17</ele>
        <time>2026-05-03T16:52:53Z</time>
        <extensions>
          <geotracker:meta c="3.79" s="2.94" />
        </extensions>
      </trkpt>
      <trkpt lat="-1.00472511" lon="-79.4468242">
        <ele>81.22</ele>
        <time>2026-05-03T16:54:47Z</time>
        <extensions>
          <geotracker:meta c="3.14" s="6.08" />
        </extensions>
      </trkpt>
      <trkpt lat="-1.00486568" lon="-79.44678123">
        <ele>84.11</ele>
        <time>2026-05-03T16:54:50Z</time>
        <extensions>
          <geotracker:meta c="3.08" s="5.63" />
        </extensions>
      </trkpt>
      <trkpt lat="-1.00497828" lon="-79.44676267">
        <ele>80.17</ele>
        <time>2026-05-03T16:54:52Z</time>
        <extensions>
          <geotracker:meta c="3.07" s="7.12" />
        </extensions>
      </trkpt>
      <trkpt lat="-1.00511381" lon="-79.44674368">
        <ele>80.42</ele>
        <time>2026-05-03T16:54:54Z</time>
        <extensions>
          <geotracker:meta c="3.12" s="9.19" />
        </extensions>
      </trkpt>
      <trkpt lat="-1.00529849" lon="-79.44673134">
        <ele>80.88</ele>
        <time>2026-05-03T16:54:56Z</time>
        <extensions>
          <geotracker:meta c="3.09" s="11.64" />
        </extensions>
      </trkpt>
      <trkpt lat="-1.00540977" lon="-79.44672863">
        <ele>80.33</ele>
        <time>2026-05-03T16:54:57Z</time>
        <extensions>
          <geotracker:meta c="3.09" s="12.75" />
        </extensions>
      </trkpt>
      <trkpt lat="-1.00552869" lon="-79.44672155">
        <ele>80.04</ele>
        <time>2026-05-03T16:54:58Z</time>
        <extensions>
          <geotracker:meta c="3.08" s="13.46" />
        </extensions>
      </trkpt>
      <trkpt lat="-1.00565084" lon="-79.44671739">
        <ele>79.52</ele>
        <time>2026-05-03T16:54:59Z</time>
        <extensions>
          <geotracker:meta c="3.09" s="14.25" />
        </extensions>
      </trkpt>
      <trkpt lat="-1.0057786" lon="-79.44671085">
        <ele>79.19</ele>
        <time>2026-05-03T16:55:00Z</time>
        <extensions>
          <geotracker:meta c="3.1" s="14.68" />
        </extensions>
      </trkpt>
      <trkpt lat="-1.00590988" lon="-79.44670116">
        <ele>79.27</ele>
        <time>2026-05-03T16:55:01Z</time>
        <extensions>
          <geotracker:meta c="3.09" s="14.71" />
        </extensions>
      </trkpt>
      <trkpt lat="-1.00604489" lon="-79.44669622">
        <ele>79.08</ele>
        <time>2026-05-03T16:55:02Z</time>
        <extensions>
          <geotracker:meta c="3.1" s="15.14" />
        </extensions>
      </trkpt>
      <trkpt lat="-1.00617987" lon="-79.44668984">
        <ele>79.08</ele>
        <time>2026-05-03T16:55:03Z</time>
        <extensions>
          <geotracker:meta c="3.1" s="15.14" />
        </extensions>
      </trkpt>
      <trkpt lat="-1.00633198" lon="-79.4466788">
        <ele>78.6</ele>
        <time>2026-05-03T16:55:04Z</time>
        <extensions>
          <geotracker:meta c="3.08" s="15.34" />
        </extensions>
      </trkpt>
      <trkpt lat="-1.00647112" lon="-79.44667345">
        <ele>78.64</ele>
        <time>2026-05-03T16:55:05Z</time>
        <extensions>
          <geotracker:meta c="3.1" s="15.37" />
        </extensions>
      </trkpt>
      <trkpt lat="-1.00660999" lon="-79.44666674">
        <ele>78.9</ele>
        <time>2026-05-03T16:55:06Z</time>
        <extensions>
          <geotracker:meta c="3.09" s="15.37" />
        </extensions>
      </trkpt>
      <trkpt lat="-1.00674567" lon="-79.44666182">
        <ele>78.6</ele>
        <time>2026-05-03T16:55:07Z</time>
        <extensions>
          <geotracker:meta c="3.09" s="15.16" />
        </extensions>
      </trkpt>
      <trkpt lat="-1.00701226" lon="-79.4466399">
        <ele>78.63</ele>
        <time>2026-05-03T16:55:09Z</time>
        <extensions>
          <geotracker:meta c="3.07" s="15.12" />
        </extensions>
      </trkpt>
      <trkpt lat="-1.00755454" lon="-79.44660766">
        <ele>79.18</ele>
        <time>2026-05-03T16:55:13Z</time>
        <extensions>
          <geotracker:meta c="3.1" s="14.95" />
        </extensions>
      </trkpt>
      <trkpt lat="-1.00796757" lon="-79.44658748">
        <ele>78.46</ele>
        <time>2026-05-03T16:55:16Z</time>
        <extensions>
          <geotracker:meta c="3.1" s="15.21" />
        </extensions>
      </trkpt>
      <trkpt lat="-1.00838147" lon="-79.44656631">
        <ele>79.31</ele>
        <time>2026-05-03T16:55:19Z</time>
        <extensions>
          <geotracker:meta c="3.08" s="15.65" />
        </extensions>
      </trkpt>
      <trkpt lat="-1.00853839" lon="-79.44655746">
        <ele>79.72</ele>
        <time>2026-05-03T16:55:20Z</time>
        <extensions>
          <geotracker:meta c="3.08" s="16.2" />
        </extensions>
      </trkpt>
      <trkpt lat="-1.00869001" lon="-79.44655306">
        <ele>78.75</ele>
        <time>2026-05-03T16:55:21Z</time>
        <extensions>
          <geotracker:meta c="3.08" s="16.24" />
        </extensions>
      </trkpt>
      <trkpt lat="-1.00899184" lon="-79.44653378">
        <ele>78.95</ele>
        <time>2026-05-03T16:55:23Z</time>
        <extensions>
          <geotracker:meta c="3.09" s="16.66" />
        </extensions>
      </trkpt>
      <trkpt lat="-1.00945466" lon="-79.44650954">
        <ele>77.82</ele>
        <time>2026-05-03T16:55:26Z</time>
        <extensions>
          <geotracker:meta c="3.1" s="16.92" />
        </extensions>
      </trkpt>
      <trkpt lat="-1.00988037" lon="-79.44649882">
        <ele>78.28</ele>
        <time>2026-05-03T16:55:29Z</time>
        <extensions>
          <geotracker:meta c="3.11" s="14.15" />
        </extensions>
      </trkpt>
      <trkpt lat="-1.01010852" lon="-79.44649948">
        <ele>78.61</ele>
        <time>2026-05-03T16:55:31Z</time>
        <extensions>
          <geotracker:meta c="3.16" s="11.1" />
        </extensions>
      </trkpt>
      <trkpt lat="-1.01028918" lon="-79.44648711">
        <ele>78.93</ele>
        <time>2026-05-03T16:55:33Z</time>
        <extensions>
          <geotracker:meta c="3.08" s="9.38" />
        </extensions>
      </trkpt>
      <trkpt lat="-1.0105246" lon="-79.4464623">
        <ele>79.15</ele>
        <time>2026-05-03T16:55:36Z</time>
        <extensions>
          <geotracker:meta c="3.06" s="8.56" />
        </extensions>
      </trkpt>
    </trkseg>
    <trkseg>
      <trkpt lat="-1.01681897" lon="-79.45070913">
        <ele>71.11</ele>
        <time>2026-05-03T16:56:45Z</time>
        <extensions>
          <geotracker:meta c="4.08" s="17.27" />
        </extensions>
      </trkpt>
      <trkpt lat="-1.01690653" lon="-79.45084029">
        <ele>70.02</ele>
        <time>2026-05-03T16:56:46Z</time>
        <extensions>
          <geotracker:meta c="4.13" s="17.48" />
        </extensions>
      </trkpt>
      <trkpt lat="-1.01698261" lon="-79.45097851">
        <ele>70.23</ele>
        <time>2026-05-03T16:56:47Z</time>
        <extensions>
          <geotracker:meta c="4.22" s="17.8" />
        </extensions>
      </trkpt>
      <trkpt lat="-1.01706464" lon="-79.45112141">
        <ele>69.85</ele>
        <time>2026-05-03T16:56:48Z</time>
        <extensions>
          <geotracker:meta c="4.23" s="18.09" />
        </extensions>
      </trkpt>
      <trkpt lat="-1.01714979" lon="-79.45126247">
        <ele>69.77</ele>
        <time>2026-05-03T16:56:49Z</time>
        <extensions>
          <geotracker:meta c="4.17" s="18.2" />
        </extensions>
      </trkpt>
      <trkpt lat="-1.01724149" lon="-79.45140199">
        <ele>69.66</ele>
        <time>2026-05-03T16:56:50Z</time>
        <extensions>
          <geotracker:meta c="4.13" s="18.34" />
        </extensions>
      </trkpt>
      <trkpt lat="-1.01733824" lon="-79.45153409">
        <ele>70.79</ele>
        <time>2026-05-03T16:56:51Z</time>
        <extensions>
          <geotracker:meta c="4.11" s="18.22" />
        </extensions>
      </trkpt>
      <trkpt lat="-1.0174379" lon="-79.45166742">
        <ele>71.84</ele>
        <time>2026-05-03T16:56:52Z</time>
        <extensions>
          <geotracker:meta c="4.07" s="18.53" />
        </extensions>
      </trkpt>
      <trkpt lat="-1.01754354" lon="-79.45179969">
        <ele>72.45</ele>
        <time>2026-05-03T16:56:53Z</time>
        <extensions>
          <geotracker:meta c="4.05" s="18.59" />
        </extensions>
      </trkpt>
      <trkpt lat="-1.01764382" lon="-79.45191936">
        <ele>72.28</ele>
        <time>2026-05-03T16:56:54Z</time>
        <extensions>
          <geotracker:meta c="4.01" s="18.32" />
        </extensions>
      </trkpt>
      <trkpt lat="-1.01774944" lon="-79.45204641">
        <ele>72.25</ele>
        <time>2026-05-03T16:56:55Z</time>
        <extensions>
          <geotracker:meta c="4.02" s="18.33" />
        </extensions>
      </trkpt>
      <trkpt lat="-1.01786553" lon="-79.45216021">
        <ele>72.5</ele>
        <time>2026-05-03T16:56:56Z</time>
        <extensions>
          <geotracker:meta c="3.97" s="18.16" />
        </extensions>
      </trkpt>
      <trkpt lat="-1.01798164" lon="-79.45227532">
        <ele>72.83</ele>
        <time>2026-05-03T16:56:57Z</time>
        <extensions>
          <geotracker:meta c="3.91" s="18.12" />
        </extensions>
      </trkpt>
      <trkpt lat="-1.01807682" lon="-79.45235928">
        <ele>72.08</ele>
        <time>2026-05-03T16:56:58Z</time>
        <extensions>
          <geotracker:meta c="3.88" s="16.57" />
        </extensions>
      </trkpt>
      <trkpt lat="-1.0181827" lon="-79.452462">
        <ele>72.27</ele>
        <time>2026-05-03T16:56:59Z</time>
        <extensions>
          <geotracker:meta c="3.89" s="16.65" />
        </extensions>
      </trkpt>
      <trkpt lat="-1.01829676" lon="-79.45256416">
        <ele>71.91</ele>
        <time>2026-05-03T16:57:00Z</time>
        <extensions>
          <geotracker:meta c="3.94" s="16.46" />
        </extensions>
      </trkpt>
      <trkpt lat="-1.01840444" lon="-79.45267329">
        <ele>72.48</ele>
        <time>2026-05-03T16:57:01Z</time>
        <extensions>
          <geotracker:meta c="3.94" s="16.81" />
        </extensions>
      </trkpt>
      <trkpt lat="-1.01851296" lon="-79.45278515">
        <ele>72.32</ele>
        <time>2026-05-03T16:57:02Z</time>
        <extensions>
          <geotracker:meta c="3.95" s="16.39" />
        </extensions>
      </trkpt>
      <trkpt lat="-1.01861992" lon="-79.45288431">
        <ele>70.88</ele>
        <time>2026-05-03T16:57:03Z</time>
        <extensions>
          <geotracker:meta c="3.95" s="16.24" />
        </extensions>
      </trkpt>
      <trkpt lat="-1.01872856" lon="-79.45298978">
        <ele>70.93</ele>
        <time>2026-05-03T16:57:04Z</time>
        <extensions>
          <geotracker:meta c="3.94" s="16.54" />
        </extensions>
      </trkpt>
      <trkpt lat="-1.01883139" lon="-79.45309794">
        <ele>71.15</ele>
        <time>2026-05-03T16:57:05Z</time>
        <extensions>
          <geotracker:meta c="3.93" s="16.01" />
        </extensions>
      </trkpt>
      <trkpt lat="-1.01893809" lon="-79.45320536">
        <ele>71.38</ele>
        <time>2026-05-03T16:57:06Z</time>
        <extensions>
          <geotracker:meta c="3.94" s="16.29" />
        </extensions>
      </trkpt>
      <trkpt lat="-1.01903454" lon="-79.45330309">
        <ele>71.58</ele>
        <time>2026-05-03T16:57:07Z</time>
        <extensions>
          <geotracker:meta c="3.95" s="15.53" />
        </extensions>
      </trkpt>
      <trkpt lat="-1.01912309" lon="-79.45340516">
        <ele>70.73</ele>
        <time>2026-05-03T16:57:08Z</time>
        <extensions>
          <geotracker:meta c="4" s="14.74" />
        </extensions>
      </trkpt>
      <trkpt lat="-1.0192045" lon="-79.45349222">
        <ele>70.11</ele>
        <time>2026-05-03T16:57:09Z</time>
        <extensions>
          <geotracker:meta c="3.99" s="13.72" />
        </extensions>
      </trkpt>
      <trkpt lat="-1.01928766" lon="-79.45358504">
        <ele>71.09</ele>
        <time>2026-05-03T16:57:10Z</time>
        <extensions>
          <geotracker:meta c="4" s="13.21" />
        </extensions>
      </trkpt>
      <trkpt lat="-1.01936322" lon="-79.45367876">
        <ele>71.94</ele>
        <time>2026-05-03T16:57:11Z</time>
        <extensions>
          <geotracker:meta c="4.01" s="13.09" />
        </extensions>
      </trkpt>
      <trkpt lat="-1.0194345" lon="-79.45376527">
        <ele>73.49</ele>
        <time>2026-05-03T16:57:12Z</time>
        <extensions>
          <geotracker:meta c="4.01" s="11.73" />
        </extensions>
      </trkpt>
      <trkpt lat="-1.01950653" lon="-79.45384465">
        <ele>72.6</ele>
        <time>2026-05-03T16:57:13Z</time>
        <extensions>
          <geotracker:meta c="4" s="11.65" />
        </extensions>
      </trkpt>
      <trkpt lat="-1.01956245" lon="-79.45391612">
        <ele>72.35</ele>
        <time>2026-05-03T16:57:14Z</time>
        <extensions>
          <geotracker:meta c="4.05" s="10.88" />
        </extensions>
      </trkpt>
      <trkpt lat="-1.0196226" lon="-79.45399065">
        <ele>71.68</ele>
        <time>2026-05-03T16:57:15Z</time>
        <extensions>
          <geotracker:meta c="4.05" s="10.48" />
        </extensions>
      </trkpt>
      <trkpt lat="-1.01971078" lon="-79.45411626">
        <ele>73.31</ele>
        <time>2026-05-03T16:57:17Z</time>
        <extensions>
          <geotracker:meta c="4.11" s="8.6" />
        </extensions>
      </trkpt>
      <trkpt lat="-1.01979079" lon="-79.45419781">
        <ele>74.77</ele>
        <time>2026-05-03T16:57:19Z</time>
        <extensions>
          <geotracker:meta c="3.96" s="6.12" />
        </extensions>
      </trkpt>
      <trkpt lat="-1.01982998" lon="-79.45429225">
        <ele>73.84</ele>
        <time>2026-05-03T16:57:31Z</time>
        <extensions>
          <geotracker:meta c="4.11" s="3.37" />
        </extensions>
      </trkpt>
      <trkpt lat="-1.01988152" lon="-79.45437916">
        <ele>73.04</ele>
        <time>2026-05-03T16:57:33Z</time>
        <extensions>
          <geotracker:meta c="4.13" s="5.95" />
        </extensions>
      </trkpt>
      <trkpt lat="-1.01993896" lon="-79.45446761">
        <ele>74.9</ele>
        <time>2026-05-03T16:57:35Z</time>
        <extensions>
          <geotracker:meta c="4.19" s="5.76" />
        </extensions>
      </trkpt>
      <trkpt lat="-1.02002778" lon="-79.45458013">
        <ele>73.63</ele>
        <time>2026-05-03T16:57:37Z</time>
        <extensions>
          <geotracker:meta c="4.04" s="6.94" />
        </extensions>
      </trkpt>
      <trkpt lat="-1.02006973" lon="-79.45469468">
        <ele>72.36</ele>
        <time>2026-05-03T16:57:39Z</time>
        <extensions>
          <geotracker:meta c="4.3" s="9.63" />
        </extensions>
      </trkpt>
      <trkpt lat="-1.02016226" lon="-79.45485794">
        <ele>73.81</ele>
        <time>2026-05-03T16:57:41Z</time>
        <extensions>
          <geotracker:meta c="4.16" s="12.87" />
        </extensions>
      </trkpt>
      <trkpt lat="-1.02022047" lon="-79.45495144">
        <ele>73.89</ele>
        <time>2026-05-03T16:57:42Z</time>
        <extensions>
          <geotracker:meta c="4.19" s="13.22" />
        </extensions>
      </trkpt>
      <trkpt lat="-1.02028391" lon="-79.45505338">
        <ele>73.7</ele>
        <time>2026-05-03T16:57:43Z</time>
        <extensions>
          <geotracker:meta c="4.14" s="13.69" />
        </extensions>
      </trkpt>
      <trkpt lat="-1.02033831" lon="-79.45513931">
        <ele>73.4</ele>
        <time>2026-05-03T16:57:44Z</time>
        <extensions>
          <geotracker:meta c="4.12" s="12.31" />
        </extensions>
      </trkpt>
      <trkpt lat="-1.02040057" lon="-79.45524692">
        <ele>73.56</ele>
        <time>2026-05-03T16:57:45Z</time>
        <extensions>
          <geotracker:meta c="4.2" s="13.38" />
        </extensions>
      </trkpt>
      <trkpt lat="-1.02046093" lon="-79.45534885">
        <ele>73.65</ele>
        <time>2026-05-03T16:57:46Z</time>
        <extensions>
          <geotracker:meta c="4.21" s="13.37" />
        </extensions>
      </trkpt>
      <trkpt lat="-1.0205205" lon="-79.45545826">
        <ele>74.39</ele>
        <time>2026-05-03T16:57:47Z</time>
        <extensions>
          <geotracker:meta c="4.22" s="13.85" />
        </extensions>
      </trkpt>
      <trkpt lat="-1.02058074" lon="-79.45556445">
        <ele>75.19</ele>
        <time>2026-05-03T16:57:48Z</time>
        <extensions>
          <geotracker:meta c="4.19" s="13.38" />
        </extensions>
      </trkpt>
      <trkpt lat="-1.02064155" lon="-79.45567417">
        <ele>74.4</ele>
        <time>2026-05-03T16:57:49Z</time>
        <extensions>
          <geotracker:meta c="4.2" s="13.79" />
        </extensions>
      </trkpt>
      <trkpt lat="-1.02069963" lon="-79.45578008">
        <ele>74.01</ele>
        <time>2026-05-03T16:57:50Z</time>
        <extensions>
          <geotracker:meta c="4.21" s="13.89" />
        </extensions>
      </trkpt>
      <trkpt lat="-1.02076792" lon="-79.45589618">
        <ele>74.01</ele>
        <time>2026-05-03T16:57:51Z</time>
        <extensions>
          <geotracker:meta c="4.2" s="15.06" />
        </extensions>
      </trkpt>
      <trkpt lat="-1.02082908" lon="-79.45600165">
        <ele>74.36</ele>
        <time>2026-05-03T16:57:52Z</time>
        <extensions>
          <geotracker:meta c="4.2" s="13.53" />
        </extensions>
      </trkpt>
      <trkpt lat="-1.02088159" lon="-79.45609335">
        <ele>74.92</ele>
        <time>2026-05-03T16:57:53Z</time>
        <extensions>
          <geotracker:meta c="4.21" s="12.05" />
        </extensions>
      </trkpt>
      <trkpt lat="-1.02093637" lon="-79.45619498">
        <ele>76.23</ele>
        <time>2026-05-03T16:57:54Z</time>
        <extensions>
          <geotracker:meta c="4.23" s="12.07" />
        </extensions>
      </trkpt>
      <trkpt lat="-1.02098325" lon="-79.45630583">
        <ele>75.35</ele>
        <time>2026-05-03T16:57:55Z</time>
        <extensions>
          <geotracker:meta c="4.25" s="12.59" />
        </extensions>
      </trkpt>
      <trkpt lat="-1.02104105" lon="-79.4564002">
        <ele>75.64</ele>
        <time>2026-05-03T16:57:56Z</time>
        <extensions>
          <geotracker:meta c="4.23" s="12.5" />
        </extensions>
      </trkpt>
      <trkpt lat="-1.02109419" lon="-79.45651143">
        <ele>76.44</ele>
        <time>2026-05-03T16:57:57Z</time>
        <extensions>
          <geotracker:meta c="4.24" s="12.97" />
        </extensions>
      </trkpt>
      <trkpt lat="-1.02114833" lon="-79.45661334">
        <ele>77.62</ele>
        <time>2026-05-03T16:57:58Z</time>
        <extensions>
          <geotracker:meta c="4.25" s="12.58" />
        </extensions>
      </trkpt>
      <trkpt lat="-1.02119602" lon="-79.45671384">
        <ele>77.41</ele>
        <time>2026-05-03T16:57:59Z</time>
        <extensions>
          <geotracker:meta c="4.28" s="12.2" />
        </extensions>
      </trkpt>
      <trkpt lat="-1.02125721" lon="-79.45680733">
        <ele>77.94</ele>
        <time>2026-05-03T16:58:00Z</time>
        <extensions>
          <geotracker:meta c="4.2" s="12.01" />
        </extensions>
      </trkpt>
      <trkpt lat="-1.02129395" lon="-79.45689722">
        <ele>78.4</ele>
        <time>2026-05-03T16:58:01Z</time>
        <extensions>
          <geotracker:meta c="4.21" s="10.54" />
        </extensions>
      </trkpt>
      <trkpt lat="-1.02138305" lon="-79.45704663">
        <ele>78.23</ele>
        <time>2026-05-03T16:58:03Z</time>
        <extensions>
          <geotracker:meta c="4.22" s="9.53" />
        </extensions>
      </trkpt>
      <trkpt lat="-1.02142764" lon="-79.4571256">
        <ele>79.05</ele>
        <time>2026-05-03T16:58:04Z</time>
        <extensions>
          <geotracker:meta c="4.24" s="11.15" />
        </extensions>
      </trkpt>
      <trkpt lat="-1.02146896" lon="-79.45720998">
        <ele>79.4</ele>
        <time>2026-05-03T16:58:05Z</time>
        <extensions>
          <geotracker:meta c="4.32" s="10.22" />
        </extensions>
      </trkpt>
      <trkpt lat="-1.02154601" lon="-79.45737321">
        <ele>78.67</ele>
        <time>2026-05-03T16:58:07Z</time>
        <extensions>
          <geotracker:meta c="4.24" s="10.16" />
        </extensions>
      </trkpt>
      <trkpt lat="-1.0215874" lon="-79.45746262">
        <ele>78.99</ele>
        <time>2026-05-03T16:58:08Z</time>
        <extensions>
          <geotracker:meta c="4.25" s="10.22" />
        </extensions>
      </trkpt>
      <trkpt lat="-1.02164422" lon="-79.45760711">
        <ele>77.61</ele>
        <time>2026-05-03T16:58:10Z</time>
        <extensions>
          <geotracker:meta c="4.31" s="8.46" />
        </extensions>
      </trkpt>
      <trkpt lat="-1.02171364" lon="-79.45775245">
        <ele>77.11</ele>
        <time>2026-05-03T16:58:12Z</time>
        <extensions>
          <geotracker:meta c="4.29" s="8.96" />
        </extensions>
      </trkpt>
      <trkpt lat="-1.02178166" lon="-79.45790006">
        <ele>78.5</ele>
        <time>2026-05-03T16:58:14Z</time>
        <extensions>
          <geotracker:meta c="4.29" s="9.31" />
        </extensions>
      </trkpt>
      <trkpt lat="-1.02185207" lon="-79.45805153">
        <ele>78.81</ele>
        <time>2026-05-03T16:58:16Z</time>
        <extensions>
          <geotracker:meta c="4.31" s="10.08" />
        </extensions>
      </trkpt>
      <trkpt lat="-1.02190376" lon="-79.45813075">
        <ele>79.29</ele>
        <time>2026-05-03T16:58:17Z</time>
        <extensions>
          <geotracker:meta c="4.28" s="10.56" />
        </extensions>
      </trkpt>
      <trkpt lat="-1.02197363" lon="-79.45828333">
        <ele>80.01</ele>
        <time>2026-05-03T16:58:19Z</time>
        <extensions>
          <geotracker:meta c="4.31" s="8.99" />
        </extensions>
      </trkpt>
      <trkpt lat="-1.02204036" lon="-79.45841601">
        <ele>79.61</ele>
        <time>2026-05-03T16:58:21Z</time>
        <extensions>
          <geotracker:meta c="4.26" s="7.58" />
        </extensions>
      </trkpt>
      <trkpt lat="-1.02211651" lon="-79.45852177">
        <ele>77.92</ele>
        <time>2026-05-03T16:58:23Z</time>
        <extensions>
          <geotracker:meta c="4.08" s="6.83" />
        </extensions>
      </trkpt>
      <trkpt lat="-1.02216849" lon="-79.45862486">
        <ele>74.91</ele>
        <time>2026-05-03T16:58:26Z</time>
        <extensions>
          <geotracker:meta c="4.17" s="3.73" />
        </extensions>
      </trkpt>
      <trkpt lat="-1.02225317" lon="-79.45870257">
        <ele>71.91</ele>
        <time>2026-05-03T16:58:30Z</time>
        <extensions>
          <geotracker:meta c="3.89" s="3.88" />
        </extensions>
      </trkpt>
      <trkpt lat="-1.02232208" lon="-79.4587844">
        <ele>72.19</ele>
        <time>2026-05-03T16:58:33Z</time>
        <extensions>
          <geotracker:meta c="4.11" s="5.21" />
        </extensions>
      </trkpt>
      <trkpt lat="-1.02236276" lon="-79.45888116">
        <ele>73.04</ele>
        <time>2026-05-03T16:58:36Z</time>
        <extensions>
          <geotracker:meta c="4.36" s="4.01" />
        </extensions>
      </trkpt>
      <trkpt lat="-1.02244584" lon="-79.45895606">
        <ele>72.81</ele>
        <time>2026-05-03T16:58:40Z</time>
        <extensions>
          <geotracker:meta c="3.31" s="2.99" />
        </extensions>
      </trkpt>
      <trkpt lat="-1.02253747" lon="-79.45898064">
        <ele>71.64</ele>
        <time>2026-05-03T16:58:42Z</time>
        <extensions>
          <geotracker:meta c="3.18" s="5.6" />
        </extensions>
      </trkpt>
      <trkpt lat="-1.02264874" lon="-79.45898889">
        <ele>71.06</ele>
        <time>2026-05-03T16:58:44Z</time>
        <extensions>
          <geotracker:meta c="3.09" s="6.26" />
        </extensions>
      </trkpt>
      <trkpt lat="-1.02277651" lon="-79.45901055">
        <ele>71.59</ele>
        <time>2026-05-03T16:58:46Z</time>
        <extensions>
          <geotracker:meta c="3.37" s="7.82" />
        </extensions>
      </trkpt>
      <trkpt lat="-1.02290698" lon="-79.45903222">
        <ele>71.43</ele>
        <time>2026-05-03T16:58:48Z</time>
        <extensions>
          <geotracker:meta c="3.3" s="7.48" />
        </extensions>
      </trkpt>
      <trkpt lat="-1.02301516" lon="-79.45903532">
        <ele>70.97</ele>
        <time>2026-05-03T16:58:50Z</time>
        <extensions>
          <geotracker:meta c="3.2" s="5.94" />
        </extensions>
      </trkpt>
      <trkpt lat="-1.02310856" lon="-79.45909112">
        <ele>71.44</ele>
        <time>2026-05-03T16:58:52Z</time>
        <extensions>
          <geotracker:meta c="3.6" s="5.31" />
        </extensions>
      </trkpt>
      <trkpt lat="-1.02321073" lon="-79.45910177">
        <ele>70.61</ele>
        <time>2026-05-03T16:58:53Z</time>
        <extensions>
          <geotracker:meta c="3.28" s="7.61" />
        </extensions>
      </trkpt>
      <trkpt lat="-1.02335418" lon="-79.45914691">
        <ele>71.57</ele>
        <time>2026-05-03T16:58:55Z</time>
        <extensions>
          <geotracker:meta c="3.18" s="6.82" />
        </extensions>
      </trkpt>
      <trkpt lat="-1.02350503" lon="-79.45919329">
        <ele>71.04</ele>
        <time>2026-05-03T16:58:57Z</time>
        <extensions>
          <geotracker:meta c="3.19" s="6.64" />
        </extensions>
      </trkpt>
      <trkpt lat="-1.02365507" lon="-79.45917621">
        <ele>70.94</ele>
        <time>2026-05-03T16:58:59Z</time>
        <extensions>
          <geotracker:meta c="3.23" s="6.81" />
        </extensions>
      </trkpt>
      <trkpt lat="-1.02360567" lon="-79.4593068">
        <ele>72.23</ele>
        <time>2026-05-03T16:59:01Z</time>
        <extensions>
          <geotracker:meta c="5" s="7.2" />
        </extensions>
      </trkpt>
      <trkpt lat="-1.02361922" lon="-79.45942029">
        <ele>72.36</ele>
        <time>2026-05-03T16:59:03Z</time>
        <extensions>
          <geotracker:meta c="4.55" s="5.67" />
        </extensions>
      </trkpt>
      <trkpt lat="-1.02364828" lon="-79.4595104">
        <ele>71.17</ele>
        <time>2026-05-03T16:59:05Z</time>
        <extensions>
          <geotracker:meta c="4.5" s="4.52" />
        </extensions>
      </trkpt>
      <trkpt lat="-1.02366868" lon="-79.45960802">
        <ele>71.38</ele>
        <time>2026-05-03T16:59:08Z</time>
        <extensions>
          <geotracker:meta c="4.53" s="4.22" />
        </extensions>
      </trkpt>
      <trkpt lat="-1.02361401" lon="-79.4596906">
        <ele>73.72</ele>
        <time>2026-05-03T16:59:12Z</time>
        <extensions>
          <geotracker:meta c="4.76" s="2.25" />
        </extensions>
      </trkpt>
      <trkpt lat="-1.02352236" lon="-79.45968591">
        <ele>78.29</ele>
        <time>2026-05-03T16:59:22Z</time>
        <extensions>
          <geotracker:meta c="5.87" s="0.16" />
        </extensions>
      </trkpt>
      <trkpt lat="-1.02353069" lon="-79.45979864">
        <ele>83.01</ele>
        <time>2026-05-03T17:00:13Z</time>
        <extensions>
          <geotracker:meta c="4.82" s="3.72" />
        </extensions>
      </trkpt>
      <trkpt lat="-1.023515" lon="-79.45990281">
        <ele>80.63</ele>
        <time>2026-05-03T17:00:17Z</time>
        <extensions>
          <geotracker:meta c="4.99" s="3.03" />
        </extensions>
      </trkpt>
      <trkpt lat="-1.02346597" lon="-79.46002469">
        <ele>82.78</ele>
        <time>2026-05-03T17:00:19Z</time>
        <extensions>
          <geotracker:meta c="4.74" s="6.08" />
        </extensions>
      </trkpt>
      <trkpt lat="-1.02346041" lon="-79.46016438">
        <ele>81.16</ele>
        <time>2026-05-03T17:00:21Z</time>
        <extensions>
          <geotracker:meta c="4.68" s="9.55" />
        </extensions>
      </trkpt>
      <trkpt lat="-1.02345456" lon="-79.46026204">
        <ele>81</ele>
        <time>2026-05-03T17:00:22Z</time>
        <extensions>
          <geotracker:meta c="4.8" s="10.58" />
        </extensions>
      </trkpt>
      <trkpt lat="-1.02343975" lon="-79.46035368">
        <ele>80.11</ele>
        <time>2026-05-03T17:00:23Z</time>
        <extensions>
          <geotracker:meta c="4.89" s="10.95" />
        </extensions>
      </trkpt>
      <trkpt lat="-1.02342018" lon="-79.46045043">
        <ele>79.81</ele>
        <time>2026-05-03T17:00:24Z</time>
        <extensions>
          <geotracker:meta c="4.9" s="10.54" />
        </extensions>
      </trkpt>
      <trkpt lat="-1.02340371" lon="-79.46054422">
        <ele>79.52</ele>
        <time>2026-05-03T17:00:25Z</time>
        <extensions>
          <geotracker:meta c="4.93" s="10.47" />
        </extensions>
      </trkpt>
      <trkpt lat="-1.02337338" lon="-79.46068944">
        <ele>79.18</ele>
        <time>2026-05-03T17:00:27Z</time>
        <extensions>
          <geotracker:meta c="4.92" s="7.32" />
        </extensions>
      </trkpt>
      <trkpt lat="-1.02336655" lon="-79.4608079">
        <ele>76.36</ele>
        <time>2026-05-03T17:00:30Z</time>
        <extensions>
          <geotracker:meta c="4.73" s="4.3" />
        </extensions>
      </trkpt>
      <trkpt lat="-1.02334647" lon="-79.46094917">
        <ele>74.23</ele>
        <time>2026-05-03T17:00:32Z</time>
        <extensions>
          <geotracker:meta c="4.73" s="8.52" />
        </extensions>
      </trkpt>
      <trkpt lat="-1.02332109" lon="-79.46112413">
        <ele>74.61</ele>
        <time>2026-05-03T17:00:34Z</time>
        <extensions>
          <geotracker:meta c="4.86" s="10.67" />
        </extensions>
      </trkpt>
      <trkpt lat="-1.02330333" lon="-79.46123175">
        <ele>74.27</ele>
        <time>2026-05-03T17:00:35Z</time>
        <extensions>
          <geotracker:meta c="4.85" s="11.87" />
        </extensions>
      </trkpt>
      <trkpt lat="-1.02328775" lon="-79.46133619">
        <ele>74.97</ele>
        <time>2026-05-03T17:00:36Z</time>
        <extensions>
          <geotracker:meta c="4.85" s="11.67" />
        </extensions>
      </trkpt>
      <trkpt lat="-1.02327204" lon="-79.46144499">
        <ele>74.87</ele>
        <time>2026-05-03T17:00:37Z</time>
        <extensions>
          <geotracker:meta c="4.87" s="12.56" />
        </extensions>
      </trkpt>
      <trkpt lat="-1.02325227" lon="-79.46155513">
        <ele>74.92</ele>
        <time>2026-05-03T17:00:38Z</time>
        <extensions>
          <geotracker:meta c="4.87" s="12.26" />
        </extensions>
      </trkpt>
      <trkpt lat="-1.02322352" lon="-79.4616842">
        <ele>74.97</ele>
        <time>2026-05-03T17:00:39Z</time>
        <extensions>
          <geotracker:meta c="4.91" s="14.19" />
        </extensions>
      </trkpt>
      <trkpt lat="-1.02320662" lon="-79.46180882">
        <ele>74.81</ele>
        <time>2026-05-03T17:00:40Z</time>
        <extensions>
          <geotracker:meta c="4.89" s="13.78" />
        </extensions>
      </trkpt>
      <trkpt lat="-1.02318172" lon="-79.46192951">
        <ele>74.85</ele>
        <time>2026-05-03T17:00:41Z</time>
        <extensions>
          <geotracker:meta c="4.89" s="13.35" />
        </extensions>
      </trkpt>
      <trkpt lat="-1.02317793" lon="-79.46205512">
        <ele>75.25</ele>
        <time>2026-05-03T17:00:42Z</time>
        <extensions>
          <geotracker:meta c="4.83" s="13.3" />
        </extensions>
      </trkpt>
      <trkpt lat="-1.02316097" lon="-79.4621653">
        <ele>75.36</ele>
        <time>2026-05-03T17:00:43Z</time>
        <extensions>
          <geotracker:meta c="4.84" s="12.19" />
        </extensions>
      </trkpt>
      <trkpt lat="-1.02314844" lon="-79.46227763">
        <ele>74.98</ele>
        <time>2026-05-03T17:00:44Z</time>
        <extensions>
          <geotracker:meta c="4.83" s="12.31" />
        </extensions>
      </trkpt>
      <trkpt lat="-1.02312106" lon="-79.46237336">
        <ele>74.75</ele>
        <time>2026-05-03T17:00:45Z</time>
        <extensions>
          <geotracker:meta c="4.9" s="11.25" />
        </extensions>
      </trkpt>
      <trkpt lat="-1.02310666" lon="-79.4624644">
        <ele>74.36</ele>
        <time>2026-05-03T17:00:46Z</time>
        <extensions>
          <geotracker:meta c="4.9" s="10.37" />
        </extensions>
      </trkpt>
      <trkpt lat="-1.02309077" lon="-79.46255977">
        <ele>75.09</ele>
        <time>2026-05-03T17:00:47Z</time>
        <extensions>
          <geotracker:meta c="4.89" s="10.53" />
        </extensions>
      </trkpt>
      <trkpt lat="-1.02307605" lon="-79.46264869">
        <ele>74.58</ele>
        <time>2026-05-03T17:00:48Z</time>
        <extensions>
          <geotracker:meta c="4.81" s="9.68" />
        </extensions>
      </trkpt>
      <trkpt lat="-1.02306166" lon="-79.46279237">
        <ele>74.17</ele>
        <time>2026-05-03T17:00:50Z</time>
        <extensions>
          <geotracker:meta c="4.87" s="8.4" />
        </extensions>
      </trkpt>
      <trkpt lat="-1.0230174" lon="-79.46291729">
        <ele>73.89</ele>
        <time>2026-05-03T17:00:52Z</time>
        <extensions>
          <geotracker:meta c="4.97" s="7.67" />
        </extensions>
      </trkpt>
      <trkpt lat="-1.02300646" lon="-79.46301491">
        <ele>73.9</ele>
        <time>2026-05-03T17:00:56Z</time>
        <extensions>
          <geotracker:meta c="4.84" s="2.91" />
        </extensions>
      </trkpt>
      <trkpt lat="-1.02309245" lon="-79.46304781">
        <ele>75.56</ele>
        <time>2026-05-03T17:01:03Z</time>
        <extensions>
          <geotracker:meta c="3.74" s="4.05" />
        </extensions>
      </trkpt>
      <trkpt lat="-1.02321922" lon="-79.4631123">
        <ele>76.11</ele>
        <time>2026-05-03T17:01:05Z</time>
        <extensions>
          <geotracker:meta c="3.56" s="8.9" />
        </extensions>
      </trkpt>
      <trkpt lat="-1.02330316" lon="-79.46315271">
        <ele>75.35</ele>
        <time>2026-05-03T17:01:06Z</time>
        <extensions>
          <geotracker:meta c="3.52" s="10.15" />
        </extensions>
      </trkpt>
      <trkpt lat="-1.02339671" lon="-79.4631904">
        <ele>75.56</ele>
        <time>2026-05-03T17:01:07Z</time>
        <extensions>
          <geotracker:meta c="3.45" s="10.42" />
        </extensions>
      </trkpt>
      <trkpt lat="-1.0234865" lon="-79.46322248">
        <ele>74.97</ele>
        <time>2026-05-03T17:01:08Z</time>
        <extensions>
          <geotracker:meta c="3.49" s="10.58" />
        </extensions>
      </trkpt>
      <trkpt lat="-1.02357951" lon="-79.46325217">
        <ele>75.06</ele>
        <time>2026-05-03T17:01:09Z</time>
        <extensions>
          <geotracker:meta c="3.48" s="10.52" />
        </extensions>
      </trkpt>
      <trkpt lat="-1.02375024" lon="-79.46331624">
        <ele>75.1</ele>
        <time>2026-05-03T17:01:11Z</time>
        <extensions>
          <geotracker:meta c="3.5" s="10.48" />
        </extensions>
      </trkpt>
      <trkpt lat="-1.023842" lon="-79.46332914">
        <ele>75.4</ele>
        <time>2026-05-03T17:01:12Z</time>
        <extensions>
          <geotracker:meta c="3.34" s="9.68" />
        </extensions>
      </trkpt>
      <trkpt lat="-1.02393984" lon="-79.46334695">
        <ele>76.29</ele>
        <time>2026-05-03T17:01:13Z</time>
        <extensions>
          <geotracker:meta c="3.43" s="10.58" />
        </extensions>
      </trkpt>
      <trkpt lat="-1.02402557" lon="-79.46338277">
        <ele>77.03</ele>
        <time>2026-05-03T17:01:14Z</time>
        <extensions>
          <geotracker:meta c="3.48" s="10.68" />
        </extensions>
      </trkpt>
      <trkpt lat="-1.02411111" lon="-79.463413">
        <ele>76.77</ele>
        <time>2026-05-03T17:01:15Z</time>
        <extensions>
          <geotracker:meta c="3.47" s="10.49" />
        </extensions>
      </trkpt>
      <trkpt lat="-1.02423286" lon="-79.46342361">
        <ele>76.89</ele>
        <time>2026-05-03T17:01:16Z</time>
        <extensions>
          <geotracker:meta c="3.36" s="11.48" />
        </extensions>
      </trkpt>
      <trkpt lat="-1.02434111" lon="-79.4634486">
        <ele>77.35</ele>
        <time>2026-05-03T17:01:17Z</time>
        <extensions>
          <geotracker:meta c="3.34" s="11.42" />
        </extensions>
      </trkpt>
      <trkpt lat="-1.02446259" lon="-79.46347337">
        <ele>77.92</ele>
        <time>2026-05-03T17:01:18Z</time>
        <extensions>
          <geotracker:meta c="3.32" s="12.36" />
        </extensions>
      </trkpt>
      <trkpt lat="-1.02458167" lon="-79.46351684">
        <ele>78.93</ele>
        <time>2026-05-03T17:01:19Z</time>
        <extensions>
          <geotracker:meta c="3.36" s="12.45" />
        </extensions>
      </trkpt>
      <trkpt lat="-1.0246856" lon="-79.46355713">
        <ele>79.53</ele>
        <time>2026-05-03T17:01:20Z</time>
        <extensions>
          <geotracker:meta c="3.44" s="12.54" />
        </extensions>
      </trkpt>
      <trkpt lat="-1.02482546" lon="-79.46356533">
        <ele>79.88</ele>
        <time>2026-05-03T17:01:21Z</time>
        <extensions>
          <geotracker:meta c="3.32" s="13.76" />
        </extensions>
      </trkpt>
      <trkpt lat="-1.02494454" lon="-79.463583">
        <ele>80.74</ele>
        <time>2026-05-03T17:01:22Z</time>
        <extensions>
          <geotracker:meta c="3.29" s="12.74" />
        </extensions>
      </trkpt>
      <trkpt lat="-1.02504678" lon="-79.46359444">
        <ele>80.25</ele>
        <time>2026-05-03T17:01:23Z</time>
        <extensions>
          <geotracker:meta c="3.24" s="11.77" />
        </extensions>
      </trkpt>
      <trkpt lat="-1.02515743" lon="-79.46360416">
        <ele>81.17</ele>
        <time>2026-05-03T17:01:24Z</time>
        <extensions>
          <geotracker:meta c="3.21" s="11.81" />
        </extensions>
      </trkpt>
      <trkpt lat="-1.02525355" lon="-79.46358226">
        <ele>80.7</ele>
        <time>2026-05-03T17:01:25Z</time>
        <extensions>
          <geotracker:meta c="3.09" s="10.74" />
        </extensions>
      </trkpt>
      <trkpt lat="-1.02537271" lon="-79.46356601">
        <ele>81.26</ele>
        <time>2026-05-03T17:01:26Z</time>
        <extensions>
          <geotracker:meta c="3.08" s="12.01" />
        </extensions>
      </trkpt>
      <trkpt lat="-1.0255307" lon="-79.46352701">
        <ele>81</ele>
        <time>2026-05-03T17:01:28Z</time>
        <extensions>
          <geotracker:meta c="2.9" s="9.11" />
        </extensions>
      </trkpt>
      <trkpt lat="-1.02563171" lon="-79.46350528">
        <ele>81.55</ele>
        <time>2026-05-03T17:01:30Z</time>
        <extensions>
          <geotracker:meta c="2.93" s="5.84" />
        </extensions>
      </trkpt>
      <trkpt lat="-1.02575721" lon="-79.46350687">
        <ele>77.72</ele>
        <time>2026-05-03T17:01:42Z</time>
        <extensions>
          <geotracker:meta c="3.17" s="5.91" />
        </extensions>
      </trkpt>
      <trkpt lat="-1.02584852" lon="-79.46348872">
        <ele>78.37</ele>
        <time>2026-05-03T17:01:44Z</time>
        <extensions>
          <geotracker:meta c="2.91" s="4.55" />
        </extensions>
      </trkpt>
      <trkpt lat="-1.02595144" lon="-79.46348879">
        <ele>77.07</ele>
        <time>2026-05-03T17:01:48Z</time>
        <extensions>
          <geotracker:meta c="3.23" s="2.56" />
        </extensions>
      </trkpt>
      <trkpt lat="-1.02606346" lon="-79.46349849">
        <ele>74.87</ele>
        <time>2026-05-03T17:01:51Z</time>
        <extensions>
          <geotracker:meta c="3.15" s="4.31" />
        </extensions>
      </trkpt>
      <trkpt lat="-1.0262086" lon="-79.46351468">
        <ele>73.2</ele>
        <time>2026-05-03T17:01:53Z</time>
        <extensions>
          <geotracker:meta c="3.08" s="8.37" />
        </extensions>
      </trkpt>
      <trkpt lat="-1.0263872" lon="-79.46350274">
        <ele>71.07</ele>
        <time>2026-05-03T17:01:55Z</time>
        <extensions>
          <geotracker:meta c="3.08" s="11" />
        </extensions>
      </trkpt>
      <trkpt lat="-1.0264892" lon="-79.46349263">
        <ele>70.77</ele>
        <time>2026-05-03T17:01:56Z</time>
        <extensions>
          <geotracker:meta c="3.06" s="12.25" />
        </extensions>
      </trkpt>
      <trkpt lat="-1.02660344" lon="-79.4634774">
        <ele>70.93</ele>
        <time>2026-05-03T17:01:57Z</time>
        <extensions>
          <geotracker:meta c="3.04" s="13.77" />
        </extensions>
      </trkpt>
      <trkpt lat="-1.02671647" lon="-79.46345999">
        <ele>70.67</ele>
        <time>2026-05-03T17:01:58Z</time>
        <extensions>
          <geotracker:meta c="3.01" s="13.24" />
        </extensions>
      </trkpt>
      <trkpt lat="-1.02683776" lon="-79.46345831">
        <ele>70.55</ele>
        <time>2026-05-03T17:01:59Z</time>
        <extensions>
          <geotracker:meta c="3.05" s="12.99" />
        </extensions>
      </trkpt>
      <trkpt lat="-1.02696763" lon="-79.46345479">
        <ele>70.23</ele>
        <time>2026-05-03T17:02:00Z</time>
        <extensions>
          <geotracker:meta c="3.09" s="14.24" />
        </extensions>
      </trkpt>
      <trkpt lat="-1.02709606" lon="-79.46345924">
        <ele>69.84</ele>
        <time>2026-05-03T17:02:01Z</time>
        <extensions>
          <geotracker:meta c="3.13" s="13.21" />
        </extensions>
      </trkpt>
      <trkpt lat="-1.0272103" lon="-79.46346019">
        <ele>68.75</ele>
        <time>2026-05-03T17:02:02Z</time>
        <extensions>
          <geotracker:meta c="3.15" s="12.61" />
        </extensions>
      </trkpt>
      <trkpt lat="-1.02732895" lon="-79.4634498">
        <ele>68.8</ele>
        <time>2026-05-03T17:02:03Z</time>
        <extensions>
          <geotracker:meta c="3.09" s="12.47" />
        </extensions>
      </trkpt>
      <trkpt lat="-1.02744764" lon="-79.46344412">
        <ele>70.2</ele>
        <time>2026-05-03T17:02:04Z</time>
        <extensions>
          <geotracker:meta c="3.08" s="13.14" />
        </extensions>
      </trkpt>
      <trkpt lat="-1.02756423" lon="-79.46344253">
        <ele>70.82</ele>
        <time>2026-05-03T17:02:05Z</time>
        <extensions>
          <geotracker:meta c="3.06" s="13.16" />
        </extensions>
      </trkpt>
      <trkpt lat="-1.0276908" lon="-79.46343001">
        <ele>71.21</ele>
        <time>2026-05-03T17:02:06Z</time>
        <extensions>
          <geotracker:meta c="3.07" s="13.26" />
        </extensions>
      </trkpt>
      <trkpt lat="-1.02780951" lon="-79.46342141">
        <ele>71.33</ele>
        <time>2026-05-03T17:02:07Z</time>
        <extensions>
          <geotracker:meta c="3.08" s="13.14" />
        </extensions>
      </trkpt>
      <trkpt lat="-1.02792612" lon="-79.46341807">
        <ele>71.22</ele>
        <time>2026-05-03T17:02:08Z</time>
        <extensions>
          <geotracker:meta c="3.14" s="12.76" />
        </extensions>
      </trkpt>
      <trkpt lat="-1.02803713" lon="-79.4634209">
        <ele>71.38</ele>
        <time>2026-05-03T17:02:09Z</time>
        <extensions>
          <geotracker:meta c="3.2" s="12.45" />
        </extensions>
      </trkpt>
      <trkpt lat="-1.02814296" lon="-79.46342075">
        <ele>71.85</ele>
        <time>2026-05-03T17:02:10Z</time>
        <extensions>
          <geotracker:meta c="3.21" s="11.86" />
        </extensions>
      </trkpt>
      <trkpt lat="-1.02824192" lon="-79.46342545">
        <ele>71.92</ele>
        <time>2026-05-03T17:02:11Z</time>
        <extensions>
          <geotracker:meta c="3.19" s="11.29" />
        </extensions>
      </trkpt>
      <trkpt lat="-1.0283401" lon="-79.46343086">
        <ele>71.83</ele>
        <time>2026-05-03T17:02:12Z</time>
        <extensions>
          <geotracker:meta c="3.19" s="10.74" />
        </extensions>
      </trkpt>
      <trkpt lat="-1.02843735" lon="-79.4634437">
        <ele>71.04</ele>
        <time>2026-05-03T17:02:13Z</time>
        <extensions>
          <geotracker:meta c="3.24" s="10.62" />
        </extensions>
      </trkpt>
      <trkpt lat="-1.02862451" lon="-79.46347734">
        <ele>71.01</ele>
        <time>2026-05-03T17:02:15Z</time>
        <extensions>
          <geotracker:meta c="3.34" s="11.08" />
        </extensions>
      </trkpt>
      <trkpt lat="-1.0287137" lon="-79.46350701">
        <ele>71.71</ele>
        <time>2026-05-03T17:02:16Z</time>
        <extensions>
          <geotracker:meta c="3.48" s="10.29" />
        </extensions>
      </trkpt>
      <trkpt lat="-1.02879347" lon="-79.46354954">
        <ele>71.33</ele>
        <time>2026-05-03T17:02:17Z</time>
        <extensions>
          <geotracker:meta c="3.59" s="10.39" />
        </extensions>
      </trkpt>
      <trkpt lat="-1.02888666" lon="-79.4636">
        <ele>70.75</ele>
        <time>2026-05-03T17:02:18Z</time>
        <extensions>
          <geotracker:meta c="3.64" s="11.41" />
        </extensions>
      </trkpt>
      <trkpt lat="-1.02898239" lon="-79.46364463">
        <ele>69.47</ele>
        <time>2026-05-03T17:02:19Z</time>
        <extensions>
          <geotracker:meta c="3.61" s="11.37" />
        </extensions>
      </trkpt>
      <trkpt lat="-1.02906851" lon="-79.46370076">
        <ele>68.03</ele>
        <time>2026-05-03T17:02:20Z</time>
        <extensions>
          <geotracker:meta c="3.62" s="10.65" />
        </extensions>
      </trkpt>
      <trkpt lat="-1.02915218" lon="-79.46374513">
        <ele>67.57</ele>
        <time>2026-05-03T17:02:21Z</time>
        <extensions>
          <geotracker:meta c="3.65" s="9.88" />
        </extensions>
      </trkpt>
      <trkpt lat="-1.029287" lon="-79.46380596">
        <ele>67.49</ele>
        <time>2026-05-03T17:02:23Z</time>
        <extensions>
          <geotracker:meta c="3.53" s="6.48" />
        </extensions>
      </trkpt>
      <trkpt lat="-1.0293703" lon="-79.46387038">
        <ele>67.82</ele>
        <time>2026-05-03T17:02:25Z</time>
        <extensions>
          <geotracker:meta c="3.9" s="4.66" />
        </extensions>
      </trkpt>
      <trkpt lat="-1.0293549" lon="-79.46403544">
        <ele>71.75</ele>
        <time>2026-05-03T17:02:29Z</time>
        <extensions>
          <geotracker:meta c="4.77" s="5.32" />
        </extensions>
      </trkpt>
      <trkpt lat="-1.02934946" lon="-79.46413085">
        <ele>72.02</ele>
        <time>2026-05-03T17:02:31Z</time>
        <extensions>
          <geotracker:meta c="4.77" s="5.31" />
        </extensions>
      </trkpt>
      <trkpt lat="-1.02923553" lon="-79.46416075">
        <ele>73.6</ele>
        <time>2026-05-03T17:02:36Z</time>
        <extensions>
          <geotracker:meta c="0.09" s="6.44" />
        </extensions>
      </trkpt>
      <trkpt lat="-1.02910859" lon="-79.46414818">
        <ele>71.61</ele>
        <time>2026-05-03T17:02:38Z</time>
        <extensions>
          <geotracker:meta c="0.06" s="6.3" />
        </extensions>
      </trkpt>
      <trkpt lat="-1.02900551" lon="-79.46417804">
        <ele>69.01</ele>
        <time>2026-05-03T17:02:40Z</time>
        <extensions>
          <geotracker:meta c="0" s="6.39" />
        </extensions>
      </trkpt>
      <trkpt lat="-1.0288582" lon="-79.46417402">
        <ele>68.82</ele>
        <time>2026-05-03T17:02:42Z</time>
        <extensions>
          <geotracker:meta c="0.09" s="9.3" />
        </extensions>
      </trkpt>
      <trkpt lat="-1.02868937" lon="-79.46416078">
        <ele>68.55</ele>
        <time>2026-05-03T17:02:44Z</time>
        <extensions>
          <geotracker:meta c="0.06" s="9.63" />
        </extensions>
      </trkpt>
      <trkpt lat="-1.02853754" lon="-79.46415237">
        <ele>68.26</ele>
        <time>2026-05-03T17:02:46Z</time>
        <extensions>
          <geotracker:meta c="0.05" s="7.92" />
        </extensions>
      </trkpt>
      <trkpt lat="-1.02839279" lon="-79.46414515">
        <ele>69.14</ele>
        <time>2026-05-03T17:02:48Z</time>
        <extensions>
          <geotracker:meta c="6.26" s="6.78" />
        </extensions>
      </trkpt>
      <trkpt lat="-1.02828979" lon="-79.46416254">
        <ele>69.32</ele>
        <time>2026-05-03T17:02:50Z</time>
        <extensions>
          <geotracker:meta c="6.12" s="4.82" />
        </extensions>
      </trkpt>
      <trkpt lat="-1.0282071" lon="-79.46412223">
        <ele>68.38</ele>
        <time>2026-05-03T17:02:53Z</time>
        <extensions>
          <geotracker:meta c="1.13" s="3.38" />
        </extensions>
      </trkpt>
      <trkpt lat="-1.02823753" lon="-79.46397892">
        <ele>68.88</ele>
        <time>2026-05-03T17:02:56Z</time>
        <extensions>
          <geotracker:meta c="1.87" s="8.51" />
        </extensions>
      </trkpt>
      <trkpt lat="-1.02829082" lon="-79.46382378">
        <ele>69.41</ele>
        <time>2026-05-03T17:02:58Z</time>
        <extensions>
          <geotracker:meta c="1.79" s="10.76" />
        </extensions>
      </trkpt>
      <trkpt lat="-1.0283165" lon="-79.46373698">
        <ele>70.16</ele>
        <time>2026-05-03T17:02:59Z</time>
        <extensions>
          <geotracker:meta c="1.8" s="10.35" />
        </extensions>
      </trkpt>
      <trkpt lat="-1.02833208" lon="-79.46364258">
        <ele>69.67</ele>
        <time>2026-05-03T17:03:00Z</time>
        <extensions>
          <geotracker:meta c="1.77" s="9.83" />
        </extensions>
      </trkpt>
      <trkpt lat="-1.02835391" lon="-79.46351773">
        <ele>70.35</ele>
        <time>2026-05-03T17:03:02Z</time>
        <extensions>
          <geotracker:meta c="1.73" s="5.78" />
        </extensions>
      </trkpt>
      <trkpt lat="-1.0284036" lon="-79.46342746">
        <ele>70.84</ele>
        <time>2026-05-03T17:03:06Z</time>
        <extensions>
          <geotracker:meta c="2.73" s="3.94" />
        </extensions>
      </trkpt>
      <trkpt lat="-1.02854404" lon="-79.46344081">
        <ele>70.46</ele>
        <time>2026-05-03T17:03:09Z</time>
        <extensions>
          <geotracker:meta c="3.39" s="7.02" />
        </extensions>
      </trkpt>
      <trkpt lat="-1.02869851" lon="-79.46351224">
        <ele>69.97</ele>
        <time>2026-05-03T17:03:11Z</time>
        <extensions>
          <geotracker:meta c="3.58" s="10.24" />
        </extensions>
      </trkpt>
      <trkpt lat="-1.02878482" lon="-79.46355586">
        <ele>69.94</ele>
        <time>2026-05-03T17:03:12Z</time>
        <extensions>
          <geotracker:meta c="3.62" s="11.29" />
        </extensions>
      </trkpt>
      <trkpt lat="-1.02888312" lon="-79.46360652">
        <ele>71.08</ele>
        <time>2026-05-03T17:03:13Z</time>
        <extensions>
          <geotracker:meta c="3.62" s="11.44" />
        </extensions>
      </trkpt>
      <trkpt lat="-1.02898" lon="-79.46365428">
        <ele>70.52</ele>
        <time>2026-05-03T17:03:14Z</time>
        <extensions>
          <geotracker:meta c="3.63" s="11.32" />
        </extensions>
      </trkpt>
      <trkpt lat="-1.02907221" lon="-79.46368551">
        <ele>68.98</ele>
        <time>2026-05-03T17:03:15Z</time>
        <extensions>
          <geotracker:meta c="3.55" s="10.85" />
        </extensions>
      </trkpt>
      <trkpt lat="-1.02922424" lon="-79.4637627">
        <ele>68.16</ele>
        <time>2026-05-03T17:03:17Z</time>
        <extensions>
          <geotracker:meta c="3.59" s="8.3" />
        </extensions>
      </trkpt>
      <trkpt lat="-1.02932791" lon="-79.46383434">
        <ele>66.47</ele>
        <time>2026-05-03T17:03:19Z</time>
        <extensions>
          <geotracker:meta c="3.86" s="4.74" />
        </extensions>
      </trkpt>
      <trkpt lat="-1.02934906" lon="-79.46394285">
        <ele>66.13</ele>
        <time>2026-05-03T17:03:21Z</time>
        <extensions>
          <geotracker:meta c="4.73" s="6.93" />
        </extensions>
      </trkpt>
      <trkpt lat="-1.02934124" lon="-79.46407399">
        <ele>67</ele>
        <time>2026-05-03T17:03:23Z</time>
        <extensions>
          <geotracker:meta c="4.82" s="6.76" />
        </extensions>
      </trkpt>
      <trkpt lat="-1.02933976" lon="-79.46417451">
        <ele>68.9</ele>
        <time>2026-05-03T17:03:25Z</time>
        <extensions>
          <geotracker:meta c="4.32" s="4.99" />
        </extensions>
      </trkpt>
      <trkpt lat="-1.02948921" lon="-79.46422929">
        <ele>68.63</ele>
        <time>2026-05-03T17:03:28Z</time>
        <extensions>
          <geotracker:meta c="3.23" s="7.27" />
        </extensions>
      </trkpt>
      <trkpt lat="-1.0296664" lon="-79.46424925">
        <ele>69.11</ele>
        <time>2026-05-03T17:03:30Z</time>
        <extensions>
          <geotracker:meta c="3.21" s="10.14" />
        </extensions>
      </trkpt>
      <trkpt lat="-1.0297726" lon="-79.46425002">
        <ele>69.67</ele>
        <time>2026-05-03T17:03:31Z</time>
        <extensions>
          <geotracker:meta c="3.14" s="11.67" />
        </extensions>
      </trkpt>
      <trkpt lat="-1.02988062" lon="-79.46426456">
        <ele>69.79</ele>
        <time>2026-05-03T17:03:32Z</time>
        <extensions>
          <geotracker:meta c="3.22" s="11.92" />
        </extensions>
      </trkpt>
      <trkpt lat="-1.02998879" lon="-79.46425821">
        <ele>69.24</ele>
        <time>2026-05-03T17:03:33Z</time>
        <extensions>
          <geotracker:meta c="3.16" s="12.61" />
        </extensions>
      </trkpt>
      <trkpt lat="-1.0301025" lon="-79.46426717">
        <ele>69.64</ele>
        <time>2026-05-03T17:03:34Z</time>
        <extensions>
          <geotracker:meta c="3.23" s="13.04" />
        </extensions>
      </trkpt>
      <trkpt lat="-1.0302132" lon="-79.46427099">
        <ele>68.98</ele>
        <time>2026-05-03T17:03:35Z</time>
        <extensions>
          <geotracker:meta c="3.22" s="12.83" />
        </extensions>
      </trkpt>
      <trkpt lat="-1.03033941" lon="-79.46427817">
        <ele>66.92</ele>
        <time>2026-05-03T17:03:36Z</time>
        <extensions>
          <geotracker:meta c="3.17" s="13.03" />
        </extensions>
      </trkpt>
      <trkpt lat="-1.03045674" lon="-79.46427311">
        <ele>67.09</ele>
        <time>2026-05-03T17:03:37Z</time>
        <extensions>
          <geotracker:meta c="3.19" s="13.87" />
        </extensions>
      </trkpt>
      <trkpt lat="-1.03058838" lon="-79.46427799">
        <ele>66.35</ele>
        <time>2026-05-03T17:03:38Z</time>
        <extensions>
          <geotracker:meta c="3.18" s="14.73" />
        </extensions>
      </trkpt>
      <trkpt lat="-1.0307228" lon="-79.46428498">
        <ele>66.22</ele>
        <time>2026-05-03T17:03:39Z</time>
        <extensions>
          <geotracker:meta c="3.2" s="14.9" />
        </extensions>
      </trkpt>
      <trkpt lat="-1.03084734" lon="-79.46428977">
        <ele>66.69</ele>
        <time>2026-05-03T17:03:40Z</time>
        <extensions>
          <geotracker:meta c="3.15" s="14.35" />
        </extensions>
      </trkpt>
      <trkpt lat="-1.03097257" lon="-79.46429839">
        <ele>67.25</ele>
        <time>2026-05-03T17:03:41Z</time>
        <extensions>
          <geotracker:meta c="3.2" s="13.44" />
        </extensions>
      </trkpt>
      <trkpt lat="-1.03108044" lon="-79.46429136">
        <ele>67.48</ele>
        <time>2026-05-03T17:03:42Z</time>
        <extensions>
          <geotracker:meta c="3.12" s="11.56" />
        </extensions>
      </trkpt>
      <trkpt lat="-1.03118612" lon="-79.46429264">
        <ele>66.49</ele>
        <time>2026-05-03T17:03:43Z</time>
        <extensions>
          <geotracker:meta c="3.1" s="10.31" />
        </extensions>
      </trkpt>
      <trkpt lat="-1.03127865" lon="-79.46428696">
        <ele>67.6</ele>
        <time>2026-05-03T17:03:44Z</time>
        <extensions>
          <geotracker:meta c="3.04" s="9.57" />
        </extensions>
      </trkpt>
      <trkpt lat="-1.03145881" lon="-79.46426941">
        <ele>67.27</ele>
        <time>2026-05-03T17:03:46Z</time>
        <extensions>
          <geotracker:meta c="2.99" s="10.44" />
        </extensions>
      </trkpt>
      <trkpt lat="-1.03155678" lon="-79.46426551">
        <ele>67.4</ele>
        <time>2026-05-03T17:03:47Z</time>
        <extensions>
          <geotracker:meta c="3.16" s="11.39" />
        </extensions>
      </trkpt>
      <trkpt lat="-1.03165767" lon="-79.46424992">
        <ele>68.18</ele>
        <time>2026-05-03T17:03:48Z</time>
        <extensions>
          <geotracker:meta c="3.09" s="11.26" />
        </extensions>
      </trkpt>
      <trkpt lat="-1.03175952" lon="-79.46426468">
        <ele>67.61</ele>
        <time>2026-05-03T17:03:49Z</time>
        <extensions>
          <geotracker:meta c="3.25" s="11.93" />
        </extensions>
      </trkpt>
      <trkpt lat="-1.0318665" lon="-79.46427588">
        <ele>67.99</ele>
        <time>2026-05-03T17:03:50Z</time>
        <extensions>
          <geotracker:meta c="3.24" s="11.29" />
        </extensions>
      </trkpt>
      <trkpt lat="-1.03195874" lon="-79.46427674">
        <ele>67.85</ele>
        <time>2026-05-03T17:03:51Z</time>
        <extensions>
          <geotracker:meta c="3.22" s="10.79" />
        </extensions>
      </trkpt>
      <trkpt lat="-1.03205393" lon="-79.4642768">
        <ele>66.64</ele>
        <time>2026-05-03T17:03:52Z</time>
        <extensions>
          <geotracker:meta c="3.12" s="10.38" />
        </extensions>
      </trkpt>
      <trkpt lat="-1.03214477" lon="-79.46427427">
        <ele>66.3</ele>
        <time>2026-05-03T17:03:53Z</time>
        <extensions>
          <geotracker:meta c="3.18" s="10.03" />
        </extensions>
      </trkpt>
      <trkpt lat="-1.03231772" lon="-79.46426408">
        <ele>68.11</ele>
        <time>2026-05-03T17:03:55Z</time>
        <extensions>
          <geotracker:meta c="3.13" s="9.83" />
        </extensions>
      </trkpt>
      <trkpt lat="-1.03248162" lon="-79.46427627">
        <ele>67.18</ele>
        <time>2026-05-03T17:03:57Z</time>
        <extensions>
          <geotracker:meta c="3.14" s="8.2" />
        </extensions>
      </trkpt>
      <trkpt lat="-1.03262401" lon="-79.46427746">
        <ele>69.5</ele>
        <time>2026-05-03T17:03:59Z</time>
        <extensions>
          <geotracker:meta c="3.15" s="7.86" />
        </extensions>
      </trkpt>
      <trkpt lat="-1.03275435" lon="-79.46428549">
        <ele>69.47</ele>
        <time>2026-05-03T17:04:01Z</time>
        <extensions>
          <geotracker:meta c="3.19" s="7.34" />
        </extensions>
      </trkpt>
      <trkpt lat="-1.03288154" lon="-79.46429234">
        <ele>69.34</ele>
        <time>2026-05-03T17:04:03Z</time>
        <extensions>
          <geotracker:meta c="3.2" s="7.14" />
        </extensions>
      </trkpt>
      <trkpt lat="-1.0330009" lon="-79.46429631">
        <ele>67.68</ele>
        <time>2026-05-03T17:04:06Z</time>
        <extensions>
          <geotracker:meta c="2.79" s="4.2" />
        </extensions>
      </trkpt>
      <trkpt lat="-1.03307681" lon="-79.46420584">
        <ele>71.1</ele>
        <time>2026-05-03T17:04:09Z</time>
        <extensions>
          <geotracker:meta c="1.69" s="4.46" />
        </extensions>
      </trkpt>
      <trkpt lat="-1.03309452" lon="-79.46408906">
        <ele>70.31</ele>
        <time>2026-05-03T17:04:12Z</time>
        <extensions>
          <geotracker:meta c="1.62" s="2.59" />
        </extensions>
      </trkpt>
      <trkpt lat="-1.03309579" lon="-79.4639956">
        <ele>68.9</ele>
        <time>2026-05-03T17:04:16Z</time>
        <extensions>
          <geotracker:meta c="1.61" s="3.49" />
        </extensions>
      </trkpt>
      <trkpt lat="-1.03307674" lon="-79.46376514">
        <ele>69.65</ele>
        <time>2026-05-03T17:04:19Z</time>
        <extensions>
          <geotracker:meta c="1.57" s="8.69" />
        </extensions>
      </trkpt>
      <trkpt lat="-1.03309336" lon="-79.46360935">
        <ele>70.02</ele>
        <time>2026-05-03T17:04:21Z</time>
        <extensions>
          <geotracker:meta c="1.65" s="9.37" />
        </extensions>
      </trkpt>
      <trkpt lat="-1.03308167" lon="-79.46350839">
        <ele>70.58</ele>
        <time>2026-05-03T17:04:23Z</time>
        <extensions>
          <geotracker:meta c="1.62" s="4.13" />
        </extensions>
      </trkpt>
      <trkpt lat="-1.03311442" lon="-79.46341476">
        <ele>69.79</ele>
        <time>2026-05-03T17:04:25Z</time>
        <extensions>
          <geotracker:meta c="1.69" s="2.74" />
        </extensions>
      </trkpt>
      <trkpt lat="-1.03311911" lon="-79.46331295">
        <ele>70.56</ele>
        <time>2026-05-03T17:04:28Z</time>
        <extensions>
          <geotracker:meta c="1.65" s="5.44" />
        </extensions>
      </trkpt>
      <trkpt lat="-1.03474917" lon="-79.46282735">
        <ele>77.05</ele>
        <time>2026-05-03T17:04:54Z</time>
        <extensions>
          <geotracker:meta c="3.12" s="9.08" />
        </extensions>
      </trkpt>
      <trkpt lat="-1.03490271" lon="-79.4628351">
        <ele>71.85</ele>
        <time>2026-05-03T17:04:57Z</time>
        <extensions>
          <geotracker:meta c="3.1" s="10.46" />
        </extensions>
      </trkpt>
      <trkpt lat="-1.03500218" lon="-79.46282654">
        <ele>71.64</ele>
        <time>2026-05-03T17:04:58Z</time>
        <extensions>
          <geotracker:meta c="3.08" s="11.12" />
        </extensions>
      </trkpt>
      <trkpt lat="-1.03511206" lon="-79.46281708">
        <ele>72.26</ele>
        <time>2026-05-03T17:04:59Z</time>
        <extensions>
          <geotracker:meta c="3.08" s="12.49" />
        </extensions>
      </trkpt>
      <trkpt lat="-1.03522739" lon="-79.46281538">
        <ele>70.21</ele>
        <time>2026-05-03T17:05:00Z</time>
        <extensions>
          <geotracker:meta c="3.14" s="13.4" />
        </extensions>
      </trkpt>
      <trkpt lat="-1.03535126" lon="-79.46280705">
        <ele>70.51</ele>
        <time>2026-05-03T17:05:01Z</time>
        <extensions>
          <geotracker:meta c="3.17" s="14.32" />
        </extensions>
      </trkpt>
      <trkpt lat="-1.03547675" lon="-79.46280615">
        <ele>70.89</ele>
        <time>2026-05-03T17:05:02Z</time>
        <extensions>
          <geotracker:meta c="3.19" s="14.97" />
        </extensions>
      </trkpt>
      <trkpt lat="-1.03560796" lon="-79.46280959">
        <ele>69.49</ele>
        <time>2026-05-03T17:05:03Z</time>
        <extensions>
          <geotracker:meta c="3.16" s="14.43" />
        </extensions>
      </trkpt>
      <trkpt lat="-1.03573487" lon="-79.46281494">
        <ele>68.75</ele>
        <time>2026-05-03T17:05:04Z</time>
        <extensions>
          <geotracker:meta c="3.18" s="13.73" />
        </extensions>
      </trkpt>
      <trkpt lat="-1.03585996" lon="-79.46282688">
        <ele>68.55</ele>
        <time>2026-05-03T17:05:05Z</time>
        <extensions>
          <geotracker:meta c="3.22" s="13.76" />
        </extensions>
      </trkpt>
      <trkpt lat="-1.03598773" lon="-79.46282904">
        <ele>68.11</ele>
        <time>2026-05-03T17:05:06Z</time>
        <extensions>
          <geotracker:meta c="3.21" s="13.65" />
        </extensions>
      </trkpt>
      <trkpt lat="-1.03611758" lon="-79.46283244">
        <ele>66.74</ele>
        <time>2026-05-03T17:05:07Z</time>
        <extensions>
          <geotracker:meta c="3.18" s="14.26" />
        </extensions>
      </trkpt>
      <trkpt lat="-1.03623868" lon="-79.46283281">
        <ele>65.59</ele>
        <time>2026-05-03T17:05:08Z</time>
        <extensions>
          <geotracker:meta c="3.17" s="13.15" />
        </extensions>
      </trkpt>
      <trkpt lat="-1.03636979" lon="-79.4628278">
        <ele>65.52</ele>
        <time>2026-05-03T17:05:09Z</time>
        <extensions>
          <geotracker:meta c="3.19" s="12.45" />
        </extensions>
      </trkpt>
      <trkpt lat="-1.03651242" lon="-79.46285064">
        <ele>65.84</ele>
        <time>2026-05-03T17:05:10Z</time>
        <extensions>
          <geotracker:meta c="3.2" s="12.92" />
        </extensions>
      </trkpt>
      <trkpt lat="-1.036621" lon="-79.46285504">
        <ele>68.17</ele>
        <time>2026-05-03T17:05:11Z</time>
        <extensions>
          <geotracker:meta c="3.22" s="12" />
        </extensions>
      </trkpt>
      <trkpt lat="-1.03673663" lon="-79.4628596">
        <ele>68.27</ele>
        <time>2026-05-03T17:05:12Z</time>
        <extensions>
          <geotracker:meta c="3.16" s="11.84" />
        </extensions>
      </trkpt>
      <trkpt lat="-1.03685219" lon="-79.4628521">
        <ele>67.23</ele>
        <time>2026-05-03T17:05:13Z</time>
        <extensions>
          <geotracker:meta c="3.08" s="12.46" />
        </extensions>
      </trkpt>
      <trkpt lat="-1.03697375" lon="-79.46284766">
        <ele>67.24</ele>
        <time>2026-05-03T17:05:14Z</time>
        <extensions>
          <geotracker:meta c="3.06" s="13.17" />
        </extensions>
      </trkpt>
      <trkpt lat="-1.03709828" lon="-79.46285058">
        <ele>67.75</ele>
        <time>2026-05-03T17:05:15Z</time>
        <extensions>
          <geotracker:meta c="3.1" s="13.86" />
        </extensions>
      </trkpt>
      <trkpt lat="-1.03721837" lon="-79.46285185">
        <ele>67.67</ele>
        <time>2026-05-03T17:05:16Z</time>
        <extensions>
          <geotracker:meta c="3.16" s="13.18" />
        </extensions>
      </trkpt>
      <trkpt lat="-1.037343" lon="-79.46284945">
        <ele>66.57</ele>
        <time>2026-05-03T17:05:17Z</time>
        <extensions>
          <geotracker:meta c="3.13" s="13.88" />
        </extensions>
      </trkpt>
      <trkpt lat="-1.03746686" lon="-79.46284795">
        <ele>66.45</ele>
        <time>2026-05-03T17:05:18Z</time>
        <extensions>
          <geotracker:meta c="3.13" s="13.89" />
        </extensions>
      </trkpt>
      <trkpt lat="-1.03759097" lon="-79.46284576">
        <ele>65.81</ele>
        <time>2026-05-03T17:05:19Z</time>
        <extensions>
          <geotracker:meta c="3.12" s="13.69" />
        </extensions>
      </trkpt>
      <trkpt lat="-1.03774008" lon="-79.4628505">
        <ele>65.7</ele>
        <time>2026-05-03T17:05:20Z</time>
        <extensions>
          <geotracker:meta c="3.16" s="14.52" />
        </extensions>
      </trkpt>
      <trkpt lat="-1.03787149" lon="-79.46285749">
        <ele>65.68</ele>
        <time>2026-05-03T17:05:21Z</time>
        <extensions>
          <geotracker:meta c="3.17" s="14.41" />
        </extensions>
      </trkpt>
      <trkpt lat="-1.03799745" lon="-79.46284579">
        <ele>66.18</ele>
        <time>2026-05-03T17:05:22Z</time>
        <extensions>
          <geotracker:meta c="3.11" s="14.23" />
        </extensions>
      </trkpt>
      <trkpt lat="-1.03811142" lon="-79.46287077">
        <ele>66.04</ele>
        <time>2026-05-03T17:05:23Z</time>
        <extensions>
          <geotracker:meta c="3.2" s="13.47" />
        </extensions>
      </trkpt>
      <trkpt lat="-1.03823897" lon="-79.46286995">
        <ele>66.04</ele>
        <time>2026-05-03T17:05:24Z</time>
        <extensions>
          <geotracker:meta c="3.19" s="13.98" />
        </extensions>
      </trkpt>
      <trkpt lat="-1.03836004" lon="-79.46287062">
        <ele>66.19</ele>
        <time>2026-05-03T17:05:25Z</time>
        <extensions>
          <geotracker:meta c="3.15" s="13.57" />
        </extensions>
      </trkpt>
      <trkpt lat="-1.0384954" lon="-79.46287218">
        <ele>65.99</ele>
        <time>2026-05-03T17:05:26Z</time>
        <extensions>
          <geotracker:meta c="3.12" s="14.15" />
        </extensions>
      </trkpt>
      <trkpt lat="-1.03869006" lon="-79.46289972">
        <ele>65.59</ele>
        <time>2026-05-03T17:05:28Z</time>
        <extensions>
          <geotracker:meta c="3.14" s="13.23" />
        </extensions>
      </trkpt>
      <trkpt lat="-1.03878014" lon="-79.4629141">
        <ele>65.04</ele>
        <time>2026-05-03T17:05:29Z</time>
        <extensions>
          <geotracker:meta c="3.22" s="11.81" />
        </extensions>
      </trkpt>
      <trkpt lat="-1.03888795" lon="-79.46291119">
        <ele>65.54</ele>
        <time>2026-05-03T17:05:30Z</time>
        <extensions>
          <geotracker:meta c="3.17" s="12.26" />
        </extensions>
      </trkpt>
      <trkpt lat="-1.03907073" lon="-79.46292671">
        <ele>64.76</ele>
        <time>2026-05-03T17:05:32Z</time>
        <extensions>
          <geotracker:meta c="3.17" s="12.49" />
        </extensions>
      </trkpt>
      <trkpt lat="-1.03918672" lon="-79.46292972">
        <ele>64.74</ele>
        <time>2026-05-03T17:05:33Z</time>
        <extensions>
          <geotracker:meta c="3.17" s="12.53" />
        </extensions>
      </trkpt>
      <trkpt lat="-1.03931382" lon="-79.46293491">
        <ele>64.38</ele>
        <time>2026-05-03T17:05:34Z</time>
        <extensions>
          <geotracker:meta c="3.17" s="13.84" />
        </extensions>
      </trkpt>
      <trkpt lat="-1.0394374" lon="-79.46293025">
        <ele>64.96</ele>
        <time>2026-05-03T17:05:35Z</time>
        <extensions>
          <geotracker:meta c="3.19" s="13.54" />
        </extensions>
      </trkpt>
      <trkpt lat="-1.03954734" lon="-79.46294405">
        <ele>63.63</ele>
        <time>2026-05-03T17:05:36Z</time>
        <extensions>
          <geotracker:meta c="3.19" s="12.51" />
        </extensions>
      </trkpt>
      <trkpt lat="-1.0396633" lon="-79.46294709">
        <ele>64.15</ele>
        <time>2026-05-03T17:05:37Z</time>
        <extensions>
          <geotracker:meta c="3.16" s="12.59" />
        </extensions>
      </trkpt>
      <trkpt lat="-1.03978172" lon="-79.4629402">
        <ele>63.24</ele>
        <time>2026-05-03T17:05:38Z</time>
        <extensions>
          <geotracker:meta c="3.16" s="12.8" />
        </extensions>
      </trkpt>
      <trkpt lat="-1.03997498" lon="-79.46294953">
        <ele>62</ele>
        <time>2026-05-03T17:05:40Z</time>
        <extensions>
          <geotracker:meta c="3.14" s="11.67" />
        </extensions>
      </trkpt>
      <trkpt lat="-1.04008539" lon="-79.46295556">
        <ele>61.62</ele>
        <time>2026-05-03T17:05:41Z</time>
        <extensions>
          <geotracker:meta c="3.16" s="11.46" />
        </extensions>
      </trkpt>
      <trkpt lat="-1.04018955" lon="-79.46295096">
        <ele>61.78</ele>
        <time>2026-05-03T17:05:42Z</time>
        <extensions>
          <geotracker:meta c="3.16" s="11.42" />
        </extensions>
      </trkpt>
      <trkpt lat="-1.04030433" lon="-79.46296257">
        <ele>62.11</ele>
        <time>2026-05-03T17:05:43Z</time>
        <extensions>
          <geotracker:meta c="3.16" s="11.96" />
        </extensions>
      </trkpt>
      <trkpt lat="-1.0403995" lon="-79.46296116">
        <ele>61.78</ele>
        <time>2026-05-03T17:05:44Z</time>
        <extensions>
          <geotracker:meta c="3.13" s="10.43" />
        </extensions>
      </trkpt>
      <trkpt lat="-1.04049473" lon="-79.46295445">
        <ele>61.69</ele>
        <time>2026-05-03T17:05:45Z</time>
        <extensions>
          <geotracker:meta c="3.08" s="10.36" />
        </extensions>
      </trkpt>
      <trkpt lat="-1.04059248" lon="-79.46295993">
        <ele>61.78</ele>
        <time>2026-05-03T17:05:46Z</time>
        <extensions>
          <geotracker:meta c="3.13" s="10.57" />
        </extensions>
      </trkpt>
      <trkpt lat="-1.04093221" lon="-79.46361668">
        <ele>62.42</ele>
        <time>2026-05-03T17:05:58Z</time>
        <extensions>
          <geotracker:meta c="4.84" s="10.2" />
        </extensions>
      </trkpt>
      <trkpt lat="-1.0409097" lon="-79.46376518">
        <ele>68.56</ele>
        <time>2026-05-03T17:06:01Z</time>
        <extensions>
          <geotracker:meta c="4.83" s="8.76" />
        </extensions>
      </trkpt>
      <trkpt lat="-1.04090185" lon="-79.46391985">
        <ele>71.21</ele>
        <time>2026-05-03T17:06:03Z</time>
        <extensions>
          <geotracker:meta c="4.81" s="8.09" />
        </extensions>
      </trkpt>
      <trkpt lat="-1.04089068" lon="-79.46406924">
        <ele>73.33</ele>
        <time>2026-05-03T17:06:05Z</time>
        <extensions>
          <geotracker:meta c="4.8" s="7.97" />
        </extensions>
      </trkpt>
      <trkpt lat="-1.04088222" lon="-79.46423465">
        <ele>73.87</ele>
        <time>2026-05-03T17:06:07Z</time>
        <extensions>
          <geotracker:meta c="4.81" s="9.16" />
        </extensions>
      </trkpt>
      <trkpt lat="-1.04087091" lon="-79.4643262">
        <ele>75.08</ele>
        <time>2026-05-03T17:06:08Z</time>
        <extensions>
          <geotracker:meta c="4.82" s="10.12" />
        </extensions>
      </trkpt>
      <trkpt lat="-1.04085324" lon="-79.46450786">
        <ele>76.43</ele>
        <time>2026-05-03T17:06:10Z</time>
        <extensions>
          <geotracker:meta c="4.83" s="10.78" />
        </extensions>
      </trkpt>
      <trkpt lat="-1.04084692" lon="-79.46460231">
        <ele>76.12</ele>
        <time>2026-05-03T17:06:11Z</time>
        <extensions>
          <geotracker:meta c="4.79" s="10.81" />
        </extensions>
      </trkpt>
      <trkpt lat="-1.04084252" lon="-79.46469842">
        <ele>76.48</ele>
        <time>2026-05-03T17:06:12Z</time>
        <extensions>
          <geotracker:meta c="4.74" s="11.07" />
        </extensions>
      </trkpt>
      <trkpt lat="-1.04083883" lon="-79.46479727">
        <ele>75.77</ele>
        <time>2026-05-03T17:06:13Z</time>
        <extensions>
          <geotracker:meta c="4.74" s="11.33" />
        </extensions>
      </trkpt>
      <trkpt lat="-1.04082698" lon="-79.46489929">
        <ele>76.21</ele>
        <time>2026-05-03T17:06:14Z</time>
        <extensions>
          <geotracker:meta c="4.76" s="11.09" />
        </extensions>
      </trkpt>
      <trkpt lat="-1.04081982" lon="-79.4649956">
        <ele>76.25</ele>
        <time>2026-05-03T17:06:15Z</time>
        <extensions>
          <geotracker:meta c="4.8" s="11.56" />
        </extensions>
      </trkpt>
      <trkpt lat="-1.04080612" lon="-79.46509841">
        <ele>76.84</ele>
        <time>2026-05-03T17:06:16Z</time>
        <extensions>
          <geotracker:meta c="4.88" s="11.62" />
        </extensions>
      </trkpt>
      <trkpt lat="-1.04079303" lon="-79.46521084">
        <ele>76.84</ele>
        <time>2026-05-03T17:06:17Z</time>
        <extensions>
          <geotracker:meta c="4.85" s="12.03" />
        </extensions>
      </trkpt>
      <trkpt lat="-1.04078385" lon="-79.46530875">
        <ele>77.09</ele>
        <time>2026-05-03T17:06:18Z</time>
        <extensions>
          <geotracker:meta c="4.82" s="11.52" />
        </extensions>
      </trkpt>
      <trkpt lat="-1.0407745" lon="-79.46540715">
        <ele>76.94</ele>
        <time>2026-05-03T17:06:19Z</time>
        <extensions>
          <geotracker:meta c="4.8" s="10.72" />
        </extensions>
      </trkpt>
      <trkpt lat="-1.04076098" lon="-79.46550284">
        <ele>76.89</ele>
        <time>2026-05-03T17:06:20Z</time>
        <extensions>
          <geotracker:meta c="4.82" s="10.42" />
        </extensions>
      </trkpt>
      <trkpt lat="-1.04075735" lon="-79.46559595">
        <ele>75.95</ele>
        <time>2026-05-03T17:06:21Z</time>
        <extensions>
          <geotracker:meta c="4.81" s="10.35" />
        </extensions>
      </trkpt>
      <trkpt lat="-1.04073632" lon="-79.46577719">
        <ele>75.11</ele>
        <time>2026-05-03T17:06:23Z</time>
        <extensions>
          <geotracker:meta c="4.83" s="9.96" />
        </extensions>
      </trkpt>
      <trkpt lat="-1.0407369" lon="-79.46586953">
        <ele>74.35</ele>
        <time>2026-05-03T17:06:24Z</time>
        <extensions>
          <geotracker:meta c="4.77" s="9.64" />
        </extensions>
      </trkpt>
      <trkpt lat="-1.04072872" lon="-79.46602409">
        <ele>73.82</ele>
        <time>2026-05-03T17:06:26Z</time>
        <extensions>
          <geotracker:meta c="4.73" s="8.87" />
        </extensions>
      </trkpt>
      <trkpt lat="-1.04071813" lon="-79.46617084">
        <ele>73.89</ele>
        <time>2026-05-03T17:06:28Z</time>
        <extensions>
          <geotracker:meta c="4.79" s="8.8" />
        </extensions>
      </trkpt>
      <trkpt lat="-1.04069897" lon="-79.46633646">
        <ele>71.75</ele>
        <time>2026-05-03T17:06:30Z</time>
        <extensions>
          <geotracker:meta c="4.83" s="9.31" />
        </extensions>
      </trkpt>
      <trkpt lat="-1.04069258" lon="-79.46642631">
        <ele>70.46</ele>
        <time>2026-05-03T17:06:31Z</time>
        <extensions>
          <geotracker:meta c="4.79" s="10.11" />
        </extensions>
      </trkpt>
      <trkpt lat="-1.0406923" lon="-79.46655959">
        <ele>69.84</ele>
        <time>2026-05-03T17:06:33Z</time>
        <extensions>
          <geotracker:meta c="4.74" s="7.22" />
        </extensions>
      </trkpt>
      <trkpt lat="-1.04068841" lon="-79.46667945">
        <ele>70.34</ele>
        <time>2026-05-03T17:06:35Z</time>
        <extensions>
          <geotracker:meta c="4.72" s="6.89" />
        </extensions>
      </trkpt>
      <trkpt lat="-1.04064056" lon="-79.46681638">
        <ele>70.09</ele>
        <time>2026-05-03T17:06:38Z</time>
        <extensions>
          <geotracker:meta c="4.92" s="7.83" />
        </extensions>
      </trkpt>
      <trkpt lat="-1.04063344" lon="-79.46697932">
        <ele>69.99</ele>
        <time>2026-05-03T17:06:40Z</time>
        <extensions>
          <geotracker:meta c="4.82" s="10.44" />
        </extensions>
      </trkpt>
      <trkpt lat="-1.04061482" lon="-79.46716164">
        <ele>69.83</ele>
        <time>2026-05-03T17:06:42Z</time>
        <extensions>
          <geotracker:meta c="4.81" s="11.04" />
        </extensions>
      </trkpt>
      <trkpt lat="-1.0405963" lon="-79.46725119">
        <ele>68.81</ele>
        <time>2026-05-03T17:06:43Z</time>
        <extensions>
          <geotracker:meta c="4.83" s="9.81" />
        </extensions>
      </trkpt>
      <trkpt lat="-1.04056394" lon="-79.46740884">
        <ele>68.35</ele>
        <time>2026-05-03T17:06:45Z</time>
        <extensions>
          <geotracker:meta c="4.88" s="8.68" />
        </extensions>
      </trkpt>
      <trkpt lat="-1.04055437" lon="-79.46755998">
        <ele>68.28</ele>
        <time>2026-05-03T17:06:47Z</time>
        <extensions>
          <geotracker:meta c="4.85" s="8.52" />
        </extensions>
      </trkpt>
      <trkpt lat="-1.04054235" lon="-79.46769349">
        <ele>69.82</ele>
        <time>2026-05-03T17:06:49Z</time>
        <extensions>
          <geotracker:meta c="4.85" s="4.91" />
        </extensions>
      </trkpt>
      <trkpt lat="-1.04051955" lon="-79.46781141">
        <ele>67.28</ele>
        <time>2026-05-03T17:06:52Z</time>
        <extensions>
          <geotracker:meta c="4.84" s="3.9" />
        </extensions>
      </trkpt>
      <trkpt lat="-1.04049554" lon="-79.46791363">
        <ele>68.8</ele>
        <time>2026-05-03T17:07:28Z</time>
        <extensions>
          <geotracker:meta c="5.06" s="2.68" />
        </extensions>
      </trkpt>
      <trkpt lat="-1.04040514" lon="-79.46798739">
        <ele>67.56</ele>
        <time>2026-05-03T17:07:31Z</time>
        <extensions>
          <geotracker:meta c="6.03" s="7.31" />
        </extensions>
      </trkpt>
      <trkpt lat="-1.04025918" lon="-79.46800299">
        <ele>68.27</ele>
        <time>2026-05-03T17:07:33Z</time>
        <extensions>
          <geotracker:meta c="0.18" s="8.37" />
        </extensions>
      </trkpt>
      <trkpt lat="-1.04009601" lon="-79.46800701">
        <ele>68.59</ele>
        <time>2026-05-03T17:07:35Z</time>
        <extensions>
          <geotracker:meta c="0.03" s="9.73" />
        </extensions>
      </trkpt>
      <trkpt lat="-1.03991456" lon="-79.46802174">
        <ele>68.78</ele>
        <time>2026-05-03T17:07:37Z</time>
        <extensions>
          <geotracker:meta c="6.26" s="9.95" />
        </extensions>
      </trkpt>
      <trkpt lat="-1.03976435" lon="-79.46803049">
        <ele>69.43</ele>
        <time>2026-05-03T17:07:39Z</time>
        <extensions>
          <geotracker:meta c="6.22" s="7.77" />
        </extensions>
      </trkpt>
      <trkpt lat="-1.03963575" lon="-79.46802439">
        <ele>68.4</ele>
        <time>2026-05-03T17:07:41Z</time>
        <extensions>
          <geotracker:meta c="0.1" s="6.76" />
        </extensions>
      </trkpt>
      <trkpt lat="-1.03952501" lon="-79.4680228">
        <ele>69.16</ele>
        <time>2026-05-03T17:07:44Z</time>
        <extensions>
          <geotracker:meta c="0.13" s="3" />
        </extensions>
      </trkpt>
      <trkpt lat="-1.03943261" lon="-79.46803049">
        <ele>69</ele>
        <time>2026-05-03T17:07:47Z</time>
        <extensions>
          <geotracker:meta c="0.02" s="3" />
        </extensions>
      </trkpt>
      <trkpt lat="-1.03932096" lon="-79.46805245">
        <ele>71.03</ele>
        <time>2026-05-03T17:07:57Z</time>
        <extensions>
          <geotracker:meta c="6.23" s="5.45" />
        </extensions>
      </trkpt>
      <trkpt lat="-1.03921222" lon="-79.46805336">
        <ele>71.94</ele>
        <time>2026-05-03T17:07:59Z</time>
        <extensions>
          <geotracker:meta c="0.06" s="8.79" />
        </extensions>
      </trkpt>
      <trkpt lat="-1.03903184" lon="-79.46805457">
        <ele>72.41</ele>
        <time>2026-05-03T17:08:01Z</time>
        <extensions>
          <geotracker:meta c="6.27" s="11.61" />
        </extensions>
      </trkpt>
      <trkpt lat="-1.03894096" lon="-79.4680575">
        <ele>73.39</ele>
        <time>2026-05-03T17:08:02Z</time>
        <extensions>
          <geotracker:meta c="6.25" s="10.6" />
        </extensions>
      </trkpt>
      <trkpt lat="-1.03882402" lon="-79.46806518">
        <ele>73.14</ele>
        <time>2026-05-03T17:08:03Z</time>
        <extensions>
          <geotracker:meta c="6.19" s="12.85" />
        </extensions>
      </trkpt>
      <trkpt lat="-1.03870923" lon="-79.46806376">
        <ele>73.27</ele>
        <time>2026-05-03T17:08:04Z</time>
        <extensions>
          <geotracker:meta c="6.24" s="12.56" />
        </extensions>
      </trkpt>
      <trkpt lat="-1.03857955" lon="-79.46805842">
        <ele>72.5</ele>
        <time>2026-05-03T17:08:05Z</time>
        <extensions>
          <geotracker:meta c="0.03" s="13.15" />
        </extensions>
      </trkpt>
      <trkpt lat="-1.03845742" lon="-79.46805619">
        <ele>71.95</ele>
        <time>2026-05-03T17:08:06Z</time>
        <extensions>
          <geotracker:meta c="0.04" s="13.07" />
        </extensions>
      </trkpt>
      <trkpt lat="-1.03833607" lon="-79.46804942">
        <ele>71.53</ele>
        <time>2026-05-03T17:08:07Z</time>
        <extensions>
          <geotracker:meta c="0.06" s="12.76" />
        </extensions>
      </trkpt>
      <trkpt lat="-1.03822016" lon="-79.46803617">
        <ele>72.16</ele>
        <time>2026-05-03T17:08:08Z</time>
        <extensions>
          <geotracker:meta c="0.12" s="12.92" />
        </extensions>
      </trkpt>
      <trkpt lat="-1.03810019" lon="-79.4680148">
        <ele>70.74</ele>
        <time>2026-05-03T17:08:09Z</time>
        <extensions>
          <geotracker:meta c="0.23" s="12.99" />
        </extensions>
      </trkpt>
      <trkpt lat="-1.03798753" lon="-79.46797704">
        <ele>70.71</ele>
        <time>2026-05-03T17:08:10Z</time>
        <extensions>
          <geotracker:meta c="0.29" s="12.94" />
        </extensions>
      </trkpt>
      <trkpt lat="-1.03787172" lon="-79.46792527">
        <ele>69.7</ele>
        <time>2026-05-03T17:08:11Z</time>
        <extensions>
          <geotracker:meta c="0.41" s="13.7" />
        </extensions>
      </trkpt>
      <trkpt lat="-1.03776354" lon="-79.46787684">
        <ele>69.14</ele>
        <time>2026-05-03T17:08:12Z</time>
        <extensions>
          <geotracker:meta c="0.43" s="12.96" />
        </extensions>
      </trkpt>
      <trkpt lat="-1.0376669" lon="-79.46781318">
        <ele>70.08</ele>
        <time>2026-05-03T17:08:13Z</time>
        <extensions>
          <geotracker:meta c="0.49" s="12.46" />
        </extensions>
      </trkpt>
      <trkpt lat="-1.03758411" lon="-79.46776594">
        <ele>70.32</ele>
        <time>2026-05-03T17:08:14Z</time>
        <extensions>
          <geotracker:meta c="0.53" s="11.75" />
        </extensions>
      </trkpt>
      <trkpt lat="-1.03749632" lon="-79.46771696">
        <ele>71.24</ele>
        <time>2026-05-03T17:08:15Z</time>
        <extensions>
          <geotracker:meta c="0.5" s="11.49" />
        </extensions>
      </trkpt>
      <trkpt lat="-1.03740499" lon="-79.4676664">
        <ele>71.02</ele>
        <time>2026-05-03T17:08:16Z</time>
        <extensions>
          <geotracker:meta c="0.44" s="11.38" />
        </extensions>
      </trkpt>
      <trkpt lat="-1.03731426" lon="-79.46761695">
        <ele>71.06</ele>
        <time>2026-05-03T17:08:17Z</time>
        <extensions>
          <geotracker:meta c="0.45" s="11.44" />
        </extensions>
      </trkpt>
      <trkpt lat="-1.03721975" lon="-79.46757452">
        <ele>71.14</ele>
        <time>2026-05-03T17:08:18Z</time>
        <extensions>
          <geotracker:meta c="0.38" s="11.46" />
        </extensions>
      </trkpt>
      <trkpt lat="-1.03712212" lon="-79.46753724">
        <ele>71.35</ele>
        <time>2026-05-03T17:08:19Z</time>
        <extensions>
          <geotracker:meta c="0.38" s="11.43" />
        </extensions>
      </trkpt>
      <trkpt lat="-1.03702654" lon="-79.46749666">
        <ele>72.38</ele>
        <time>2026-05-03T17:08:20Z</time>
        <extensions>
          <geotracker:meta c="0.4" s="11.41" />
        </extensions>
      </trkpt>
      <trkpt lat="-1.03692938" lon="-79.46745346">
        <ele>72.28</ele>
        <time>2026-05-03T17:08:21Z</time>
        <extensions>
          <geotracker:meta c="0.39" s="11.86" />
        </extensions>
      </trkpt>
      <trkpt lat="-1.03683283" lon="-79.46741767">
        <ele>72.1</ele>
        <time>2026-05-03T17:08:22Z</time>
        <extensions>
          <geotracker:meta c="0.33" s="11.7" />
        </extensions>
      </trkpt>
      <trkpt lat="-1.0367323" lon="-79.46738493">
        <ele>71.74</ele>
        <time>2026-05-03T17:08:23Z</time>
        <extensions>
          <geotracker:meta c="0.31" s="12.08" />
        </extensions>
      </trkpt>
      <trkpt lat="-1.03662521" lon="-79.46735456">
        <ele>72.09</ele>
        <time>2026-05-03T17:08:24Z</time>
        <extensions>
          <geotracker:meta c="0.28" s="12.31" />
        </extensions>
      </trkpt>
      <trkpt lat="-1.03651952" lon="-79.46731298">
        <ele>72.49</ele>
        <time>2026-05-03T17:08:25Z</time>
        <extensions>
          <geotracker:meta c="0.31" s="12.06" />
        </extensions>
      </trkpt>
      <trkpt lat="-1.03641783" lon="-79.46729946">
        <ele>72.1</ele>
        <time>2026-05-03T17:08:26Z</time>
        <extensions>
          <geotracker:meta c="0.22" s="12.07" />
        </extensions>
      </trkpt>
      <trkpt lat="-1.03630676" lon="-79.46727231">
        <ele>72.07</ele>
        <time>2026-05-03T17:08:27Z</time>
        <extensions>
          <geotracker:meta c="0.23" s="12.78" />
        </extensions>
      </trkpt>
      <trkpt lat="-1.03619045" lon="-79.46725087">
        <ele>72.7</ele>
        <time>2026-05-03T17:08:28Z</time>
        <extensions>
          <geotracker:meta c="0.21" s="12.61" />
        </extensions>
      </trkpt>
      <trkpt lat="-1.03609018" lon="-79.46723291">
        <ele>72.61</ele>
        <time>2026-05-03T17:08:29Z</time>
        <extensions>
          <geotracker:meta c="0.19" s="10.4" />
        </extensions>
      </trkpt>
      <trkpt lat="-1.03596806" lon="-79.46721548">
        <ele>70.14</ele>
        <time>2026-05-03T17:08:30Z</time>
        <extensions>
          <geotracker:meta c="0.18" s="12.48" />
        </extensions>
      </trkpt>
      <trkpt lat="-1.03585628" lon="-79.46719558">
        <ele>70.17</ele>
        <time>2026-05-03T17:08:31Z</time>
        <extensions>
          <geotracker:meta c="0.25" s="12.39" />
        </extensions>
      </trkpt>
      <trkpt lat="-1.03574588" lon="-79.46717022">
        <ele>70.35</ele>
        <time>2026-05-03T17:08:32Z</time>
        <extensions>
          <geotracker:meta c="0.2" s="12.39" />
        </extensions>
      </trkpt>
      <trkpt lat="-1.035632" lon="-79.46714938">
        <ele>69.78</ele>
        <time>2026-05-03T17:08:33Z</time>
        <extensions>
          <geotracker:meta c="0.17" s="11.84" />
        </extensions>
      </trkpt>
      <trkpt lat="-1.03552827" lon="-79.46712577">
        <ele>69.45</ele>
        <time>2026-05-03T17:08:34Z</time>
        <extensions>
          <geotracker:meta c="0.23" s="11.22" />
        </extensions>
      </trkpt>
      <trkpt lat="-1.03542649" lon="-79.46712274">
        <ele>70.38</ele>
        <time>2026-05-03T17:08:35Z</time>
        <extensions>
          <geotracker:meta c="0.09" s="10.86" />
        </extensions>
      </trkpt>
      <trkpt lat="-1.0353332" lon="-79.467134">
        <ele>69.41</ele>
        <time>2026-05-03T17:08:36Z</time>
        <extensions>
          <geotracker:meta c="6.26" s="10.05" />
        </extensions>
      </trkpt>
      <trkpt lat="-1.03524223" lon="-79.46713345">
        <ele>69.33</ele>
        <time>2026-05-03T17:08:37Z</time>
        <extensions>
          <geotracker:meta c="6.26" s="9.65" />
        </extensions>
      </trkpt>
      <trkpt lat="-1.03507887" lon="-79.4671872">
        <ele>70.39</ele>
        <time>2026-05-03T17:08:39Z</time>
        <extensions>
          <geotracker:meta c="6" s="10.31" />
        </extensions>
      </trkpt>
      <trkpt lat="-1.03498683" lon="-79.46719574">
        <ele>70.42</ele>
        <time>2026-05-03T17:08:40Z</time>
        <extensions>
          <geotracker:meta c="6.12" s="10.33" />
        </extensions>
      </trkpt>
      <trkpt lat="-1.03490212" lon="-79.46723072">
        <ele>68.37</ele>
        <time>2026-05-03T17:08:41Z</time>
        <extensions>
          <geotracker:meta c="6.08" s="10.15" />
        </extensions>
      </trkpt>
      <trkpt lat="-1.03481214" lon="-79.46725537">
        <ele>68.41</ele>
        <time>2026-05-03T17:08:42Z</time>
        <extensions>
          <geotracker:meta c="6.06" s="10.88" />
        </extensions>
      </trkpt>
      <trkpt lat="-1.03470829" lon="-79.4672733">
        <ele>68.57</ele>
        <time>2026-05-03T17:08:43Z</time>
        <extensions>
          <geotracker:meta c="6.08" s="11.63" />
        </extensions>
      </trkpt>
      <trkpt lat="-1.03460398" lon="-79.46728876">
        <ele>70.12</ele>
        <time>2026-05-03T17:08:44Z</time>
        <extensions>
          <geotracker:meta c="6.08" s="11.84" />
        </extensions>
      </trkpt>
      <trkpt lat="-1.03449728" lon="-79.46730298">
        <ele>70.96</ele>
        <time>2026-05-03T17:08:45Z</time>
        <extensions>
          <geotracker:meta c="6.07" s="11.86" />
        </extensions>
      </trkpt>
      <trkpt lat="-1.03439282" lon="-79.46732593">
        <ele>70.9</ele>
        <time>2026-05-03T17:08:46Z</time>
        <extensions>
          <geotracker:meta c="6.07" s="11.83" />
        </extensions>
      </trkpt>
      <trkpt lat="-1.03428782" lon="-79.46734478">
        <ele>71.05</ele>
        <time>2026-05-03T17:08:47Z</time>
        <extensions>
          <geotracker:meta c="6.1" s="11.66" />
        </extensions>
      </trkpt>
      <trkpt lat="-1.03417113" lon="-79.46736215">
        <ele>70.56</ele>
        <time>2026-05-03T17:08:48Z</time>
        <extensions>
          <geotracker:meta c="6.11" s="12.29" />
        </extensions>
      </trkpt>
      <trkpt lat="-1.03400235" lon="-79.46740573">
        <ele>70.8</ele>
        <time>2026-05-03T17:08:50Z</time>
        <extensions>
          <geotracker:meta c="6.09" s="8.88" />
        </extensions>
      </trkpt>
      <trkpt lat="-1.03386559" lon="-79.46744437">
        <ele>70.89</ele>
        <time>2026-05-03T17:08:52Z</time>
        <extensions>
          <geotracker:meta c="5.98" s="6.83" />
        </extensions>
      </trkpt>
      <trkpt lat="-1.03375591" lon="-79.46746825">
        <ele>72</ele>
        <time>2026-05-03T17:08:54Z</time>
        <extensions>
          <geotracker:meta c="6.03" s="5.68" />
        </extensions>
      </trkpt>
      <trkpt lat="-1.03363397" lon="-79.46749112">
        <ele>72.32</ele>
        <time>2026-05-03T17:08:56Z</time>
        <extensions>
          <geotracker:meta c="6.04" s="7.16" />
        </extensions>
      </trkpt>
      <trkpt lat="-1.0336046" lon="-79.46763197">
        <ele>71.6</ele>
        <time>2026-05-03T17:08:59Z</time>
        <extensions>
          <geotracker:meta c="5.09" s="7.65" />
        </extensions>
      </trkpt>
      <trkpt lat="-1.03354506" lon="-79.46777424">
        <ele>69.5</ele>
        <time>2026-05-03T17:09:01Z</time>
        <extensions>
          <geotracker:meta c="5.06" s="9.96" />
        </extensions>
      </trkpt>
      <trkpt lat="-1.03350535" lon="-79.46785521">
        <ele>68.43</ele>
        <time>2026-05-03T17:09:02Z</time>
        <extensions>
          <geotracker:meta c="5.15" s="10.4" />
        </extensions>
      </trkpt>
      <trkpt lat="-1.03342323" lon="-79.46804167">
        <ele>67.85</ele>
        <time>2026-05-03T17:09:04Z</time>
        <extensions>
          <geotracker:meta c="5.1" s="12.36" />
        </extensions>
      </trkpt>
      <trkpt lat="-1.03337031" lon="-79.4681383">
        <ele>69.2</ele>
        <time>2026-05-03T17:09:05Z</time>
        <extensions>
          <geotracker:meta c="5.18" s="12.89" />
        </extensions>
      </trkpt>
      <trkpt lat="-1.03332894" lon="-79.46824388">
        <ele>68.65</ele>
        <time>2026-05-03T17:09:06Z</time>
        <extensions>
          <geotracker:meta c="5.12" s="12.95" />
        </extensions>
      </trkpt>
      <trkpt lat="-1.03327693" lon="-79.46835511">
        <ele>69.06</ele>
        <time>2026-05-03T17:09:07Z</time>
        <extensions>
          <geotracker:meta c="5.14" s="12.68" />
        </extensions>
      </trkpt>
      <trkpt lat="-1.03322235" lon="-79.46846389">
        <ele>69.15</ele>
        <time>2026-05-03T17:09:08Z</time>
        <extensions>
          <geotracker:meta c="5.15" s="13.05" />
        </extensions>
      </trkpt>
      <trkpt lat="-1.03317087" lon="-79.46857496">
        <ele>70.58</ele>
        <time>2026-05-03T17:09:09Z</time>
        <extensions>
          <geotracker:meta c="5.15" s="13.76" />
        </extensions>
      </trkpt>
      <trkpt lat="-1.03312781" lon="-79.46868082">
        <ele>70.2</ele>
        <time>2026-05-03T17:09:10Z</time>
        <extensions>
          <geotracker:meta c="5.11" s="13.07" />
        </extensions>
      </trkpt>
      <trkpt lat="-1.03308175" lon="-79.46879097">
        <ele>70.28</ele>
        <time>2026-05-03T17:09:11Z</time>
        <extensions>
          <geotracker:meta c="5.1" s="13.29" />
        </extensions>
      </trkpt>
      <trkpt lat="-1.03303885" lon="-79.46889032">
        <ele>71.18</ele>
        <time>2026-05-03T17:09:12Z</time>
        <extensions>
          <geotracker:meta c="5.12" s="11.99" />
        </extensions>
      </trkpt>
      <trkpt lat="-1.0329962" lon="-79.46899417">
        <ele>73.77</ele>
        <time>2026-05-03T17:09:13Z</time>
        <extensions>
          <geotracker:meta c="5.15" s="11.91" />
        </extensions>
      </trkpt>
      <trkpt lat="-1.0329438" lon="-79.46909836">
        <ele>73.4</ele>
        <time>2026-05-03T17:09:14Z</time>
        <extensions>
          <geotracker:meta c="5.1" s="12.24" />
        </extensions>
      </trkpt>
      <trkpt lat="-1.0328985" lon="-79.46920715">
        <ele>73.3</ele>
        <time>2026-05-03T17:09:15Z</time>
        <extensions>
          <geotracker:meta c="5.11" s="12.39" />
        </extensions>
      </trkpt>
      <trkpt lat="-1.03286635" lon="-79.4693051">
        <ele>74.05</ele>
        <time>2026-05-03T17:09:16Z</time>
        <extensions>
          <geotracker:meta c="5.1" s="11.76" />
        </extensions>
      </trkpt>
      <trkpt lat="-1.03281787" lon="-79.46941453">
        <ele>73.89</ele>
        <time>2026-05-03T17:09:17Z</time>
        <extensions>
          <geotracker:meta c="5.13" s="12.43" />
        </extensions>
      </trkpt>
      <trkpt lat="-1.03278388" lon="-79.46950851">
        <ele>74.18</ele>
        <time>2026-05-03T17:09:18Z</time>
        <extensions>
          <geotracker:meta c="5.11" s="11.83" />
        </extensions>
      </trkpt>
      <trkpt lat="-1.03275031" lon="-79.46959279">
        <ele>74.06</ele>
        <time>2026-05-03T17:09:19Z</time>
        <extensions>
          <geotracker:meta c="5.13" s="11.06" />
        </extensions>
      </trkpt>
      <trkpt lat="-1.03269191" lon="-79.46969608">
        <ele>74.34</ele>
        <time>2026-05-03T17:09:20Z</time>
        <extensions>
          <geotracker:meta c="5.18" s="12.5" />
        </extensions>
      </trkpt>
      <trkpt lat="-1.03263466" lon="-79.4697911">
        <ele>74.48</ele>
        <time>2026-05-03T17:09:21Z</time>
        <extensions>
          <geotracker:meta c="5.2" s="12.08" />
        </extensions>
      </trkpt>
      <trkpt lat="-1.03260095" lon="-79.46987786">
        <ele>74.26</ele>
        <time>2026-05-03T17:09:22Z</time>
        <extensions>
          <geotracker:meta c="5.17" s="11.51" />
        </extensions>
      </trkpt>
      <trkpt lat="-1.03254181" lon="-79.46998139">
        <ele>74.33</ele>
        <time>2026-05-03T17:09:23Z</time>
        <extensions>
          <geotracker:meta c="5.22" s="12.27" />
        </extensions>
      </trkpt>
      <trkpt lat="-1.03250886" lon="-79.47007383">
        <ele>74.74</ele>
        <time>2026-05-03T17:09:24Z</time>
        <extensions>
          <geotracker:meta c="5.13" s="11.73" />
        </extensions>
      </trkpt>
      <trkpt lat="-1.0324724" lon="-79.47016769">
        <ele>75.28</ele>
        <time>2026-05-03T17:09:25Z</time>
        <extensions>
          <geotracker:meta c="5.11" s="11.67" />
        </extensions>
      </trkpt>
      <trkpt lat="-1.03242006" lon="-79.47027123">
        <ele>76.39</ele>
        <time>2026-05-03T17:09:26Z</time>
        <extensions>
          <geotracker:meta c="5.12" s="11.9" />
        </extensions>
      </trkpt>
      <trkpt lat="-1.03235741" lon="-79.47035097">
        <ele>75.58</ele>
        <time>2026-05-03T17:09:27Z</time>
        <extensions>
          <geotracker:meta c="5.15" s="10.69" />
        </extensions>
      </trkpt>
      <trkpt lat="-1.03229023" lon="-79.47043849">
        <ele>77.05</ele>
        <time>2026-05-03T17:09:28Z</time>
        <extensions>
          <geotracker:meta c="5.17" s="10.45" />
        </extensions>
      </trkpt>
      <trkpt lat="-1.03224874" lon="-79.47052652">
        <ele>77.14</ele>
        <time>2026-05-03T17:09:29Z</time>
        <extensions>
          <geotracker:meta c="5.19" s="9.52" />
        </extensions>
      </trkpt>
      <trkpt lat="-1.03219703" lon="-79.47067892">
        <ele>77.36</ele>
        <time>2026-05-03T17:09:31Z</time>
        <extensions>
          <geotracker:meta c="5.1" s="8.55" />
        </extensions>
      </trkpt>
      <trkpt lat="-1.03212198" lon="-79.47081157">
        <ele>74.56</ele>
        <time>2026-05-03T17:09:33Z</time>
        <extensions>
          <geotracker:meta c="5.18" s="8.04" />
        </extensions>
      </trkpt>
      <trkpt lat="-1.03203593" lon="-79.47093167">
        <ele>73.44</ele>
        <time>2026-05-03T17:09:35Z</time>
        <extensions>
          <geotracker:meta c="5.31" s="5.94" />
        </extensions>
      </trkpt>
      <trkpt lat="-1.03196303" lon="-79.47100544">
        <ele>73.13</ele>
        <time>2026-05-03T17:09:38Z</time>
        <extensions>
          <geotracker:meta c="5.84" s="2.76" />
        </extensions>
      </trkpt>
      <trkpt lat="-1.03183773" lon="-79.47102204">
        <ele>73.81</ele>
        <time>2026-05-03T17:09:43Z</time>
        <extensions>
          <geotracker:meta c="6.2" s="3.57" />
        </extensions>
      </trkpt>
      <trkpt lat="-1.03172985" lon="-79.47103725">
        <ele>70.26</ele>
        <time>2026-05-03T17:09:47Z</time>
        <extensions>
          <geotracker:meta c="6.03" s="6.15" />
        </extensions>
      </trkpt>
      <trkpt lat="-1.03161253" lon="-79.47110066">
        <ele>72.5</ele>
        <time>2026-05-03T17:09:49Z</time>
        <extensions>
          <geotracker:meta c="5.56" s="8.04" />
        </extensions>
      </trkpt>
      <trkpt lat="-1.03153242" lon="-79.47120825">
        <ele>71.41</ele>
        <time>2026-05-03T17:09:51Z</time>
        <extensions>
          <geotracker:meta c="5.28" s="7.23" />
        </extensions>
      </trkpt>
      <trkpt lat="-1.03150192" lon="-79.47129912">
        <ele>73.61</ele>
        <time>2026-05-03T17:09:52Z</time>
        <extensions>
          <geotracker:meta c="4.97" s="10.39" />
        </extensions>
      </trkpt>
      <trkpt lat="-1.03147436" lon="-79.47143968">
        <ele>74.04</ele>
        <time>2026-05-03T17:09:54Z</time>
        <extensions>
          <geotracker:meta c="4.65" s="7.5" />
        </extensions>
      </trkpt>
      <trkpt lat="-1.03150807" lon="-79.47158836">
        <ele>72.98</ele>
        <time>2026-05-03T17:09:56Z</time>
        <extensions>
          <geotracker:meta c="4.51" s="8.86" />
        </extensions>
      </trkpt>
      <trkpt lat="-1.03155319" lon="-79.47175142">
        <ele>73.76</ele>
        <time>2026-05-03T17:09:58Z</time>
        <extensions>
          <geotracker:meta c="4.43" s="9.15" />
        </extensions>
      </trkpt>
      <trkpt lat="-1.03161673" lon="-79.47193771">
        <ele>76.49</ele>
        <time>2026-05-03T17:10:00Z</time>
        <extensions>
          <geotracker:meta c="4.32" s="9.98" />
        </extensions>
      </trkpt>
      <trkpt lat="-1.03167565" lon="-79.47205904">
        <ele>76.51</ele>
        <time>2026-05-03T17:10:02Z</time>
        <extensions>
          <geotracker:meta c="4.39" s="8.47" />
        </extensions>
      </trkpt>
      <trkpt lat="-1.03170706" lon="-79.47218868">
        <ele>77.27</ele>
        <time>2026-05-03T17:10:04Z</time>
        <extensions>
          <geotracker:meta c="4.47" s="6.56" />
        </extensions>
      </trkpt>
      <trkpt lat="-1.03174512" lon="-79.47231111">
        <ele>79.25</ele>
        <time>2026-05-03T17:10:06Z</time>
        <extensions>
          <geotracker:meta c="4.36" s="6.23" />
        </extensions>
      </trkpt>
      <trkpt lat="-1.03184678" lon="-79.47241521">
        <ele>75.38</ele>
        <time>2026-05-03T17:10:09Z</time>
        <extensions>
          <geotracker:meta c="3.54" s="5.28" />
        </extensions>
      </trkpt>
      <trkpt lat="-1.03196095" lon="-79.47242086">
        <ele>73.8</ele>
        <time>2026-05-03T17:10:11Z</time>
        <extensions>
          <geotracker:meta c="2.97" s="6.48" />
        </extensions>
      </trkpt>
      <trkpt lat="-1.03212058" lon="-79.47245101">
        <ele>74.52</ele>
        <time>2026-05-03T17:10:13Z</time>
        <extensions>
          <geotracker:meta c="3.29" s="8.87" />
        </extensions>
      </trkpt>
      <trkpt lat="-1.0323057" lon="-79.47245272">
        <ele>76.29</ele>
        <time>2026-05-03T17:10:15Z</time>
        <extensions>
          <geotracker:meta c="3.05" s="10.76" />
        </extensions>
      </trkpt>
      <trkpt lat="-1.03240571" lon="-79.47244559">
        <ele>76.27</ele>
        <time>2026-05-03T17:10:16Z</time>
        <extensions>
          <geotracker:meta c="3.01" s="11.3" />
        </extensions>
      </trkpt>
      <trkpt lat="-1.03250695" lon="-79.4724276">
        <ele>76.92</ele>
        <time>2026-05-03T17:10:17Z</time>
        <extensions>
          <geotracker:meta c="2.91" s="11.52" />
        </extensions>
      </trkpt>
      <trkpt lat="-1.03260837" lon="-79.47241145">
        <ele>76.48</ele>
        <time>2026-05-03T17:10:18Z</time>
        <extensions>
          <geotracker:meta c="2.92" s="11.69" />
        </extensions>
      </trkpt>
      <trkpt lat="-1.03271662" lon="-79.47239573">
        <ele>77.05</ele>
        <time>2026-05-03T17:10:19Z</time>
        <extensions>
          <geotracker:meta c="2.98" s="12.12" />
        </extensions>
      </trkpt>
      <trkpt lat="-1.03282225" lon="-79.47238073">
        <ele>77.21</ele>
        <time>2026-05-03T17:10:20Z</time>
        <extensions>
          <geotracker:meta c="2.99" s="11.8" />
        </extensions>
      </trkpt>
      <trkpt lat="-1.03292827" lon="-79.47236433">
        <ele>77.22</ele>
        <time>2026-05-03T17:10:21Z</time>
        <extensions>
          <geotracker:meta c="3" s="11.82" />
        </extensions>
      </trkpt>
      <trkpt lat="-1.0330458" lon="-79.47237744">
        <ele>78.02</ele>
        <time>2026-05-03T17:10:22Z</time>
        <extensions>
          <geotracker:meta c="3.06" s="11.74" />
        </extensions>
      </trkpt>
      <trkpt lat="-1.03314747" lon="-79.47238416">
        <ele>78.38</ele>
        <time>2026-05-03T17:10:23Z</time>
        <extensions>
          <geotracker:meta c="3.06" s="11.66" />
        </extensions>
      </trkpt>
      <trkpt lat="-1.03324825" lon="-79.4723803">
        <ele>78.42</ele>
        <time>2026-05-03T17:10:24Z</time>
        <extensions>
          <geotracker:meta c="3.07" s="11.66" />
        </extensions>
      </trkpt>
      <trkpt lat="-1.03337858" lon="-79.47235512">
        <ele>78.03</ele>
        <time>2026-05-03T17:10:25Z</time>
        <extensions>
          <geotracker:meta c="3.03" s="13.47" />
        </extensions>
      </trkpt>
      <trkpt lat="-1.03349964" lon="-79.4723323">
        <ele>77.99</ele>
        <time>2026-05-03T17:10:26Z</time>
        <extensions>
          <geotracker:meta c="3.02" s="14.36" />
        </extensions>
      </trkpt>
      <trkpt lat="-1.03362389" lon="-79.47232707">
        <ele>78.02</ele>
        <time>2026-05-03T17:10:27Z</time>
        <extensions>
          <geotracker:meta c="3.05" s="13.92" />
        </extensions>
      </trkpt>
      <trkpt lat="-1.0337207" lon="-79.47234186">
        <ele>78.07</ele>
        <time>2026-05-03T17:10:28Z</time>
        <extensions>
          <geotracker:meta c="3.13" s="11.92" />
        </extensions>
      </trkpt>
      <trkpt lat="-1.03382949" lon="-79.47234463">
        <ele>78.4</ele>
        <time>2026-05-03T17:10:29Z</time>
        <extensions>
          <geotracker:meta c="3.14" s="11.55" />
        </extensions>
      </trkpt>
      <trkpt lat="-1.03396619" lon="-79.47232748">
        <ele>81.3</ele>
        <time>2026-05-03T17:10:30Z</time>
        <extensions>
          <geotracker:meta c="3.19" s="11.3" />
        </extensions>
      </trkpt>
      <trkpt lat="-1.0340803" lon="-79.47232842">
        <ele>81.22</ele>
        <time>2026-05-03T17:10:31Z</time>
        <extensions>
          <geotracker:meta c="3.21" s="11.01" />
        </extensions>
      </trkpt>
      <trkpt lat="-1.03419715" lon="-79.47233448">
        <ele>81.78</ele>
        <time>2026-05-03T17:10:32Z</time>
        <extensions>
          <geotracker:meta c="3.21" s="11.06" />
        </extensions>
      </trkpt>
      <trkpt lat="-1.03429867" lon="-79.47234812">
        <ele>83.23</ele>
        <time>2026-05-03T17:10:33Z</time>
        <extensions>
          <geotracker:meta c="3.27" s="11.15" />
        </extensions>
      </trkpt>
      <trkpt lat="-1.03439384" lon="-79.47236669">
        <ele>84.65</ele>
        <time>2026-05-03T17:10:34Z</time>
        <extensions>
          <geotracker:meta c="3.32" s="11.1" />
        </extensions>
      </trkpt>
      <trkpt lat="-1.03448807" lon="-79.47238059">
        <ele>86.37</ele>
        <time>2026-05-03T17:10:35Z</time>
        <extensions>
          <geotracker:meta c="3.32" s="11.28" />
        </extensions>
      </trkpt>
      <trkpt lat="-1.03458712" lon="-79.47240637">
        <ele>87.01</ele>
        <time>2026-05-03T17:10:36Z</time>
        <extensions>
          <geotracker:meta c="3.34" s="11.49" />
        </extensions>
      </trkpt>
      <trkpt lat="-1.03468896" lon="-79.47243078">
        <ele>87.93</ele>
        <time>2026-05-03T17:10:37Z</time>
        <extensions>
          <geotracker:meta c="3.39" s="11.54" />
        </extensions>
      </trkpt>
      <trkpt lat="-1.03478845" lon="-79.4724573">
        <ele>88.68</ele>
        <time>2026-05-03T17:10:38Z</time>
        <extensions>
          <geotracker:meta c="3.41" s="11.71" />
        </extensions>
      </trkpt>
      <trkpt lat="-1.03489572" lon="-79.47249125">
        <ele>89.53</ele>
        <time>2026-05-03T17:10:39Z</time>
        <extensions>
          <geotracker:meta c="3.44" s="12.44" />
        </extensions>
      </trkpt>
      <trkpt lat="-1.03500606" lon="-79.47252324">
        <ele>90.89</ele>
        <time>2026-05-03T17:10:40Z</time>
        <extensions>
          <geotracker:meta c="3.45" s="13.26" />
        </extensions>
      </trkpt>
      <trkpt lat="-1.03512066" lon="-79.47255611">
        <ele>92.31</ele>
        <time>2026-05-03T17:10:41Z</time>
        <extensions>
          <geotracker:meta c="3.46" s="13.9" />
        </extensions>
      </trkpt>
      <trkpt lat="-1.03524143" lon="-79.47259957">
        <ele>92.83</ele>
        <time>2026-05-03T17:10:42Z</time>
        <extensions>
          <geotracker:meta c="3.51" s="14.55" />
        </extensions>
      </trkpt>
      <trkpt lat="-1.03536723" lon="-79.47265123">
        <ele>93.58</ele>
        <time>2026-05-03T17:10:43Z</time>
        <extensions>
          <geotracker:meta c="3.56" s="14.33" />
        </extensions>
      </trkpt>
      <trkpt lat="-1.03549265" lon="-79.47271138">
        <ele>95.18</ele>
        <time>2026-05-03T17:10:44Z</time>
        <extensions>
          <geotracker:meta c="3.63" s="15.32" />
        </extensions>
      </trkpt>
      <trkpt lat="-1.03560783" lon="-79.47277197">
        <ele>95.81</ele>
        <time>2026-05-03T17:10:45Z</time>
        <extensions>
          <geotracker:meta c="3.67" s="14.54" />
        </extensions>
      </trkpt>
      <trkpt lat="-1.03571432" lon="-79.47283262">
        <ele>96.61</ele>
        <time>2026-05-03T17:10:46Z</time>
        <extensions>
          <geotracker:meta c="3.69" s="13.32" />
        </extensions>
      </trkpt>
      <trkpt lat="-1.03581736" lon="-79.4729052">
        <ele>97.33</ele>
        <time>2026-05-03T17:10:47Z</time>
        <extensions>
          <geotracker:meta c="3.76" s="13.9" />
        </extensions>
      </trkpt>
      <trkpt lat="-1.03591821" lon="-79.47296172">
        <ele>96.67</ele>
        <time>2026-05-03T17:10:48Z</time>
        <extensions>
          <geotracker:meta c="3.69" s="13.02" />
        </extensions>
      </trkpt>
      <trkpt lat="-1.03601953" lon="-79.47302386">
        <ele>96.7</ele>
        <time>2026-05-03T17:10:49Z</time>
        <extensions>
          <geotracker:meta c="3.69" s="13.15" />
        </extensions>
      </trkpt>
      <trkpt lat="-1.03609222" lon="-79.47309076">
        <ele>96.19</ele>
        <time>2026-05-03T17:10:50Z</time>
        <extensions>
          <geotracker:meta c="3.75" s="11.15" />
        </extensions>
      </trkpt>
      <trkpt lat="-1.03617202" lon="-79.4731474">
        <ele>96.24</ele>
        <time>2026-05-03T17:10:51Z</time>
        <extensions>
          <geotracker:meta c="3.72" s="10.27" />
        </extensions>
      </trkpt>
      <trkpt lat="-1.03624913" lon="-79.47320328">
        <ele>96.28</ele>
        <time>2026-05-03T17:10:52Z</time>
        <extensions>
          <geotracker:meta c="3.71" s="9.77" />
        </extensions>
      </trkpt>
      <trkpt lat="-1.03637107" lon="-79.47328067">
        <ele>96.37</ele>
        <time>2026-05-03T17:10:54Z</time>
        <extensions>
          <geotracker:meta c="3.73" s="7.18" />
        </extensions>
      </trkpt>
      <trkpt lat="-1.03647982" lon="-79.47336038">
        <ele>96.17</ele>
        <time>2026-05-03T17:10:56Z</time>
        <extensions>
          <geotracker:meta c="3.84" s="7.31" />
        </extensions>
      </trkpt>
      <trkpt lat="-1.03657625" lon="-79.47344105">
        <ele>94.42</ele>
        <time>2026-05-03T17:10:58Z</time>
        <extensions>
          <geotracker:meta c="3.6" s="9.19" />
        </extensions>
      </trkpt>
      <trkpt lat="-1.03670036" lon="-79.4735091">
        <ele>96.04</ele>
        <time>2026-05-03T17:11:00Z</time>
        <extensions>
          <geotracker:meta c="3.7" s="7.3" />
        </extensions>
      </trkpt>
      <trkpt lat="-1.03680532" lon="-79.47358036">
        <ele>96.39</ele>
        <time>2026-05-03T17:11:02Z</time>
        <extensions>
          <geotracker:meta c="3.74" s="6.83" />
        </extensions>
      </trkpt>
      <trkpt lat="-1.03691334" lon="-79.47365527">
        <ele>96.74</ele>
        <time>2026-05-03T17:11:04Z</time>
        <extensions>
          <geotracker:meta c="3.74" s="7.33" />
        </extensions>
      </trkpt>
      <trkpt lat="-1.03701848" lon="-79.47373045">
        <ele>97.2</ele>
        <time>2026-05-03T17:11:06Z</time>
        <extensions>
          <geotracker:meta c="3.75" s="7.15" />
        </extensions>
      </trkpt>
      <trkpt lat="-1.03713056" lon="-79.47380046">
        <ele>96.93</ele>
        <time>2026-05-03T17:11:08Z</time>
        <extensions>
          <geotracker:meta c="3.75" s="6.93" />
        </extensions>
      </trkpt>
      <trkpt lat="-1.03723923" lon="-79.47387494">
        <ele>97.06</ele>
        <time>2026-05-03T17:11:10Z</time>
        <extensions>
          <geotracker:meta c="3.73" s="7.24" />
        </extensions>
      </trkpt>
      <trkpt lat="-1.03735666" lon="-79.4739456">
        <ele>97.53</ele>
        <time>2026-05-03T17:11:12Z</time>
        <extensions>
          <geotracker:meta c="3.71" s="8.45" />
        </extensions>
      </trkpt>
      <trkpt lat="-1.03748037" lon="-79.47402982">
        <ele>97.96</ele>
        <time>2026-05-03T17:11:14Z</time>
        <extensions>
          <geotracker:meta c="3.71" s="8.09" />
        </extensions>
      </trkpt>
      <trkpt lat="-1.03755725" lon="-79.47408947">
        <ele>97.4</ele>
        <time>2026-05-03T17:11:16Z</time>
        <extensions>
          <geotracker:meta c="3.78" s="4.67" />
        </extensions>
      </trkpt>
      <trkpt lat="-1.03763327" lon="-79.47414942">
        <ele>94.75</ele>
        <time>2026-05-03T17:11:19Z</time>
        <extensions>
          <geotracker:meta c="3.68" s="5.13" />
        </extensions>
      </trkpt>
      <trkpt lat="-1.0377158" lon="-79.47419752">
        <ele>94.84</ele>
        <time>2026-05-03T17:11:21Z</time>
        <extensions>
          <geotracker:meta c="3.71" s="5.11" />
        </extensions>
      </trkpt>
      <trkpt lat="-1.03780803" lon="-79.47425008">
        <ele>96.05</ele>
        <time>2026-05-03T17:11:23Z</time>
        <extensions>
          <geotracker:meta c="3.71" s="6.66" />
        </extensions>
      </trkpt>
      <trkpt lat="-1.03792182" lon="-79.47432585">
        <ele>95.67</ele>
        <time>2026-05-03T17:11:25Z</time>
        <extensions>
          <geotracker:meta c="3.75" s="8.5" />
        </extensions>
      </trkpt>
      <trkpt lat="-1.03804134" lon="-79.47442265">
        <ele>95.91</ele>
        <time>2026-05-03T17:11:27Z</time>
        <extensions>
          <geotracker:meta c="3.73" s="9.11" />
        </extensions>
      </trkpt>
      <trkpt lat="-1.03818034" lon="-79.47452869">
        <ele>96.07</ele>
        <time>2026-05-03T17:11:29Z</time>
        <extensions>
          <geotracker:meta c="3.76" s="10.22" />
        </extensions>
      </trkpt>
      <trkpt lat="-1.03826072" lon="-79.47458786">
        <ele>95.67</ele>
        <time>2026-05-03T17:11:30Z</time>
        <extensions>
          <geotracker:meta c="3.81" s="10.87" />
        </extensions>
      </trkpt>
      <trkpt lat="-1.03833986" lon="-79.47464125">
        <ele>96.5</ele>
        <time>2026-05-03T17:11:31Z</time>
        <extensions>
          <geotracker:meta c="3.73" s="10.46" />
        </extensions>
      </trkpt>
      <trkpt lat="-1.03842119" lon="-79.47469372">
        <ele>96.55</ele>
        <time>2026-05-03T17:11:32Z</time>
        <extensions>
          <geotracker:meta c="3.71" s="11.26" />
        </extensions>
      </trkpt>
      <trkpt lat="-1.03850052" lon="-79.47474642">
        <ele>97.29</ele>
        <time>2026-05-03T17:11:33Z</time>
        <extensions>
          <geotracker:meta c="3.75" s="10.74" />
        </extensions>
      </trkpt>
      <trkpt lat="-1.03858763" lon="-79.47480205">
        <ele>97.03</ele>
        <time>2026-05-03T17:11:34Z</time>
        <extensions>
          <geotracker:meta c="3.75" s="10.63" />
        </extensions>
      </trkpt>
      <trkpt lat="-1.03866958" lon="-79.474856">
        <ele>96.92</ele>
        <time>2026-05-03T17:11:35Z</time>
        <extensions>
          <geotracker:meta c="3.74" s="10.97" />
        </extensions>
      </trkpt>
      <trkpt lat="-1.03874102" lon="-79.47492071">
        <ele>95.2</ele>
        <time>2026-05-03T17:11:36Z</time>
        <extensions>
          <geotracker:meta c="3.76" s="10.74" />
        </extensions>
      </trkpt>
      <trkpt lat="-1.03883949" lon="-79.47498057">
        <ele>95.48</ele>
        <time>2026-05-03T17:11:37Z</time>
        <extensions>
          <geotracker:meta c="3.71" s="11.45" />
        </extensions>
      </trkpt>
      <trkpt lat="-1.03892738" lon="-79.47503251">
        <ele>96.08</ele>
        <time>2026-05-03T17:11:38Z</time>
        <extensions>
          <geotracker:meta c="3.76" s="10.75" />
        </extensions>
      </trkpt>
      <trkpt lat="-1.03908051" lon="-79.4751272">
        <ele>96.92</ele>
        <time>2026-05-03T17:11:40Z</time>
        <extensions>
          <geotracker:meta c="3.74" s="10.68" />
        </extensions>
      </trkpt>
      <trkpt lat="-1.03915805" lon="-79.47518309">
        <ele>97.6</ele>
        <time>2026-05-03T17:11:41Z</time>
        <extensions>
          <geotracker:meta c="3.77" s="10.45" />
        </extensions>
      </trkpt>
      <trkpt lat="-1.03929982" lon="-79.47527629">
        <ele>97.26</ele>
        <time>2026-05-03T17:11:43Z</time>
        <extensions>
          <geotracker:meta c="3.76" s="9.27" />
        </extensions>
      </trkpt>
      <trkpt lat="-1.03937831" lon="-79.47532682">
        <ele>96.15</ele>
        <time>2026-05-03T17:11:44Z</time>
        <extensions>
          <geotracker:meta c="3.75" s="8.48" />
        </extensions>
      </trkpt>
      <trkpt lat="-1.03949375" lon="-79.4754029">
        <ele>96.93</ele>
        <time>2026-05-03T17:11:46Z</time>
        <extensions>
          <geotracker:meta c="3.72" s="7.13" />
        </extensions>
      </trkpt>
      <trkpt lat="-1.03958419" lon="-79.47545827">
        <ele>95.62</ele>
        <time>2026-05-03T17:11:48Z</time>
        <extensions>
          <geotracker:meta c="3.71" s="4.18" />
        </extensions>
      </trkpt>
      <trkpt lat="-1.03971031" lon="-79.4755431">
        <ele>97.54</ele>
        <time>2026-05-03T17:11:52Z</time>
        <extensions>
          <geotracker:meta c="3.78" s="4.46" />
        </extensions>
      </trkpt>
      <trkpt lat="-1.03978581" lon="-79.47559581">
        <ele>98.08</ele>
        <time>2026-05-03T17:11:54Z</time>
        <extensions>
          <geotracker:meta c="3.78" s="6.39" />
        </extensions>
      </trkpt>
      <trkpt lat="-1.03989898" lon="-79.4756905">
        <ele>99</ele>
        <time>2026-05-03T17:11:56Z</time>
        <extensions>
          <geotracker:meta c="3.8" s="8.27" />
        </extensions>
      </trkpt>
      <trkpt lat="-1.04002102" lon="-79.4757976">
        <ele>100.45</ele>
        <time>2026-05-03T17:11:58Z</time>
        <extensions>
          <geotracker:meta c="3.73" s="8.25" />
        </extensions>
      </trkpt>
      <trkpt lat="-1.04010337" lon="-79.47586149">
        <ele>101.43</ele>
        <time>2026-05-03T17:11:59Z</time>
        <extensions>
          <geotracker:meta c="3.73" s="8.93" />
        </extensions>
      </trkpt>
      <trkpt lat="-1.04025574" lon="-79.47598196">
        <ele>102.48</ele>
        <time>2026-05-03T17:12:01Z</time>
        <extensions>
          <geotracker:meta c="3.75" s="10.57" />
        </extensions>
      </trkpt>
      <trkpt lat="-1.0403463" lon="-79.47601576">
        <ele>102.67</ele>
        <time>2026-05-03T17:12:02Z</time>
        <extensions>
          <geotracker:meta c="3.72" s="11.53" />
        </extensions>
      </trkpt>
      <trkpt lat="-1.04045189" lon="-79.47608885">
        <ele>98.74</ele>
        <time>2026-05-03T17:12:04Z</time>
        <extensions>
          <geotracker:meta c="3.76" s="10.96" />
        </extensions>
      </trkpt>
      <trkpt lat="-1.04054303" lon="-79.47613124">
        <ele>98.07</ele>
        <time>2026-05-03T17:12:05Z</time>
        <extensions>
          <geotracker:meta c="3.74" s="10.72" />
        </extensions>
      </trkpt>
      <trkpt lat="-1.04062356" lon="-79.47618219">
        <ele>97.85</ele>
        <time>2026-05-03T17:12:06Z</time>
        <extensions>
          <geotracker:meta c="3.76" s="10.72" />
        </extensions>
      </trkpt>
      <trkpt lat="-1.04070248" lon="-79.47623509">
        <ele>97.19</ele>
        <time>2026-05-03T17:12:07Z</time>
        <extensions>
          <geotracker:meta c="3.69" s="9.77" />
        </extensions>
      </trkpt>
      <trkpt lat="-1.04084272" lon="-79.47631045">
        <ele>97.43</ele>
        <time>2026-05-03T17:12:09Z</time>
        <extensions>
          <geotracker:meta c="3.67" s="7.51" />
        </extensions>
      </trkpt>
      <trkpt lat="-1.04097437" lon="-79.47640249">
        <ele>99.04</ele>
        <time>2026-05-03T17:12:11Z</time>
        <extensions>
          <geotracker:meta c="3.79" s="8.59" />
        </extensions>
      </trkpt>
      <trkpt lat="-1.04111958" lon="-79.47649897">
        <ele>99.44</ele>
        <time>2026-05-03T17:12:13Z</time>
        <extensions>
          <geotracker:meta c="3.73" s="11.35" />
        </extensions>
      </trkpt>
      <trkpt lat="-1.04121114" lon="-79.47655287">
        <ele>99.33</ele>
        <time>2026-05-03T17:12:14Z</time>
        <extensions>
          <geotracker:meta c="3.72" s="12.09" />
        </extensions>
      </trkpt>
      <trkpt lat="-1.04130548" lon="-79.47660419">
        <ele>101.16</ele>
        <time>2026-05-03T17:12:15Z</time>
        <extensions>
          <geotracker:meta c="3.74" s="13.13" />
        </extensions>
      </trkpt>
      <trkpt lat="-1.04140869" lon="-79.47666714">
        <ele>99.64</ele>
        <time>2026-05-03T17:12:16Z</time>
        <extensions>
          <geotracker:meta c="3.74" s="13.03" />
        </extensions>
      </trkpt>
      <trkpt lat="-1.04149965" lon="-79.47671433">
        <ele>99.23</ele>
        <time>2026-05-03T17:12:17Z</time>
        <extensions>
          <geotracker:meta c="3.71" s="11.45" />
        </extensions>
      </trkpt>
      <trkpt lat="-1.04158981" lon="-79.47678751">
        <ele>101.16</ele>
        <time>2026-05-03T17:12:18Z</time>
        <extensions>
          <geotracker:meta c="3.71" s="11.72" />
        </extensions>
      </trkpt>
      <trkpt lat="-1.04167841" lon="-79.47684328">
        <ele>101.06</ele>
        <time>2026-05-03T17:12:19Z</time>
        <extensions>
          <geotracker:meta c="3.71" s="11.47" />
        </extensions>
      </trkpt>
      <trkpt lat="-1.04177538" lon="-79.47691111">
        <ele>104.27</ele>
        <time>2026-05-03T17:12:21Z</time>
        <extensions>
          <geotracker:meta c="3.63" s="6.86" />
        </extensions>
      </trkpt>
      <trkpt lat="-1.04184311" lon="-79.47698828">
        <ele>105.7</ele>
        <time>2026-05-03T17:12:23Z</time>
        <extensions>
          <geotracker:meta c="3.68" s="3.74" />
        </extensions>
      </trkpt>
      <trkpt lat="-1.04193137" lon="-79.47705641">
        <ele>104.16</ele>
        <time>2026-05-03T17:12:41Z</time>
        <extensions>
          <geotracker:meta c="3.68" s="5.19" />
        </extensions>
      </trkpt>
      <trkpt lat="-1.04203622" lon="-79.47711608">
        <ele>102.65</ele>
        <time>2026-05-03T17:12:43Z</time>
        <extensions>
          <geotracker:meta c="3.74" s="8.26" />
        </extensions>
      </trkpt>
      <trkpt lat="-1.04219029" lon="-79.4772121">
        <ele>102.36</ele>
        <time>2026-05-03T17:12:45Z</time>
        <extensions>
          <geotracker:meta c="3.86" s="10.86" />
        </extensions>
      </trkpt>
      <trkpt lat="-1.04233181" lon="-79.47732837">
        <ele>97.57</ele>
        <time>2026-05-03T17:12:47Z</time>
        <extensions>
          <geotracker:meta c="3.81" s="11.87" />
        </extensions>
      </trkpt>
      <trkpt lat="-1.0424176" lon="-79.47738638">
        <ele>96.98</ele>
        <time>2026-05-03T17:12:48Z</time>
        <extensions>
          <geotracker:meta c="3.74" s="12.42" />
        </extensions>
      </trkpt>
      <trkpt lat="-1.04250128" lon="-79.4774485">
        <ele>95.72</ele>
        <time>2026-05-03T17:12:49Z</time>
        <extensions>
          <geotracker:meta c="3.76" s="12.54" />
        </extensions>
      </trkpt>
      <trkpt lat="-1.04259378" lon="-79.47750909">
        <ele>95.68</ele>
        <time>2026-05-03T17:12:50Z</time>
        <extensions>
          <geotracker:meta c="3.72" s="12.65" />
        </extensions>
      </trkpt>
      <trkpt lat="-1.04269568" lon="-79.47757409">
        <ele>95.27</ele>
        <time>2026-05-03T17:12:51Z</time>
        <extensions>
          <geotracker:meta c="3.74" s="13.05" />
        </extensions>
      </trkpt>
      <trkpt lat="-1.04279325" lon="-79.4776428">
        <ele>94.42</ele>
        <time>2026-05-03T17:12:52Z</time>
        <extensions>
          <geotracker:meta c="3.74" s="13.42" />
        </extensions>
      </trkpt>
      <trkpt lat="-1.0428963" lon="-79.47771084">
        <ele>93.76</ele>
        <time>2026-05-03T17:12:53Z</time>
        <extensions>
          <geotracker:meta c="3.73" s="13.98" />
        </extensions>
      </trkpt>
      <trkpt lat="-1.04299927" lon="-79.47777947">
        <ele>93.72</ele>
        <time>2026-05-03T17:12:54Z</time>
        <extensions>
          <geotracker:meta c="3.73" s="13.98" />
        </extensions>
      </trkpt>
      <trkpt lat="-1.04309172" lon="-79.47784868">
        <ele>93.2</ele>
        <time>2026-05-03T17:12:55Z</time>
        <extensions>
          <geotracker:meta c="3.78" s="13.09" />
        </extensions>
      </trkpt>
      <trkpt lat="-1.04318254" lon="-79.47792236">
        <ele>91.51</ele>
        <time>2026-05-03T17:12:56Z</time>
        <extensions>
          <geotracker:meta c="3.76" s="12.78" />
        </extensions>
      </trkpt>
      <trkpt lat="-1.04327571" lon="-79.47798557">
        <ele>91.16</ele>
        <time>2026-05-03T17:12:57Z</time>
        <extensions>
          <geotracker:meta c="3.72" s="12.64" />
        </extensions>
      </trkpt>
      <trkpt lat="-1.04337463" lon="-79.47804638">
        <ele>90.91</ele>
        <time>2026-05-03T17:12:58Z</time>
        <extensions>
          <geotracker:meta c="3.75" s="13.09" />
        </extensions>
      </trkpt>
      <trkpt lat="-1.04347718" lon="-79.47811339">
        <ele>91.06</ele>
        <time>2026-05-03T17:12:59Z</time>
        <extensions>
          <geotracker:meta c="3.74" s="13.29" />
        </extensions>
      </trkpt>
      <trkpt lat="-1.04357659" lon="-79.47818088">
        <ele>90.13</ele>
        <time>2026-05-03T17:13:00Z</time>
        <extensions>
          <geotracker:meta c="3.73" s="13.48" />
        </extensions>
      </trkpt>
      <trkpt lat="-1.0436758" lon="-79.47824122">
        <ele>90.94</ele>
        <time>2026-05-03T17:13:01Z</time>
        <extensions>
          <geotracker:meta c="3.75" s="13.05" />
        </extensions>
      </trkpt>
      <trkpt lat="-1.04377565" lon="-79.47830751">
        <ele>90.63</ele>
        <time>2026-05-03T17:13:02Z</time>
        <extensions>
          <geotracker:meta c="3.73" s="12.85" />
        </extensions>
      </trkpt>
      <trkpt lat="-1.04386701" lon="-79.47836309">
        <ele>91.4</ele>
        <time>2026-05-03T17:13:03Z</time>
        <extensions>
          <geotracker:meta c="3.74" s="12.39" />
        </extensions>
      </trkpt>
      <trkpt lat="-1.04396124" lon="-79.47842367">
        <ele>91.28</ele>
        <time>2026-05-03T17:13:04Z</time>
        <extensions>
          <geotracker:meta c="3.71" s="11.91" />
        </extensions>
      </trkpt>
      <trkpt lat="-1.04404872" lon="-79.47848097">
        <ele>90.96</ele>
        <time>2026-05-03T17:13:05Z</time>
        <extensions>
          <geotracker:meta c="3.76" s="11.71" />
        </extensions>
      </trkpt>
      <trkpt lat="-1.04413015" lon="-79.4785378">
        <ele>90.46</ele>
        <time>2026-05-03T17:13:06Z</time>
        <extensions>
          <geotracker:meta c="3.74" s="11.33" />
        </extensions>
      </trkpt>
      <trkpt lat="-1.0442157" lon="-79.47859257">
        <ele>90.97</ele>
        <time>2026-05-03T17:13:07Z</time>
        <extensions>
          <geotracker:meta c="3.75" s="10.81" />
        </extensions>
      </trkpt>
      <trkpt lat="-1.0442913" lon="-79.47865112">
        <ele>91.16</ele>
        <time>2026-05-03T17:13:08Z</time>
        <extensions>
          <geotracker:meta c="3.8" s="10.41" />
        </extensions>
      </trkpt>
      <trkpt lat="-1.04436598" lon="-79.47870307">
        <ele>91.81</ele>
        <time>2026-05-03T17:13:09Z</time>
        <extensions>
          <geotracker:meta c="3.74" s="9.67" />
        </extensions>
      </trkpt>
      <trkpt lat="-1.04449787" lon="-79.47880267">
        <ele>91.83</ele>
        <time>2026-05-03T17:13:11Z</time>
        <extensions>
          <geotracker:meta c="3.72" s="8.55" />
        </extensions>
      </trkpt>
      <trkpt lat="-1.04461067" lon="-79.47888391">
        <ele>91.89</ele>
        <time>2026-05-03T17:13:13Z</time>
        <extensions>
          <geotracker:meta c="3.77" s="7.38" />
        </extensions>
      </trkpt>
      <trkpt lat="-1.0447031" lon="-79.4789491">
        <ele>91.74</ele>
        <time>2026-05-03T17:13:15Z</time>
        <extensions>
          <geotracker:meta c="3.75" s="6.88" />
        </extensions>
      </trkpt>
      <trkpt lat="-1.04476505" lon="-79.47903657">
        <ele>91.34</ele>
        <time>2026-05-03T17:13:17Z</time>
        <extensions>
          <geotracker:meta c="4.63" s="5.79" />
        </extensions>
      </trkpt>
      <trkpt lat="-1.04478161" lon="-79.47913288">
        <ele>91.52</ele>
        <time>2026-05-03T17:13:19Z</time>
        <extensions>
          <geotracker:meta c="4.83" s="4.57" />
        </extensions>
      </trkpt>
      <trkpt lat="-1.04475361" lon="-79.47923123">
        <ele>92.1</ele>
        <time>2026-05-03T17:13:22Z</time>
        <extensions>
          <geotracker:meta c="4.93" s="4.17" />
        </extensions>
      </trkpt>
      <trkpt lat="-1.04473631" lon="-79.47933193">
        <ele>92.13</ele>
        <time>2026-05-03T17:13:27Z</time>
        <extensions>
          <geotracker:meta c="5.1" s="1.49" />
        </extensions>
      </trkpt>
      <trkpt lat="-1.04470531" lon="-79.47942598">
        <ele>90.46</ele>
        <time>2026-05-03T17:13:36Z</time>
        <extensions>
          <geotracker:meta c="5.17" s="3.21" />
        </extensions>
      </trkpt>
      <trkpt lat="-1.04467869" lon="-79.47953663">
        <ele>93.3</ele>
        <time>2026-05-03T17:13:39Z</time>
        <extensions>
          <geotracker:meta c="4.95" s="4.3" />
        </extensions>
      </trkpt>
      <trkpt lat="-1.04465232" lon="-79.47965124">
        <ele>93.54</ele>
        <time>2026-05-03T17:13:42Z</time>
        <extensions>
          <geotracker:meta c="5.07" s="4.01" />
        </extensions>
      </trkpt>
      <trkpt lat="-1.04464662" lon="-79.47976079">
        <ele>93.62</ele>
        <time>2026-05-03T17:13:44Z</time>
        <extensions>
          <geotracker:meta c="4.87" s="5.88" />
        </extensions>
      </trkpt>
      <trkpt lat="-1.04461461" lon="-79.47987763">
        <ele>93.56</ele>
        <time>2026-05-03T17:13:46Z</time>
        <extensions>
          <geotracker:meta c="4.98" s="6.84" />
        </extensions>
      </trkpt>
      <trkpt lat="-1.04456065" lon="-79.48000569">
        <ele>93.69</ele>
        <time>2026-05-03T17:13:48Z</time>
        <extensions>
          <geotracker:meta c="5.09" s="8.22" />
        </extensions>
      </trkpt>
      <trkpt lat="-1.04450633" lon="-79.48013083">
        <ele>93.92</ele>
        <time>2026-05-03T17:13:50Z</time>
        <extensions>
          <geotracker:meta c="5.03" s="6.99" />
        </extensions>
      </trkpt>
      <trkpt lat="-1.04446194" lon="-79.48025414">
        <ele>93.36</ele>
        <time>2026-05-03T17:13:52Z</time>
        <extensions>
          <geotracker:meta c="5.15" s="6.02" />
        </extensions>
      </trkpt>
      <trkpt lat="-1.04441271" lon="-79.48035274">
        <ele>92.46</ele>
        <time>2026-05-03T17:13:54Z</time>
        <extensions>
          <geotracker:meta c="5.04" s="6.23" />
        </extensions>
      </trkpt>
      <trkpt lat="-1.04437325" lon="-79.48046299">
        <ele>91.84</ele>
        <time>2026-05-03T17:13:56Z</time>
        <extensions>
          <geotracker:meta c="5.03" s="7.09" />
        </extensions>
      </trkpt>
      <trkpt lat="-1.04433829" lon="-79.48057989">
        <ele>92.6</ele>
        <time>2026-05-03T17:13:58Z</time>
        <extensions>
          <geotracker:meta c="5.06" s="7.31" />
        </extensions>
      </trkpt>
      <trkpt lat="-1.04429588" lon="-79.48071189">
        <ele>93.17</ele>
        <time>2026-05-03T17:14:00Z</time>
        <extensions>
          <geotracker:meta c="5.04" s="7.59" />
        </extensions>
      </trkpt>
      <trkpt lat="-1.04425082" lon="-79.48082705">
        <ele>92.31</ele>
        <time>2026-05-03T17:14:02Z</time>
        <extensions>
          <geotracker:meta c="5.12" s="6.39" />
        </extensions>
      </trkpt>
      <trkpt lat="-1.04421482" lon="-79.48093063">
        <ele>91.51</ele>
        <time>2026-05-03T17:14:04Z</time>
        <extensions>
          <geotracker:meta c="5.08" s="5.67" />
        </extensions>
      </trkpt>
      <trkpt lat="-1.0441628" lon="-79.481033">
        <ele>93.3</ele>
        <time>2026-05-03T17:14:06Z</time>
        <extensions>
          <geotracker:meta c="5.08" s="5.86" />
        </extensions>
      </trkpt>
      <trkpt lat="-1.04412906" lon="-79.48114248">
        <ele>92.65</ele>
        <time>2026-05-03T17:14:08Z</time>
        <extensions>
          <geotracker:meta c="5.05" s="6.2" />
        </extensions>
      </trkpt>
      <trkpt lat="-1.04409165" lon="-79.48122996">
        <ele>92.04</ele>
        <time>2026-05-03T17:14:10Z</time>
        <extensions>
          <geotracker:meta c="5.05" s="5.86" />
        </extensions>
      </trkpt>
      <trkpt lat="-1.0440486" lon="-79.48131164">
        <ele>92.55</ele>
        <time>2026-05-03T17:14:12Z</time>
        <extensions>
          <geotracker:meta c="5.14" s="3.6" />
        </extensions>
      </trkpt>
      <trkpt lat="-1.04403181" lon="-79.48140235">
        <ele>93.68</ele>
        <time>2026-05-03T17:14:15Z</time>
        <extensions>
          <geotracker:meta c="4.98" s="2.93" />
        </extensions>
      </trkpt>
      <trkpt lat="-1.0440048" lon="-79.4814931">
        <ele>94.83</ele>
        <time>2026-05-03T17:14:19Z</time>
        <extensions>
          <geotracker:meta c="5.04" s="2.41" />
        </extensions>
      </trkpt>
      <trkpt lat="-1.04400159" lon="-79.48159794">
        <ele>94.06</ele>
        <time>2026-05-03T17:14:24Z</time>
        <extensions>
          <geotracker:meta c="5.04" s="2.01" />
        </extensions>
      </trkpt>
      <trkpt lat="-1.04396453" lon="-79.48170271">
        <ele>94.61</ele>
        <time>2026-05-03T17:14:28Z</time>
        <extensions>
          <geotracker:meta c="5.07" s="2.09" />
        </extensions>
      </trkpt>
      <trkpt lat="-1.04395395" lon="-79.48179351">
        <ele>92.85</ele>
        <time>2026-05-03T17:14:39Z</time>
        <extensions>
          <geotracker:meta c="4.41" s="1.62" />
        </extensions>
      </trkpt>
      <trkpt lat="-1.04401887" lon="-79.48190937">
        <ele>93.1</ele>
        <time>2026-05-03T17:14:43Z</time>
        <extensions>
          <geotracker:meta c="3.45" s="7.8" />
        </extensions>
      </trkpt>
      <trkpt lat="-1.04413566" lon="-79.4819597">
        <ele>92.29</ele>
        <time>2026-05-03T17:14:45Z</time>
        <extensions>
          <geotracker:meta c="3.48" s="8" />
        </extensions>
      </trkpt>
      <trkpt lat="-1.04428195" lon="-79.482024">
        <ele>92.46</ele>
        <time>2026-05-03T17:14:47Z</time>
        <extensions>
          <geotracker:meta c="3.46" s="9.42" />
        </extensions>
      </trkpt>
      <trkpt lat="-1.0444427" lon="-79.48210485">
        <ele>91.49</ele>
        <time>2026-05-03T17:14:49Z</time>
        <extensions>
          <geotracker:meta c="3.64" s="10.38" />
        </extensions>
      </trkpt>
      <trkpt lat="-1.04452291" lon="-79.48215565">
        <ele>92</ele>
        <time>2026-05-03T17:14:50Z</time>
        <extensions>
          <geotracker:meta c="3.67" s="10.84" />
        </extensions>
      </trkpt>
      <trkpt lat="-1.04460315" lon="-79.48220589">
        <ele>92.09</ele>
        <time>2026-05-03T17:14:51Z</time>
        <extensions>
          <geotracker:meta c="3.71" s="10.59" />
        </extensions>
      </trkpt>
      <trkpt lat="-1.04468605" lon="-79.48225559">
        <ele>92.56</ele>
        <time>2026-05-03T17:14:52Z</time>
        <extensions>
          <geotracker:meta c="3.72" s="10.5" />
        </extensions>
      </trkpt>
      <trkpt lat="-1.04483809" lon="-79.48234585">
        <ele>92.54</ele>
        <time>2026-05-03T17:14:54Z</time>
        <extensions>
          <geotracker:meta c="3.66" s="9.57" />
        </extensions>
      </trkpt>
      <trkpt lat="-1.04497628" lon="-79.48243678">
        <ele>93.76</ele>
        <time>2026-05-03T17:14:56Z</time>
        <extensions>
          <geotracker:meta c="3.73" s="8.86" />
        </extensions>
      </trkpt>
      <trkpt lat="-1.04509401" lon="-79.48250802">
        <ele>93.62</ele>
        <time>2026-05-03T17:14:58Z</time>
        <extensions>
          <geotracker:meta c="3.67" s="7.7" />
        </extensions>
      </trkpt>
      <trkpt lat="-1.04519013" lon="-79.4825652">
        <ele>95.81</ele>
        <time>2026-05-03T17:15:00Z</time>
        <extensions>
          <geotracker:meta c="3.53" s="5.56" />
        </extensions>
      </trkpt>
      <trkpt lat="-1.04531919" lon="-79.48249677">
        <ele>94.59</ele>
        <time>2026-05-03T17:15:03Z</time>
        <extensions>
          <geotracker:meta c="2.19" s="9.87" />
        </extensions>
      </trkpt>
      <trkpt lat="-1.04540204" lon="-79.48236406">
        <ele>95.55</ele>
        <time>2026-05-03T17:15:05Z</time>
        <extensions>
          <geotracker:meta c="2.09" s="9.29" />
        </extensions>
      </trkpt>
      <trkpt lat="-1.04545212" lon="-79.48226835">
        <ele>95.3</ele>
        <time>2026-05-03T17:15:06Z</time>
        <extensions>
          <geotracker:meta c="2.08" s="11.5" />
        </extensions>
      </trkpt>
      <trkpt lat="-1.04551147" lon="-79.48218223">
        <ele>95.42</ele>
        <time>2026-05-03T17:15:07Z</time>
        <extensions>
          <geotracker:meta c="2.14" s="11.77" />
        </extensions>
      </trkpt>
      <trkpt lat="-1.04557539" lon="-79.48209234">
        <ele>94.66</ele>
        <time>2026-05-03T17:15:08Z</time>
        <extensions>
          <geotracker:meta c="2.21" s="12.8" />
        </extensions>
      </trkpt>
      <trkpt lat="-1.04563269" lon="-79.48199436">
        <ele>94.57</ele>
        <time>2026-05-03T17:15:09Z</time>
        <extensions>
          <geotracker:meta c="2.09" s="13.45" />
        </extensions>
      </trkpt>
      <trkpt lat="-1.04569904" lon="-79.48188798">
        <ele>94.56</ele>
        <time>2026-05-03T17:15:10Z</time>
        <extensions>
          <geotracker:meta c="2.06" s="13.69" />
        </extensions>
      </trkpt>
      <trkpt lat="-1.0457507" lon="-79.4817872">
        <ele>93.33</ele>
        <time>2026-05-03T17:15:11Z</time>
        <extensions>
          <geotracker:meta c="2.06" s="14.22" />
        </extensions>
      </trkpt>
      <trkpt lat="-1.04581596" lon="-79.48167603">
        <ele>93.21</ele>
        <time>2026-05-03T17:15:12Z</time>
        <extensions>
          <geotracker:meta c="2.1" s="14.64" />
        </extensions>
      </trkpt>
      <trkpt lat="-1.04588595" lon="-79.48157399">
        <ele>93.13</ele>
        <time>2026-05-03T17:15:13Z</time>
        <extensions>
          <geotracker:meta c="2.09" s="13.92" />
        </extensions>
      </trkpt>
      <trkpt lat="-1.04593949" lon="-79.48146731">
        <ele>93.1</ele>
        <time>2026-05-03T17:15:14Z</time>
        <extensions>
          <geotracker:meta c="2.09" s="13.19" />
        </extensions>
      </trkpt>
      <trkpt lat="-1.04599622" lon="-79.48136915">
        <ele>92.38</ele>
        <time>2026-05-03T17:15:15Z</time>
        <extensions>
          <geotracker:meta c="2.09" s="11.64" />
        </extensions>
      </trkpt>
      <trkpt lat="-1.04604392" lon="-79.48129069">
        <ele>92.23</ele>
        <time>2026-05-03T17:15:16Z</time>
        <extensions>
          <geotracker:meta c="2.08" s="10.15" />
        </extensions>
      </trkpt>
      <trkpt lat="-1.0460831" lon="-79.48120045">
        <ele>92.32</ele>
        <time>2026-05-03T17:15:17Z</time>
        <extensions>
          <geotracker:meta c="2.02" s="10.37" />
        </extensions>
      </trkpt>
      <trkpt lat="-1.04616144" lon="-79.48110335">
        <ele>90.9</ele>
        <time>2026-05-03T17:15:19Z</time>
        <extensions>
          <geotracker:meta c="2.11" s="6.37" />
        </extensions>
      </trkpt>
      <trkpt lat="-1.04619706" lon="-79.48101322">
        <ele>91.79</ele>
        <time>2026-05-03T17:15:21Z</time>
        <extensions>
          <geotracker:meta c="2.13" s="6.41" />
        </extensions>
      </trkpt>
      <trkpt lat="-1.04625021" lon="-79.48091749">
        <ele>89.73</ele>
        <time>2026-05-03T17:15:23Z</time>
        <extensions>
          <geotracker:meta c="2.11" s="8.18" />
        </extensions>
      </trkpt>
      <trkpt lat="-1.0463329" lon="-79.48078957">
        <ele>89.57</ele>
        <time>2026-05-03T17:15:25Z</time>
        <extensions>
          <geotracker:meta c="2.1" s="8.61" />
        </extensions>
      </trkpt>
      <trkpt lat="-1.04638075" lon="-79.48070763">
        <ele>89.72</ele>
        <time>2026-05-03T17:15:26Z</time>
        <extensions>
          <geotracker:meta c="2.1" s="9.87" />
        </extensions>
      </trkpt>
      <trkpt lat="-1.04645642" lon="-79.48058332">
        <ele>88.33</ele>
        <time>2026-05-03T17:15:28Z</time>
        <extensions>
          <geotracker:meta c="2.09" s="8.44" />
        </extensions>
      </trkpt>
      <trkpt lat="-1.04651746" lon="-79.48045937">
        <ele>89.89</ele>
        <time>2026-05-03T17:15:30Z</time>
        <extensions>
          <geotracker:meta c="2.04" s="7" />
        </extensions>
      </trkpt>
      <trkpt lat="-1.04656697" lon="-79.48036883">
        <ele>90.21</ele>
        <time>2026-05-03T17:15:33Z</time>
        <extensions>
          <geotracker:meta c="2.13" s="2.61" />
        </extensions>
      </trkpt>
      <trkpt lat="-1.04662873" lon="-79.48030057">
        <ele>88.42</ele>
        <time>2026-05-03T17:16:05Z</time>
        <extensions>
          <geotracker:meta c="1.78" s="2.49" />
        </extensions>
      </trkpt>
      <trkpt lat="-1.04658482" lon="-79.48018553">
        <ele>88.83</ele>
        <time>2026-05-03T17:16:07Z</time>
        <extensions>
          <geotracker:meta c="1.16" s="6.8" />
        </extensions>
      </trkpt>
      <trkpt lat="-1.04647208" lon="-79.48008911">
        <ele>88.75</ele>
        <time>2026-05-03T17:16:09Z</time>
        <extensions>
          <geotracker:meta c="0.66" s="10.41" />
        </extensions>
      </trkpt>
      <trkpt lat="-1.04639333" lon="-79.48002712">
        <ele>88.04</ele>
        <time>2026-05-03T17:16:10Z</time>
        <extensions>
          <geotracker:meta c="0.62" s="11.99" />
        </extensions>
      </trkpt>
      <trkpt lat="-1.04630088" lon="-79.47995743">
        <ele>85.16</ele>
        <time>2026-05-03T17:16:11Z</time>
        <extensions>
          <geotracker:meta c="0.66" s="13" />
        </extensions>
      </trkpt>
      <trkpt lat="-1.04620775" lon="-79.47988661">
        <ele>85.62</ele>
        <time>2026-05-03T17:16:12Z</time>
        <extensions>
          <geotracker:meta c="0.64" s="12.36" />
        </extensions>
      </trkpt>
      <trkpt lat="-1.04611033" lon="-79.47983125">
        <ele>86.88</ele>
        <time>2026-05-03T17:16:13Z</time>
        <extensions>
          <geotracker:meta c="0.53" s="12.69" />
        </extensions>
      </trkpt>
      <trkpt lat="-1.04602077" lon="-79.47976699">
        <ele>86.61</ele>
        <time>2026-05-03T17:16:14Z</time>
        <extensions>
          <geotracker:meta c="0.56" s="11.93" />
        </extensions>
      </trkpt>
      <trkpt lat="-1.04593089" lon="-79.47970212">
        <ele>88.07</ele>
        <time>2026-05-03T17:16:15Z</time>
        <extensions>
          <geotracker:meta c="0.65" s="11.58" />
        </extensions>
      </trkpt>
      <trkpt lat="-1.04584861" lon="-79.47963814">
        <ele>88.67</ele>
        <time>2026-05-03T17:16:16Z</time>
        <extensions>
          <geotracker:meta c="0.66" s="10.83" />
        </extensions>
      </trkpt>
      <trkpt lat="-1.04572275" lon="-79.47954131">
        <ele>89.62</ele>
        <time>2026-05-03T17:16:18Z</time>
        <extensions>
          <geotracker:meta c="0.67" s="7.05" />
        </extensions>
      </trkpt>
      <trkpt lat="-1.04563587" lon="-79.47948616">
        <ele>89.16</ele>
        <time>2026-05-03T17:16:20Z</time>
        <extensions>
          <geotracker:meta c="0.55" s="4.45" />
        </extensions>
      </trkpt>
      <trkpt lat="-1.04554346" lon="-79.47943015">
        <ele>89.58</ele>
        <time>2026-05-03T17:16:25Z</time>
        <extensions>
          <geotracker:meta c="0.45" s="2.16" />
        </extensions>
      </trkpt>
      <trkpt lat="-1.04544388" lon="-79.47938369">
        <ele>89.44</ele>
        <time>2026-05-03T17:16:30Z</time>
        <extensions>
          <geotracker:meta c="0.49" s="2.31" />
        </extensions>
      </trkpt>
      <trkpt lat="-1.0453459" lon="-79.47929676">
        <ele>90.61</ele>
        <time>2026-05-03T17:16:33Z</time>
        <extensions>
          <geotracker:meta c="0.76" s="6.02" />
        </extensions>
      </trkpt>
      <trkpt lat="-1.04525239" lon="-79.47921546">
        <ele>89.4</ele>
        <time>2026-05-03T17:16:35Z</time>
        <extensions>
          <geotracker:meta c="0.65" s="6.66" />
        </extensions>
      </trkpt>
      <trkpt lat="-1.04513831" lon="-79.47913805">
        <ele>90.69</ele>
        <time>2026-05-03T17:16:37Z</time>
        <extensions>
          <geotracker:meta c="0.56" s="8.19" />
        </extensions>
      </trkpt>
      <trkpt lat="-1.04498472" lon="-79.47905636">
        <ele>91.32</ele>
        <time>2026-05-03T17:16:39Z</time>
        <extensions>
          <geotracker:meta c="0.46" s="11.03" />
        </extensions>
      </trkpt>
      <trkpt lat="-1.04488979" lon="-79.47899868">
        <ele>91.28</ele>
        <time>2026-05-03T17:16:40Z</time>
        <extensions>
          <geotracker:meta c="0.54" s="12.9" />
        </extensions>
      </trkpt>
      <trkpt lat="-1.04478639" lon="-79.4789381">
        <ele>90.92</ele>
        <time>2026-05-03T17:16:41Z</time>
        <extensions>
          <geotracker:meta c="0.59" s="13.42" />
        </extensions>
      </trkpt>
      <trkpt lat="-1.04468468" lon="-79.47886827">
        <ele>90.5</ele>
        <time>2026-05-03T17:16:42Z</time>
        <extensions>
          <geotracker:meta c="0.61" s="14.39" />
        </extensions>
      </trkpt>
      <trkpt lat="-1.04458105" lon="-79.47879196">
        <ele>89.68</ele>
        <time>2026-05-03T17:16:43Z</time>
        <extensions>
          <geotracker:meta c="0.65" s="14.69" />
        </extensions>
      </trkpt>
      <trkpt lat="-1.04447508" lon="-79.47871652">
        <ele>87.73</ele>
        <time>2026-05-03T17:16:44Z</time>
        <extensions>
          <geotracker:meta c="0.66" s="15.06" />
        </extensions>
      </trkpt>
      <trkpt lat="-1.04436823" lon="-79.47863623">
        <ele>87.48</ele>
        <time>2026-05-03T17:16:45Z</time>
        <extensions>
          <geotracker:meta c="0.65" s="15.06" />
        </extensions>
      </trkpt>
      <trkpt lat="-1.04426579" lon="-79.47856042">
        <ele>87.26</ele>
        <time>2026-05-03T17:16:46Z</time>
        <extensions>
          <geotracker:meta c="0.62" s="14.68" />
        </extensions>
      </trkpt>
      <trkpt lat="-1.04416196" lon="-79.47849073">
        <ele>87.25</ele>
        <time>2026-05-03T17:16:47Z</time>
        <extensions>
          <geotracker:meta c="0.6" s="13.72" />
        </extensions>
      </trkpt>
      <trkpt lat="-1.04404462" lon="-79.47839939">
        <ele>87.14</ele>
        <time>2026-05-03T17:16:48Z</time>
        <extensions>
          <geotracker:meta c="0.67" s="16.06" />
        </extensions>
      </trkpt>
      <trkpt lat="-1.04393183" lon="-79.4783167">
        <ele>87.45</ele>
        <time>2026-05-03T17:16:49Z</time>
        <extensions>
          <geotracker:meta c="0.68" s="14.96" />
        </extensions>
      </trkpt>
      <trkpt lat="-1.0438233" lon="-79.47823124">
        <ele>87.54</ele>
        <time>2026-05-03T17:16:50Z</time>
        <extensions>
          <geotracker:meta c="0.67" s="15.24" />
        </extensions>
      </trkpt>
      <trkpt lat="-1.04372543" lon="-79.47814449">
        <ele>86.66</ele>
        <time>2026-05-03T17:16:51Z</time>
        <extensions>
          <geotracker:meta c="0.68" s="14.99" />
        </extensions>
      </trkpt>
      <trkpt lat="-1.04363882" lon="-79.47808659">
        <ele>88.62</ele>
        <time>2026-05-03T17:16:52Z</time>
        <extensions>
          <geotracker:meta c="0.57" s="13.09" />
        </extensions>
      </trkpt>
      <trkpt lat="-1.04354929" lon="-79.47802486">
        <ele>88.31</ele>
        <time>2026-05-03T17:16:53Z</time>
        <extensions>
          <geotracker:meta c="0.6" s="13.1" />
        </extensions>
      </trkpt>
      <trkpt lat="-1.04344964" lon="-79.47795823">
        <ele>90.47</ele>
        <time>2026-05-03T17:16:54Z</time>
        <extensions>
          <geotracker:meta c="0.57" s="13.6" />
        </extensions>
      </trkpt>
      <trkpt lat="-1.04334161" lon="-79.47789851">
        <ele>91.27</ele>
        <time>2026-05-03T17:16:55Z</time>
        <extensions>
          <geotracker:meta c="0.57" s="13.43" />
        </extensions>
      </trkpt>
      <trkpt lat="-1.04322254" lon="-79.47781051">
        <ele>91.05</ele>
        <time>2026-05-03T17:16:56Z</time>
        <extensions>
          <geotracker:meta c="0.56" s="14.12" />
        </extensions>
      </trkpt>
      <trkpt lat="-1.04312015" lon="-79.47773853">
        <ele>90.78</ele>
        <time>2026-05-03T17:16:57Z</time>
        <extensions>
          <geotracker:meta c="0.6" s="13.26" />
        </extensions>
      </trkpt>
      <trkpt lat="-1.0430351" lon="-79.47768284">
        <ele>90.17</ele>
        <time>2026-05-03T17:16:58Z</time>
        <extensions>
          <geotracker:meta c="0.61" s="11.84" />
        </extensions>
      </trkpt>
      <trkpt lat="-1.04293634" lon="-79.47761686">
        <ele>90.25</ele>
        <time>2026-05-03T17:16:59Z</time>
        <extensions>
          <geotracker:meta c="0.63" s="12.16" />
        </extensions>
      </trkpt>
      <trkpt lat="-1.04284571" lon="-79.47756247">
        <ele>90.74</ele>
        <time>2026-05-03T17:17:00Z</time>
        <extensions>
          <geotracker:meta c="0.61" s="12.09" />
        </extensions>
      </trkpt>
      <trkpt lat="-1.04276565" lon="-79.47749904">
        <ele>91.1</ele>
        <time>2026-05-03T17:17:01Z</time>
        <extensions>
          <geotracker:meta c="0.64" s="11.84" />
        </extensions>
      </trkpt>
      <trkpt lat="-1.04267266" lon="-79.47742822">
        <ele>91.55</ele>
        <time>2026-05-03T17:17:02Z</time>
        <extensions>
          <geotracker:meta c="0.65" s="12.18" />
        </extensions>
      </trkpt>
      <trkpt lat="-1.04259013" lon="-79.47738449">
        <ele>91.95</ele>
        <time>2026-05-03T17:17:03Z</time>
        <extensions>
          <geotracker:meta c="0.58" s="10.26" />
        </extensions>
      </trkpt>
      <trkpt lat="-1.0425111" lon="-79.47732835">
        <ele>92.64</ele>
        <time>2026-05-03T17:17:04Z</time>
        <extensions>
          <geotracker:meta c="0.59" s="9.95" />
        </extensions>
      </trkpt>
      <trkpt lat="-1.0423661" lon="-79.47722488">
        <ele>94.48</ele>
        <time>2026-05-03T17:17:06Z</time>
        <extensions>
          <geotracker:meta c="0.63" s="10.11" />
        </extensions>
      </trkpt>
      <trkpt lat="-1.04228496" lon="-79.47716379">
        <ele>94.16</ele>
        <time>2026-05-03T17:17:07Z</time>
        <extensions>
          <geotracker:meta c="0.62" s="11.04" />
        </extensions>
      </trkpt>
      <trkpt lat="-1.04219813" lon="-79.47710711">
        <ele>93.93</ele>
        <time>2026-05-03T17:17:08Z</time>
        <extensions>
          <geotracker:meta c="0.61" s="11.37" />
        </extensions>
      </trkpt>
      <trkpt lat="-1.04209389" lon="-79.47704747">
        <ele>94.83</ele>
        <time>2026-05-03T17:17:09Z</time>
        <extensions>
          <geotracker:meta c="0.56" s="13.18" />
        </extensions>
      </trkpt>
      <trkpt lat="-1.04199791" lon="-79.47696925">
        <ele>94.2</ele>
        <time>2026-05-03T17:17:10Z</time>
        <extensions>
          <geotracker:meta c="0.71" s="14.4" />
        </extensions>
      </trkpt>
      <trkpt lat="-1.04189797" lon="-79.4768892">
        <ele>94.4</ele>
        <time>2026-05-03T17:17:11Z</time>
        <extensions>
          <geotracker:meta c="0.69" s="14.53" />
        </extensions>
      </trkpt>
      <trkpt lat="-1.04177989" lon="-79.47681521">
        <ele>94.59</ele>
        <time>2026-05-03T17:17:12Z</time>
        <extensions>
          <geotracker:meta c="0.6" s="15.56" />
        </extensions>
      </trkpt>
      <trkpt lat="-1.04165964" lon="-79.47674621">
        <ele>97.26</ele>
        <time>2026-05-03T17:17:13Z</time>
        <extensions>
          <geotracker:meta c="0.58" s="15.6" />
        </extensions>
      </trkpt>
      <trkpt lat="-1.04153514" lon="-79.47666616">
        <ele>97.74</ele>
        <time>2026-05-03T17:17:14Z</time>
        <extensions>
          <geotracker:meta c="0.61" s="15.89" />
        </extensions>
      </trkpt>
      <trkpt lat="-1.04140451" lon="-79.47657994">
        <ele>98.44</ele>
        <time>2026-05-03T17:17:15Z</time>
        <extensions>
          <geotracker:meta c="0.64" s="16.78" />
        </extensions>
      </trkpt>
      <trkpt lat="-1.04128491" lon="-79.47649296">
        <ele>98.54</ele>
        <time>2026-05-03T17:17:16Z</time>
        <extensions>
          <geotracker:meta c="0.64" s="16.46" />
        </extensions>
      </trkpt>
      <trkpt lat="-1.04118927" lon="-79.47643667">
        <ele>97.51</ele>
        <time>2026-05-03T17:17:17Z</time>
        <extensions>
          <geotracker:meta c="0.62" s="14.33" />
        </extensions>
      </trkpt>
      <trkpt lat="-1.04109164" lon="-79.47637837">
        <ele>97.05</ele>
        <time>2026-05-03T17:17:18Z</time>
        <extensions>
          <geotracker:meta c="0.59" s="12.59" />
        </extensions>
      </trkpt>
      <trkpt lat="-1.04100025" lon="-79.47631714">
        <ele>97.8</ele>
        <time>2026-05-03T17:17:19Z</time>
        <extensions>
          <geotracker:meta c="0.56" s="11.69" />
        </extensions>
      </trkpt>
      <trkpt lat="-1.04090569" lon="-79.476257">
        <ele>98.56</ele>
        <time>2026-05-03T17:17:20Z</time>
        <extensions>
          <geotracker:meta c="0.49" s="11.24" />
        </extensions>
      </trkpt>
      <trkpt lat="-1.04081503" lon="-79.47620444">
        <ele>97.85</ele>
        <time>2026-05-03T17:17:21Z</time>
        <extensions>
          <geotracker:meta c="0.52" s="11.34" />
        </extensions>
      </trkpt>
      <trkpt lat="-1.04073129" lon="-79.47615106">
        <ele>97.99</ele>
        <time>2026-05-03T17:17:22Z</time>
        <extensions>
          <geotracker:meta c="0.6" s="10.59" />
        </extensions>
      </trkpt>
      <trkpt lat="-1.04065519" lon="-79.47609345">
        <ele>96.81</ele>
        <time>2026-05-03T17:17:23Z</time>
        <extensions>
          <geotracker:meta c="0.59" s="9.81" />
        </extensions>
      </trkpt>
      <trkpt lat="-1.0405208" lon="-79.4760036">
        <ele>96.14</ele>
        <time>2026-05-03T17:17:25Z</time>
        <extensions>
          <geotracker:meta c="0.65" s="8.74" />
        </extensions>
      </trkpt>
      <trkpt lat="-1.04034123" lon="-79.47588539">
        <ele>95.03</ele>
        <time>2026-05-03T17:17:28Z</time>
        <extensions>
          <geotracker:meta c="0.64" s="7.6" />
        </extensions>
      </trkpt>
      <trkpt lat="-1.04023877" lon="-79.47581562">
        <ele>95.13</ele>
        <time>2026-05-03T17:17:30Z</time>
        <extensions>
          <geotracker:meta c="0.56" s="6.81" />
        </extensions>
      </trkpt>
      <trkpt lat="-1.04015809" lon="-79.47571964">
        <ele>91.71</ele>
        <time>2026-05-03T17:17:33Z</time>
        <extensions>
          <geotracker:meta c="0.93" s="4.95" />
        </extensions>
      </trkpt>
      <trkpt lat="-1.04007566" lon="-79.47564282">
        <ele>92.77</ele>
        <time>2026-05-03T17:17:36Z</time>
        <extensions>
          <geotracker:meta c="0.46" s="2.73" />
        </extensions>
      </trkpt>
      <trkpt lat="-1.03998503" lon="-79.47560029">
        <ele>93.82</ele>
        <time>2026-05-03T17:17:42Z</time>
        <extensions>
          <geotracker:meta c="0.69" s="1.36" />
        </extensions>
      </trkpt>
      <trkpt lat="-1.03987528" lon="-79.47552879">
        <ele>94.71</ele>
        <time>2026-05-03T17:17:51Z</time>
        <extensions>
          <geotracker:meta c="0.6" s="6.34" />
        </extensions>
      </trkpt>
      <trkpt lat="-1.03976584" lon="-79.47545824">
        <ele>95.23</ele>
        <time>2026-05-03T17:17:53Z</time>
        <extensions>
          <geotracker:meta c="0.53" s="7.97" />
        </extensions>
      </trkpt>
      <trkpt lat="-1.03968546" lon="-79.47539446">
        <ele>96.38</ele>
        <time>2026-05-03T17:17:54Z</time>
        <extensions>
          <geotracker:meta c="0.58" s="11.64" />
        </extensions>
      </trkpt>
      <trkpt lat="-1.03951456" lon="-79.47526926">
        <ele>99.25</ele>
        <time>2026-05-03T17:17:56Z</time>
        <extensions>
          <geotracker:meta c="0.6" s="12.68" />
        </extensions>
      </trkpt>
      <trkpt lat="-1.03940381" lon="-79.47518679">
        <ele>99.51</ele>
        <time>2026-05-03T17:17:57Z</time>
        <extensions>
          <geotracker:meta c="0.57" s="14.16" />
        </extensions>
      </trkpt>
      <trkpt lat="-1.03917466" lon="-79.47504763">
        <ele>100.46</ele>
        <time>2026-05-03T17:17:59Z</time>
        <extensions>
          <geotracker:meta c="0.57" s="15.23" />
        </extensions>
      </trkpt>
      <trkpt lat="-1.03894269" lon="-79.47489344">
        <ele>100.71</ele>
        <time>2026-05-03T17:18:01Z</time>
        <extensions>
          <geotracker:meta c="0.63" s="16.17" />
        </extensions>
      </trkpt>
      <trkpt lat="-1.03882685" lon="-79.47481045">
        <ele>99.08</ele>
        <time>2026-05-03T17:18:02Z</time>
        <extensions>
          <geotracker:meta c="0.59" s="15.21" />
        </extensions>
      </trkpt>
      <trkpt lat="-1.03871148" lon="-79.47473257">
        <ele>99.05</ele>
        <time>2026-05-03T17:18:03Z</time>
        <extensions>
          <geotracker:meta c="0.6" s="15.2" />
        </extensions>
      </trkpt>
      <trkpt lat="-1.03849939" lon="-79.47458023">
        <ele>99.74</ele>
        <time>2026-05-03T17:18:05Z</time>
        <extensions>
          <geotracker:meta c="0.63" s="14.76" />
        </extensions>
      </trkpt>
      <trkpt lat="-1.03841471" lon="-79.47453095">
        <ele>99.92</ele>
        <time>2026-05-03T17:18:06Z</time>
        <extensions>
          <geotracker:meta c="0.59" s="11.37" />
        </extensions>
      </trkpt>
      <trkpt lat="-1.03832401" lon="-79.47447988">
        <ele>99.45</ele>
        <time>2026-05-03T17:18:07Z</time>
        <extensions>
          <geotracker:meta c="0.54" s="11.15" />
        </extensions>
      </trkpt>
      <trkpt lat="-1.03820572" lon="-79.47442601">
        <ele>100.27</ele>
        <time>2026-05-03T17:18:09Z</time>
        <extensions>
          <geotracker:meta c="0.57" s="5.95" />
        </extensions>
      </trkpt>
      <trkpt lat="-1.03810062" lon="-79.47436007">
        <ele>101.28</ele>
        <time>2026-05-03T17:18:12Z</time>
        <extensions>
          <geotracker:meta c="0.72" s="3.18" />
        </extensions>
      </trkpt>
      <trkpt lat="-1.03797895" lon="-79.47431816">
        <ele>102.73</ele>
        <time>2026-05-03T17:18:32Z</time>
        <extensions>
          <geotracker:meta c="0.3" s="5.26" />
        </extensions>
      </trkpt>
      <trkpt lat="-1.03788692" lon="-79.47424165">
        <ele>100.19</ele>
        <time>2026-05-03T17:18:34Z</time>
        <extensions>
          <geotracker:meta c="0.76" s="9.35" />
        </extensions>
      </trkpt>
      <trkpt lat="-1.03775817" lon="-79.47412542">
        <ele>100.05</ele>
        <time>2026-05-03T17:18:36Z</time>
        <extensions>
          <geotracker:meta c="0.66" s="11.44" />
        </extensions>
      </trkpt>
      <trkpt lat="-1.03767711" lon="-79.4740651">
        <ele>100.79</ele>
        <time>2026-05-03T17:18:37Z</time>
        <extensions>
          <geotracker:meta c="0.61" s="11.8" />
        </extensions>
      </trkpt>
      <trkpt lat="-1.03758404" lon="-79.47400138">
        <ele>100.54</ele>
        <time>2026-05-03T17:18:38Z</time>
        <extensions>
          <geotracker:meta c="0.58" s="12.17" />
        </extensions>
      </trkpt>
      <trkpt lat="-1.03750747" lon="-79.47394793">
        <ele>98.04</ele>
        <time>2026-05-03T17:18:39Z</time>
        <extensions>
          <geotracker:meta c="0.62" s="10.36" />
        </extensions>
      </trkpt>
      <trkpt lat="-1.03742416" lon="-79.4738942">
        <ele>97.3</ele>
        <time>2026-05-03T17:18:40Z</time>
        <extensions>
          <geotracker:meta c="0.57" s="10.53" />
        </extensions>
      </trkpt>
      <trkpt lat="-1.0372886" lon="-79.47379719">
        <ele>96.52</ele>
        <time>2026-05-03T17:18:42Z</time>
        <extensions>
          <geotracker:meta c="0.64" s="9.08" />
        </extensions>
      </trkpt>
      <trkpt lat="-1.03718934" lon="-79.47372573">
        <ele>95.55</ele>
        <time>2026-05-03T17:18:44Z</time>
        <extensions>
          <geotracker:meta c="0.65" s="6.41" />
        </extensions>
      </trkpt>
      <trkpt lat="-1.03709351" lon="-79.47369411">
        <ele>99.83</ele>
        <time>2026-05-03T17:19:04Z</time>
        <extensions>
          <geotracker:meta c="0.61" s="3.78" />
        </extensions>
      </trkpt>
      <trkpt lat="-1.03702034" lon="-79.47363902">
        <ele>100.15</ele>
        <time>2026-05-03T17:19:06Z</time>
        <extensions>
          <geotracker:meta c="0.62" s="4.41" />
        </extensions>
      </trkpt>
      <trkpt lat="-1.03690611" lon="-79.47356822">
        <ele>99.53</ele>
        <time>2026-05-03T17:19:07Z</time>
        <extensions>
          <geotracker:meta c="0.67" s="11.27" />
        </extensions>
      </trkpt>
      <trkpt lat="-1.03673874" lon="-79.47346029">
        <ele>97.43</ele>
        <time>2026-05-03T17:19:09Z</time>
        <extensions>
          <geotracker:meta c="0.56" s="13.19" />
        </extensions>
      </trkpt>
      <trkpt lat="-1.03663959" lon="-79.4734098">
        <ele>97.93</ele>
        <time>2026-05-03T17:19:10Z</time>
        <extensions>
          <geotracker:meta c="0.56" s="13.56" />
        </extensions>
      </trkpt>
      <trkpt lat="-1.03653432" lon="-79.47334257">
        <ele>98.22</ele>
        <time>2026-05-03T17:19:11Z</time>
        <extensions>
          <geotracker:meta c="0.57" s="14.22" />
        </extensions>
      </trkpt>
      <trkpt lat="-1.03642844" lon="-79.47327007">
        <ele>98.14</ele>
        <time>2026-05-03T17:19:12Z</time>
        <extensions>
          <geotracker:meta c="0.59" s="14.36" />
        </extensions>
      </trkpt>
      <trkpt lat="-1.03631693" lon="-79.47319829">
        <ele>98.46</ele>
        <time>2026-05-03T17:19:13Z</time>
        <extensions>
          <geotracker:meta c="0.58" s="14.97" />
        </extensions>
      </trkpt>
      <trkpt lat="-1.03620193" lon="-79.47311504">
        <ele>98.25</ele>
        <time>2026-05-03T17:19:14Z</time>
        <extensions>
          <geotracker:meta c="0.61" s="15.85" />
        </extensions>
      </trkpt>
      <trkpt lat="-1.03608828" lon="-79.47303109">
        <ele>98.23</ele>
        <time>2026-05-03T17:19:15Z</time>
        <extensions>
          <geotracker:meta c="0.64" s="15.96" />
        </extensions>
      </trkpt>
      <trkpt lat="-1.03597291" lon="-79.47294469">
        <ele>98.19</ele>
        <time>2026-05-03T17:19:16Z</time>
        <extensions>
          <geotracker:meta c="0.65" s="16.18" />
        </extensions>
      </trkpt>
      <trkpt lat="-1.03584779" lon="-79.47286246">
        <ele>98.44</ele>
        <time>2026-05-03T17:19:17Z</time>
        <extensions>
          <geotracker:meta c="0.62" s="16.84" />
        </extensions>
      </trkpt>
      <trkpt lat="-1.03571283" lon="-79.47278261">
        <ele>100</ele>
        <time>2026-05-03T17:19:18Z</time>
        <extensions>
          <geotracker:meta c="0.6" s="16.73" />
        </extensions>
      </trkpt>
      <trkpt lat="-1.03558257" lon="-79.47270076">
        <ele>99.72</ele>
        <time>2026-05-03T17:19:19Z</time>
        <extensions>
          <geotracker:meta c="0.55" s="16.76" />
        </extensions>
      </trkpt>
      <trkpt lat="-1.03544666" lon="-79.47262786">
        <ele>99.29</ele>
        <time>2026-05-03T17:19:20Z</time>
        <extensions>
          <geotracker:meta c="0.49" s="16.78" />
        </extensions>
      </trkpt>
      <trkpt lat="-1.03530503" lon="-79.47256143">
        <ele>98.51</ele>
        <time>2026-05-03T17:19:21Z</time>
        <extensions>
          <geotracker:meta c="0.45" s="17.3" />
        </extensions>
      </trkpt>
      <trkpt lat="-1.03516445" lon="-79.47249405">
        <ele>98.18</ele>
        <time>2026-05-03T17:19:22Z</time>
        <extensions>
          <geotracker:meta c="0.45" s="17.22" />
        </extensions>
      </trkpt>
      <trkpt lat="-1.03500779" lon="-79.47245617">
        <ele>96.55</ele>
        <time>2026-05-03T17:19:23Z</time>
        <extensions>
          <geotracker:meta c="0.36" s="16.69" />
        </extensions>
      </trkpt>
      <trkpt lat="-1.03485853" lon="-79.47240648">
        <ele>95.94</ele>
        <time>2026-05-03T17:19:24Z</time>
        <extensions>
          <geotracker:meta c="0.33" s="17.57" />
        </extensions>
      </trkpt>
      <trkpt lat="-1.03469918" lon="-79.47236704">
        <ele>94.7</ele>
        <time>2026-05-03T17:19:25Z</time>
        <extensions>
          <geotracker:meta c="0.26" s="18" />
        </extensions>
      </trkpt>
      <trkpt lat="-1.03454139" lon="-79.47233694">
        <ele>93.78</ele>
        <time>2026-05-03T17:19:26Z</time>
        <extensions>
          <geotracker:meta c="0.21" s="17.47" />
        </extensions>
      </trkpt>
      <trkpt lat="-1.03437746" lon="-79.47230963">
        <ele>94.25</ele>
        <time>2026-05-03T17:19:27Z</time>
        <extensions>
          <geotracker:meta c="0.14" s="18.54" />
        </extensions>
      </trkpt>
      <trkpt lat="-1.03421428" lon="-79.47228436">
        <ele>93.76</ele>
        <time>2026-05-03T17:19:28Z</time>
        <extensions>
          <geotracker:meta c="0.15" s="17.41" />
        </extensions>
      </trkpt>
      <trkpt lat="-1.03405764" lon="-79.47227048">
        <ele>93.55</ele>
        <time>2026-05-03T17:19:29Z</time>
        <extensions>
          <geotracker:meta c="0.12" s="17.94" />
        </extensions>
      </trkpt>
      <trkpt lat="-1.03390439" lon="-79.47225353">
        <ele>92.86</ele>
        <time>2026-05-03T17:19:30Z</time>
        <extensions>
          <geotracker:meta c="0.09" s="17.31" />
        </extensions>
      </trkpt>
      <trkpt lat="-1.03375165" lon="-79.47223877">
        <ele>93.06</ele>
        <time>2026-05-03T17:19:31Z</time>
        <extensions>
          <geotracker:meta c="0.1" s="17.26" />
        </extensions>
      </trkpt>
      <trkpt lat="-1.03359718" lon="-79.47225766">
        <ele>92.77</ele>
        <time>2026-05-03T17:19:32Z</time>
        <extensions>
          <geotracker:meta c="6.27" s="17.44" />
        </extensions>
      </trkpt>
      <trkpt lat="-1.03345477" lon="-79.47225833">
        <ele>90.2</ele>
        <time>2026-05-03T17:19:33Z</time>
        <extensions>
          <geotracker:meta c="6.22" s="16.66" />
        </extensions>
      </trkpt>
      <trkpt lat="-1.03331082" lon="-79.47225109">
        <ele>88.14</ele>
        <time>2026-05-03T17:19:34Z</time>
        <extensions>
          <geotracker:meta c="6.23" s="16.23" />
        </extensions>
      </trkpt>
      <trkpt lat="-1.03317933" lon="-79.47226117">
        <ele>85.67</ele>
        <time>2026-05-03T17:19:35Z</time>
        <extensions>
          <geotracker:meta c="6.22" s="15.31" />
        </extensions>
      </trkpt>
      <trkpt lat="-1.03305574" lon="-79.47225819">
        <ele>83.27</ele>
        <time>2026-05-03T17:19:36Z</time>
        <extensions>
          <geotracker:meta c="6.23" s="15.22" />
        </extensions>
      </trkpt>
      <trkpt lat="-1.03291439" lon="-79.47223987">
        <ele>82.78</ele>
        <time>2026-05-03T17:19:37Z</time>
        <extensions>
          <geotracker:meta c="0.07" s="15.84" />
        </extensions>
      </trkpt>
      <trkpt lat="-1.0328019" lon="-79.47220815">
        <ele>84.68</ele>
        <time>2026-05-03T17:19:38Z</time>
        <extensions>
          <geotracker:meta c="0.22" s="13.87" />
        </extensions>
      </trkpt>
      <trkpt lat="-1.03270545" lon="-79.4721352">
        <ele>82.54</ele>
        <time>2026-05-03T17:19:39Z</time>
        <extensions>
          <geotracker:meta c="0.44" s="14.11" />
        </extensions>
      </trkpt>
      <trkpt lat="-1.03261367" lon="-79.47203331">
        <ele>81.5</ele>
        <time>2026-05-03T17:19:40Z</time>
        <extensions>
          <geotracker:meta c="0.83" s="15.98" />
        </extensions>
      </trkpt>
      <trkpt lat="-1.03251886" lon="-79.47193182">
        <ele>80.96</ele>
        <time>2026-05-03T17:19:41Z</time>
        <extensions>
          <geotracker:meta c="0.82" s="14.5" />
        </extensions>
      </trkpt>
      <trkpt lat="-1.0324273" lon="-79.47184101">
        <ele>79.99</ele>
        <time>2026-05-03T17:19:42Z</time>
        <extensions>
          <geotracker:meta c="0.82" s="13.29" />
        </extensions>
      </trkpt>
      <trkpt lat="-1.03233889" lon="-79.47175852">
        <ele>79.74</ele>
        <time>2026-05-03T17:19:43Z</time>
        <extensions>
          <geotracker:meta c="0.77" s="12.27" />
        </extensions>
      </trkpt>
      <trkpt lat="-1.03227006" lon="-79.47168653">
        <ele>77.51</ele>
        <time>2026-05-03T17:19:44Z</time>
        <extensions>
          <geotracker:meta c="0.74" s="11.04" />
        </extensions>
      </trkpt>
      <trkpt lat="-1.03219005" lon="-79.47161986">
        <ele>76.88</ele>
        <time>2026-05-03T17:19:45Z</time>
        <extensions>
          <geotracker:meta c="0.67" s="10.71" />
        </extensions>
      </trkpt>
      <trkpt lat="-1.03206989" lon="-79.47149545">
        <ele>75.33</ele>
        <time>2026-05-03T17:19:47Z</time>
        <extensions>
          <geotracker:meta c="0.89" s="8.45" />
        </extensions>
      </trkpt>
      <trkpt lat="-1.03197784" lon="-79.4713661">
        <ele>74.16</ele>
        <time>2026-05-03T17:19:49Z</time>
        <extensions>
          <geotracker:meta c="1.09" s="8.79" />
        </extensions>
      </trkpt>
      <trkpt lat="-1.03191505" lon="-79.47123348">
        <ele>73.8</ele>
        <time>2026-05-03T17:19:51Z</time>
        <extensions>
          <geotracker:meta c="1.24" s="7.1" />
        </extensions>
      </trkpt>
      <trkpt lat="-1.03186789" lon="-79.47113608">
        <ele>73.84</ele>
        <time>2026-05-03T17:19:53Z</time>
        <extensions>
          <geotracker:meta c="0.98" s="5.11" />
        </extensions>
      </trkpt>
      <trkpt lat="-1.0318039" lon="-79.47104006">
        <ele>73.77</ele>
        <time>2026-05-03T17:19:55Z</time>
        <extensions>
          <geotracker:meta c="0.95" s="7.16" />
        </extensions>
      </trkpt>
      <trkpt lat="-1.03172633" lon="-79.47090619">
        <ele>73.05</ele>
        <time>2026-05-03T17:19:57Z</time>
        <extensions>
          <geotracker:meta c="1.1" s="9.66" />
        </extensions>
      </trkpt>
      <trkpt lat="-1.03167816" lon="-79.47073025">
        <ele>71.32</ele>
        <time>2026-05-03T17:19:59Z</time>
        <extensions>
          <geotracker:meta c="1.44" s="10.73" />
        </extensions>
      </trkpt>
      <trkpt lat="-1.03165191" lon="-79.4706347">
        <ele>71.97</ele>
        <time>2026-05-03T17:20:00Z</time>
        <extensions>
          <geotracker:meta c="1.29" s="11.4" />
        </extensions>
      </trkpt>
      <trkpt lat="-1.03163092" lon="-79.4705403">
        <ele>71.97</ele>
        <time>2026-05-03T17:20:01Z</time>
        <extensions>
          <geotracker:meta c="1.36" s="10.86" />
        </extensions>
      </trkpt>
      <trkpt lat="-1.03159711" lon="-79.47043849">
        <ele>71.99</ele>
        <time>2026-05-03T17:20:02Z</time>
        <extensions>
          <geotracker:meta c="1.26" s="12.53" />
        </extensions>
      </trkpt>
      <trkpt lat="-1.03155708" lon="-79.47031835">
        <ele>71.63</ele>
        <time>2026-05-03T17:20:03Z</time>
        <extensions>
          <geotracker:meta c="1.24" s="13.02" />
        </extensions>
      </trkpt>
      <trkpt lat="-1.03151514" lon="-79.47021524">
        <ele>71.17</ele>
        <time>2026-05-03T17:20:04Z</time>
        <extensions>
          <geotracker:meta c="1.2" s="12.65" />
        </extensions>
      </trkpt>
      <trkpt lat="-1.03147419" lon="-79.47010868">
        <ele>71.03</ele>
        <time>2026-05-03T17:20:05Z</time>
        <extensions>
          <geotracker:meta c="1.2" s="12.68" />
        </extensions>
      </trkpt>
      <trkpt lat="-1.03144817" lon="-79.47002215">
        <ele>69.97</ele>
        <time>2026-05-03T17:20:06Z</time>
        <extensions>
          <geotracker:meta c="1.26" s="10.24" />
        </extensions>
      </trkpt>
      <trkpt lat="-1.03142077" lon="-79.46992038">
        <ele>69.74</ele>
        <time>2026-05-03T17:20:07Z</time>
        <extensions>
          <geotracker:meta c="1.31" s="10.74" />
        </extensions>
      </trkpt>
      <trkpt lat="-1.03138788" lon="-79.46983501">
        <ele>69.55</ele>
        <time>2026-05-03T17:20:08Z</time>
        <extensions>
          <geotracker:meta c="1.24" s="10.27" />
        </extensions>
      </trkpt>
      <trkpt lat="-1.03135718" lon="-79.4697458">
        <ele>69.53</ele>
        <time>2026-05-03T17:20:09Z</time>
        <extensions>
          <geotracker:meta c="1.21" s="10.27" />
        </extensions>
      </trkpt>
      <trkpt lat="-1.0313209" lon="-79.4696612">
        <ele>69.52</ele>
        <time>2026-05-03T17:20:10Z</time>
        <extensions>
          <geotracker:meta c="1.2" s="10.32" />
        </extensions>
      </trkpt>
      <trkpt lat="-1.03129214" lon="-79.46957417">
        <ele>72.7</ele>
        <time>2026-05-03T17:20:12Z</time>
        <extensions>
          <geotracker:meta c="1.41" s="6.53" />
        </extensions>
      </trkpt>
      <trkpt lat="-1.03125236" lon="-79.4694326">
        <ele>74.64</ele>
        <time>2026-05-03T17:20:14Z</time>
        <extensions>
          <geotracker:meta c="1.25" s="9.53" />
        </extensions>
      </trkpt>
      <trkpt lat="-1.03118151" lon="-79.46927839">
        <ele>73.95</ele>
        <time>2026-05-03T17:20:16Z</time>
        <extensions>
          <geotracker:meta c="1.1" s="10.97" />
        </extensions>
      </trkpt>
      <trkpt lat="-1.03114112" lon="-79.46919032">
        <ele>73.95</ele>
        <time>2026-05-03T17:20:17Z</time>
        <extensions>
          <geotracker:meta c="1.12" s="10.58" />
        </extensions>
      </trkpt>
      <trkpt lat="-1.03105737" lon="-79.46904834">
        <ele>74.04</ele>
        <time>2026-05-03T17:20:19Z</time>
        <extensions>
          <geotracker:meta c="1.08" s="8.98" />
        </extensions>
      </trkpt>
      <trkpt lat="-1.03098248" lon="-79.46891508">
        <ele>74.86</ele>
        <time>2026-05-03T17:20:21Z</time>
        <extensions>
          <geotracker:meta c="1.13" s="8.8" />
        </extensions>
      </trkpt>
      <trkpt lat="-1.03092818" lon="-79.46878596">
        <ele>73.6</ele>
        <time>2026-05-03T17:20:23Z</time>
        <extensions>
          <geotracker:meta c="1.16" s="8.02" />
        </extensions>
      </trkpt>
      <trkpt lat="-1.03086255" lon="-79.46867255">
        <ele>73.1</ele>
        <time>2026-05-03T17:20:25Z</time>
        <extensions>
          <geotracker:meta c="1.04" s="6.68" />
        </extensions>
      </trkpt>
      <trkpt lat="-1.03081608" lon="-79.46856662">
        <ele>71.98</ele>
        <time>2026-05-03T17:20:27Z</time>
        <extensions>
          <geotracker:meta c="1.25" s="5.71" />
        </extensions>
      </trkpt>
      <trkpt lat="-1.03077716" lon="-79.46847497">
        <ele>70.33</ele>
        <time>2026-05-03T17:20:29Z</time>
        <extensions>
          <geotracker:meta c="1.21" s="4.73" />
        </extensions>
      </trkpt>
      <trkpt lat="-1.03073013" lon="-79.46838674">
        <ele>70.17</ele>
        <time>2026-05-03T17:20:32Z</time>
        <extensions>
          <geotracker:meta c="0.88" s="2.39" />
        </extensions>
      </trkpt>
      <trkpt lat="-1.0306957" lon="-79.46829163">
        <ele>72.28</ele>
        <time>2026-05-03T17:20:35Z</time>
        <extensions>
          <geotracker:meta c="1.04" s="3.98" />
        </extensions>
      </trkpt>
      <trkpt lat="-1.0306502" lon="-79.46819657">
        <ele>73.79</ele>
        <time>2026-05-03T17:20:38Z</time>
        <extensions>
          <geotracker:meta c="1.15" s="4.06" />
        </extensions>
      </trkpt>
      <trkpt lat="-1.03058868" lon="-79.46810632">
        <ele>73.97</ele>
        <time>2026-05-03T17:20:40Z</time>
        <extensions>
          <geotracker:meta c="0.99" s="4.99" />
        </extensions>
      </trkpt>
      <trkpt lat="-1.03050553" lon="-79.46803796">
        <ele>75.18</ele>
        <time>2026-05-03T17:20:42Z</time>
        <extensions>
          <geotracker:meta c="0.49" s="7.57" />
        </extensions>
      </trkpt>
      <trkpt lat="-1.03037498" lon="-79.46800044">
        <ele>72.78</ele>
        <time>2026-05-03T17:20:44Z</time>
        <extensions>
          <geotracker:meta c="0.26" s="8.65" />
        </extensions>
      </trkpt>
      <trkpt lat="-1.03022611" lon="-79.46796625">
        <ele>72.77</ele>
        <time>2026-05-03T17:20:46Z</time>
        <extensions>
          <geotracker:meta c="0.25" s="8.66" />
        </extensions>
      </trkpt>
      <trkpt lat="-1.0301294" lon="-79.46790724">
        <ele>71.94</ele>
        <time>2026-05-03T17:20:48Z</time>
        <extensions>
          <geotracker:meta c="0.46" s="5.96" />
        </extensions>
      </trkpt>
      <trkpt lat="-1.03007261" lon="-79.46801874">
        <ele>71.19</ele>
        <time>2026-05-03T17:20:51Z</time>
        <extensions>
          <geotracker:meta c="5.06" s="5.68" />
        </extensions>
      </trkpt>
      <trkpt lat="-1.03003059" lon="-79.46811304">
        <ele>71.33</ele>
        <time>2026-05-03T17:20:53Z</time>
        <extensions>
          <geotracker:meta c="5.05" s="6.73" />
        </extensions>
      </trkpt>
      <trkpt lat="-1.029981" lon="-79.46822561">
        <ele>73.29</ele>
        <time>2026-05-03T17:20:55Z</time>
        <extensions>
          <geotracker:meta c="5.19" s="5.55" />
        </extensions>
      </trkpt>
      <trkpt lat="-1.02992643" lon="-79.46833031">
        <ele>76.07</ele>
        <time>2026-05-03T17:20:57Z</time>
        <extensions>
          <geotracker:meta c="5.06" s="5.31" />
        </extensions>
      </trkpt>
      <trkpt lat="-1.02988596" lon="-79.46841174">
        <ele>74.32</ele>
        <time>2026-05-03T17:20:59Z</time>
        <extensions>
          <geotracker:meta c="5.13" s="4.07" />
        </extensions>
      </trkpt>
      <trkpt lat="-1.02987117" lon="-79.4685041">
        <ele>72.2</ele>
        <time>2026-05-03T17:21:03Z</time>
        <extensions>
          <geotracker:meta c="5.05" s="1.32" />
        </extensions>
      </trkpt>
      <trkpt lat="-1.02996273" lon="-79.46857897">
        <ele>72.16</ele>
        <time>2026-05-03T17:21:06Z</time>
        <extensions>
          <geotracker:meta c="3.56" s="6.72" />
        </extensions>
      </trkpt>
      <trkpt lat="-1.03006196" lon="-79.46861588">
        <ele>72.92</ele>
        <time>2026-05-03T17:21:08Z</time>
        <extensions>
          <geotracker:meta c="3.47" s="6.29" />
        </extensions>
      </trkpt>
      <trkpt lat="-1.03016251" lon="-79.46864624">
        <ele>74.36</ele>
        <time>2026-05-03T17:21:09Z</time>
        <extensions>
          <geotracker:meta c="3.49" s="9.28" />
        </extensions>
      </trkpt>
      <trkpt lat="-1.03026748" lon="-79.46870929">
        <ele>75.19</ele>
        <time>2026-05-03T17:21:10Z</time>
        <extensions>
          <geotracker:meta c="3.58" s="11.16" />
        </extensions>
      </trkpt>
      <trkpt lat="-1.03036724" lon="-79.46877323">
        <ele>74.98</ele>
        <time>2026-05-03T17:21:11Z</time>
        <extensions>
          <geotracker:meta c="3.64" s="11.6" />
        </extensions>
      </trkpt>
      <trkpt lat="-1.03047455" lon="-79.46883158">
        <ele>78</ele>
        <time>2026-05-03T17:21:12Z</time>
        <extensions>
          <geotracker:meta c="3.64" s="12.74" />
        </extensions>
      </trkpt>
      <trkpt lat="-1.03058005" lon="-79.46890856">
        <ele>77.31</ele>
        <time>2026-05-03T17:21:13Z</time>
        <extensions>
          <geotracker:meta c="3.68" s="12.83" />
        </extensions>
      </trkpt>
      <trkpt lat="-1.0306785" lon="-79.46896752">
        <ele>77.38</ele>
        <time>2026-05-03T17:21:14Z</time>
        <extensions>
          <geotracker:meta c="3.68" s="12.73" />
        </extensions>
      </trkpt>
      <trkpt lat="-1.03073986" lon="-79.46903831">
        <ele>77.91</ele>
        <time>2026-05-03T17:21:15Z</time>
        <extensions>
          <geotracker:meta c="3.88" s="12.69" />
        </extensions>
      </trkpt>
      <trkpt lat="-1.03081901" lon="-79.46912236">
        <ele>77.95</ele>
        <time>2026-05-03T17:21:16Z</time>
        <extensions>
          <geotracker:meta c="3.93" s="13.32" />
        </extensions>
      </trkpt>
      <trkpt lat="-1.03082944" lon="-79.4692247">
        <ele>78.31</ele>
        <time>2026-05-03T17:21:17Z</time>
        <extensions>
          <geotracker:meta c="4.2" s="10.96" />
        </extensions>
      </trkpt>
      <trkpt lat="-1.03088571" lon="-79.46931998">
        <ele>78.54</ele>
        <time>2026-05-03T17:21:18Z</time>
        <extensions>
          <geotracker:meta c="4.31" s="12.22" />
        </extensions>
      </trkpt>
      <trkpt lat="-1.0309429" lon="-79.46941019">
        <ele>80.13</ele>
        <time>2026-05-03T17:21:19Z</time>
        <extensions>
          <geotracker:meta c="4.39" s="11.9" />
        </extensions>
      </trkpt>
      <trkpt lat="-1.03098218" lon="-79.46950768">
        <ele>79.97</ele>
        <time>2026-05-03T17:21:20Z</time>
        <extensions>
          <geotracker:meta c="4.37" s="11.53" />
        </extensions>
      </trkpt>
      <trkpt lat="-1.03101094" lon="-79.4696105">
        <ele>80.14</ele>
        <time>2026-05-03T17:21:21Z</time>
        <extensions>
          <geotracker:meta c="4.42" s="11.82" />
        </extensions>
      </trkpt>
      <trkpt lat="-1.0310449" lon="-79.46971673">
        <ele>79.54</ele>
        <time>2026-05-03T17:21:22Z</time>
        <extensions>
          <geotracker:meta c="4.41" s="12.58" />
        </extensions>
      </trkpt>
      <trkpt lat="-1.03109281" lon="-79.46980873">
        <ele>82.59</ele>
        <time>2026-05-03T17:21:23Z</time>
        <extensions>
          <geotracker:meta c="4.37" s="11.97" />
        </extensions>
      </trkpt>
      <trkpt lat="-1.03112758" lon="-79.46991918">
        <ele>81.24</ele>
        <time>2026-05-03T17:21:24Z</time>
        <extensions>
          <geotracker:meta c="4.41" s="12.72" />
        </extensions>
      </trkpt>
      <trkpt lat="-1.03114567" lon="-79.47003082">
        <ele>82.44</ele>
        <time>2026-05-03T17:21:25Z</time>
        <extensions>
          <geotracker:meta c="4.5" s="12.81" />
        </extensions>
      </trkpt>
      <trkpt lat="-1.03118371" lon="-79.47014926">
        <ele>81.95</ele>
        <time>2026-05-03T17:21:26Z</time>
        <extensions>
          <geotracker:meta c="4.45" s="13.81" />
        </extensions>
      </trkpt>
      <trkpt lat="-1.03120998" lon="-79.47027001">
        <ele>81.95</ele>
        <time>2026-05-03T17:21:27Z</time>
        <extensions>
          <geotracker:meta c="4.49" s="13.82" />
        </extensions>
      </trkpt>
      <trkpt lat="-1.03123676" lon="-79.47039746">
        <ele>80.43</ele>
        <time>2026-05-03T17:21:28Z</time>
        <extensions>
          <geotracker:meta c="4.48" s="14.55" />
        </extensions>
      </trkpt>
      <trkpt lat="-1.03122854" lon="-79.47053129">
        <ele>75.24</ele>
        <time>2026-05-03T17:21:29Z</time>
        <extensions>
          <geotracker:meta c="4.42" s="14.9" />
        </extensions>
      </trkpt>
      <trkpt lat="-1.03128637" lon="-79.47065741">
        <ele>74.99</ele>
        <time>2026-05-03T17:21:30Z</time>
        <extensions>
          <geotracker:meta c="4.33" s="15.04" />
        </extensions>
      </trkpt>
      <trkpt lat="-1.03132948" lon="-79.47076725">
        <ele>77.68</ele>
        <time>2026-05-03T17:21:31Z</time>
        <extensions>
          <geotracker:meta c="4.35" s="13.11" />
        </extensions>
      </trkpt>
      <trkpt lat="-1.03137963" lon="-79.47087165">
        <ele>77.24</ele>
        <time>2026-05-03T17:21:32Z</time>
        <extensions>
          <geotracker:meta c="4.3" s="12.45" />
        </extensions>
      </trkpt>
      <trkpt lat="-1.03142998" lon="-79.47096466">
        <ele>76.08</ele>
        <time>2026-05-03T17:21:33Z</time>
        <extensions>
          <geotracker:meta c="4.25" s="10.73" />
        </extensions>
      </trkpt>
      <trkpt lat="-1.03146818" lon="-79.47104842">
        <ele>76.34</ele>
        <time>2026-05-03T17:21:34Z</time>
        <extensions>
          <geotracker:meta c="4.24" s="9.43" />
        </extensions>
      </trkpt>
      <trkpt lat="-1.03151674" lon="-79.47113187">
        <ele>76.39</ele>
        <time>2026-05-03T17:21:35Z</time>
        <extensions>
          <geotracker:meta c="4.26" s="9.53" />
        </extensions>
      </trkpt>
      <trkpt lat="-1.03154561" lon="-79.47129353">
        <ele>75.86</ele>
        <time>2026-05-03T17:21:37Z</time>
        <extensions>
          <geotracker:meta c="4.67" s="9.2" />
        </extensions>
      </trkpt>
      <trkpt lat="-1.03152353" lon="-79.47143398">
        <ele>74.92</ele>
        <time>2026-05-03T17:21:39Z</time>
        <extensions>
          <geotracker:meta c="4.85" s="8.09" />
        </extensions>
      </trkpt>
      <trkpt lat="-1.0315246" lon="-79.47160566">
        <ele>75.36</ele>
        <time>2026-05-03T17:21:41Z</time>
        <extensions>
          <geotracker:meta c="4.64" s="8.64" />
        </extensions>
      </trkpt>
      <trkpt lat="-1.03157694" lon="-79.47174252">
        <ele>74.7</ele>
        <time>2026-05-03T17:21:43Z</time>
        <extensions>
          <geotracker:meta c="4.37" s="7.56" />
        </extensions>
      </trkpt>
      <trkpt lat="-1.03163823" lon="-79.47188789">
        <ele>74.84</ele>
        <time>2026-05-03T17:21:45Z</time>
        <extensions>
          <geotracker:meta c="4.33" s="9.07" />
        </extensions>
      </trkpt>
      <trkpt lat="-1.03171" lon="-79.47202901">
        <ele>77.19</ele>
        <time>2026-05-03T17:21:47Z</time>
        <extensions>
          <geotracker:meta c="4.33" s="8.48" />
        </extensions>
      </trkpt>
      <trkpt lat="-1.03177077" lon="-79.47215576">
        <ele>79.01</ele>
        <time>2026-05-03T17:21:49Z</time>
        <extensions>
          <geotracker:meta c="4.28" s="6.98" />
        </extensions>
      </trkpt>
      <trkpt lat="-1.03178162" lon="-79.47227812">
        <ele>77.63</ele>
        <time>2026-05-03T17:21:51Z</time>
        <extensions>
          <geotracker:meta c="4.82" s="7.46" />
        </extensions>
      </trkpt>
      <trkpt lat="-1.0316391" lon="-79.47233529">
        <ele>75.82</ele>
        <time>2026-05-03T17:21:53Z</time>
        <extensions>
          <geotracker:meta c="5.87" s="11.26" />
        </extensions>
      </trkpt>
      <trkpt lat="-1.03150043" lon="-79.47236458">
        <ele>78.29</ele>
        <time>2026-05-03T17:21:55Z</time>
        <extensions>
          <geotracker:meta c="6.17" s="10.11" />
        </extensions>
      </trkpt>
      <trkpt lat="-1.0314094" lon="-79.4723745">
        <ele>79.26</ele>
        <time>2026-05-03T17:21:56Z</time>
        <extensions>
          <geotracker:meta c="6.16" s="10.95" />
        </extensions>
      </trkpt>
      <trkpt lat="-1.03131092" lon="-79.47239066">
        <ele>78.75</ele>
        <time>2026-05-03T17:21:57Z</time>
        <extensions>
          <geotracker:meta c="6.17" s="11.61" />
        </extensions>
      </trkpt>
      <trkpt lat="-1.03121255" lon="-79.47239621">
        <ele>79.59</ele>
        <time>2026-05-03T17:21:58Z</time>
        <extensions>
          <geotracker:meta c="6.21" s="9.42" />
        </extensions>
      </trkpt>
      <trkpt lat="-1.03100185" lon="-79.47241285">
        <ele>75.75</ele>
        <time>2026-05-03T17:22:00Z</time>
        <extensions>
          <geotracker:meta c="6.24" s="9.58" />
        </extensions>
      </trkpt>
      <trkpt lat="-1.03084568" lon="-79.47242407">
        <ele>75.65</ele>
        <time>2026-05-03T17:22:02Z</time>
        <extensions>
          <geotracker:meta c="6.19" s="7.8" />
        </extensions>
      </trkpt>
      <trkpt lat="-1.03075492" lon="-79.47242474">
        <ele>76.39</ele>
        <time>2026-05-03T17:22:04Z</time>
        <extensions>
          <geotracker:meta c="6.09" s="5.12" />
        </extensions>
      </trkpt>
      <trkpt lat="-1.0306282" lon="-79.47241954">
        <ele>77.85</ele>
        <time>2026-05-03T17:22:06Z</time>
        <extensions>
          <geotracker:meta c="6.08" s="7.4" />
        </extensions>
      </trkpt>
      <trkpt lat="-1.03046268" lon="-79.47244131">
        <ele>79.65</ele>
        <time>2026-05-03T17:22:08Z</time>
        <extensions>
          <geotracker:meta c="6.13" s="10.43" />
        </extensions>
      </trkpt>
      <trkpt lat="-1.03037058" lon="-79.47244685">
        <ele>79.73</ele>
        <time>2026-05-03T17:22:09Z</time>
        <extensions>
          <geotracker:meta c="6.22" s="10.5" />
        </extensions>
      </trkpt>
      <trkpt lat="-1.03026884" lon="-79.47245042">
        <ele>81.89</ele>
        <time>2026-05-03T17:22:10Z</time>
        <extensions>
          <geotracker:meta c="6.22" s="11.69" />
        </extensions>
      </trkpt>
      <trkpt lat="-1.03016433" lon="-79.47244793">
        <ele>81.76</ele>
        <time>2026-05-03T17:22:11Z</time>
        <extensions>
          <geotracker:meta c="0.03" s="11.87" />
        </extensions>
      </trkpt>
      <trkpt lat="-1.03004696" lon="-79.47244566">
        <ele>82.8</ele>
        <time>2026-05-03T17:22:12Z</time>
        <extensions>
          <geotracker:meta c="0.02" s="12.27" />
        </extensions>
      </trkpt>
      <trkpt lat="-1.02993232" lon="-79.4724436">
        <ele>82.72</ele>
        <time>2026-05-03T17:22:13Z</time>
        <extensions>
          <geotracker:meta c="0.02" s="12.7" />
        </extensions>
      </trkpt>
      <trkpt lat="-1.02981493" lon="-79.47243911">
        <ele>82.82</ele>
        <time>2026-05-03T17:22:14Z</time>
        <extensions>
          <geotracker:meta c="0.03" s="13.12" />
        </extensions>
      </trkpt>
      <trkpt lat="-1.02969212" lon="-79.47243688">
        <ele>84.1</ele>
        <time>2026-05-03T17:22:15Z</time>
        <extensions>
          <geotracker:meta c="0.04" s="13.74" />
        </extensions>
      </trkpt>
      <trkpt lat="-1.02956748" lon="-79.47242788">
        <ele>85.6</ele>
        <time>2026-05-03T17:22:16Z</time>
        <extensions>
          <geotracker:meta c="0.07" s="14.15" />
        </extensions>
      </trkpt>
      <trkpt lat="-1.02943851" lon="-79.47241556">
        <ele>86.3</ele>
        <time>2026-05-03T17:22:17Z</time>
        <extensions>
          <geotracker:meta c="0.12" s="14.13" />
        </extensions>
      </trkpt>
      <trkpt lat="-1.02930656" lon="-79.47239442">
        <ele>86.44</ele>
        <time>2026-05-03T17:22:18Z</time>
        <extensions>
          <geotracker:meta c="0.15" s="14.63" />
        </extensions>
      </trkpt>
      <trkpt lat="-1.02917956" lon="-79.47236723">
        <ele>85.48</ele>
        <time>2026-05-03T17:22:19Z</time>
        <extensions>
          <geotracker:meta c="0.2" s="14.73" />
        </extensions>
      </trkpt>
      <trkpt lat="-1.02904775" lon="-79.47234062">
        <ele>85.77</ele>
        <time>2026-05-03T17:22:20Z</time>
        <extensions>
          <geotracker:meta c="0.21" s="14.87" />
        </extensions>
      </trkpt>
      <trkpt lat="-1.02891644" lon="-79.47231162">
        <ele>85.72</ele>
        <time>2026-05-03T17:22:21Z</time>
        <extensions>
          <geotracker:meta c="0.21" s="14.8" />
        </extensions>
      </trkpt>
      <trkpt lat="-1.02877836" lon="-79.4722601">
        <ele>87.27</ele>
        <time>2026-05-03T17:22:22Z</time>
        <extensions>
          <geotracker:meta c="0.31" s="15.15" />
        </extensions>
      </trkpt>
      <trkpt lat="-1.02866831" lon="-79.47219419">
        <ele>84.15</ele>
        <time>2026-05-03T17:22:23Z</time>
        <extensions>
          <geotracker:meta c="0.4" s="15.66" />
        </extensions>
      </trkpt>
      <trkpt lat="-1.02852688" lon="-79.4721569">
        <ele>83.57</ele>
        <time>2026-05-03T17:22:24Z</time>
        <extensions>
          <geotracker:meta c="0.34" s="16.02" />
        </extensions>
      </trkpt>
      <trkpt lat="-1.02839278" lon="-79.47210888">
        <ele>84.09</ele>
        <time>2026-05-03T17:22:25Z</time>
        <extensions>
          <geotracker:meta c="0.36" s="15.85" />
        </extensions>
      </trkpt>
      <trkpt lat="-1.02826468" lon="-79.47206272">
        <ele>83.58</ele>
        <time>2026-05-03T17:22:26Z</time>
        <extensions>
          <geotracker:meta c="0.36" s="14.87" />
        </extensions>
      </trkpt>
      <trkpt lat="-1.02814327" lon="-79.47199547">
        <ele>82.58</ele>
        <time>2026-05-03T17:22:27Z</time>
        <extensions>
          <geotracker:meta c="0.35" s="15.28" />
        </extensions>
      </trkpt>
      <trkpt lat="-1.02801006" lon="-79.47195036">
        <ele>82.07</ele>
        <time>2026-05-03T17:22:28Z</time>
        <extensions>
          <geotracker:meta c="0.39" s="15.33" />
        </extensions>
      </trkpt>
      <trkpt lat="-1.02788891" lon="-79.47189721">
        <ele>82.02</ele>
        <time>2026-05-03T17:22:29Z</time>
        <extensions>
          <geotracker:meta c="0.42" s="14.84" />
        </extensions>
      </trkpt>
      <trkpt lat="-1.02776536" lon="-79.47184307">
        <ele>82.2</ele>
        <time>2026-05-03T17:22:30Z</time>
        <extensions>
          <geotracker:meta c="0.42" s="14.92" />
        </extensions>
      </trkpt>
      <trkpt lat="-1.02764241" lon="-79.47180514">
        <ele>82.13</ele>
        <time>2026-05-03T17:22:31Z</time>
        <extensions>
          <geotracker:meta c="0.36" s="13.91" />
        </extensions>
      </trkpt>
      <trkpt lat="-1.02753047" lon="-79.47176543">
        <ele>82.99</ele>
        <time>2026-05-03T17:22:32Z</time>
        <extensions>
          <geotracker:meta c="0.35" s="12.75" />
        </extensions>
      </trkpt>
      <trkpt lat="-1.02742524" lon="-79.47172256">
        <ele>83.06</ele>
        <time>2026-05-03T17:22:33Z</time>
        <extensions>
          <geotracker:meta c="0.41" s="12.14" />
        </extensions>
      </trkpt>
      <trkpt lat="-1.027324" lon="-79.47168105">
        <ele>83.64</ele>
        <time>2026-05-03T17:22:34Z</time>
        <extensions>
          <geotracker:meta c="0.41" s="11.54" />
        </extensions>
      </trkpt>
      <trkpt lat="-1.02723297" lon="-79.47163876">
        <ele>84.17</ele>
        <time>2026-05-03T17:22:35Z</time>
        <extensions>
          <geotracker:meta c="0.4" s="10.75" />
        </extensions>
      </trkpt>
      <trkpt lat="-1.02714286" lon="-79.47160419">
        <ele>84.65</ele>
        <time>2026-05-03T17:22:36Z</time>
        <extensions>
          <geotracker:meta c="0.41" s="10.16" />
        </extensions>
      </trkpt>
      <trkpt lat="-1.02699762" lon="-79.47154586">
        <ele>84.84</ele>
        <time>2026-05-03T17:22:38Z</time>
        <extensions>
          <geotracker:meta c="0.37" s="7.37" />
        </extensions>
      </trkpt>
      <trkpt lat="-1.0268767" lon="-79.47150482">
        <ele>86.18</ele>
        <time>2026-05-03T17:22:40Z</time>
        <extensions>
          <geotracker:meta c="0.36" s="6.57" />
        </extensions>
      </trkpt>
      <trkpt lat="-1.02676042" lon="-79.47146914">
        <ele>87.66</ele>
        <time>2026-05-03T17:22:42Z</time>
        <extensions>
          <geotracker:meta c="0.43" s="5.74" />
        </extensions>
      </trkpt>
      <trkpt lat="-1.0266374" lon="-79.4714175">
        <ele>87.86</ele>
        <time>2026-05-03T17:22:44Z</time>
        <extensions>
          <geotracker:meta c="0.33" s="8.46" />
        </extensions>
      </trkpt>
      <trkpt lat="-1.02654844" lon="-79.47139452">
        <ele>89.09</ele>
        <time>2026-05-03T17:22:45Z</time>
        <extensions>
          <geotracker:meta c="0.38" s="10.23" />
        </extensions>
      </trkpt>
      <trkpt lat="-1.02645344" lon="-79.47135866">
        <ele>89.8</ele>
        <time>2026-05-03T17:22:46Z</time>
        <extensions>
          <geotracker:meta c="0.37" s="11.78" />
        </extensions>
      </trkpt>
      <trkpt lat="-1.02634957" lon="-79.47131948">
        <ele>89.65</ele>
        <time>2026-05-03T17:22:47Z</time>
        <extensions>
          <geotracker:meta c="0.36" s="13.02" />
        </extensions>
      </trkpt>
      <trkpt lat="-1.02624014" lon="-79.47128417">
        <ele>89.74</ele>
        <time>2026-05-03T17:22:48Z</time>
        <extensions>
          <geotracker:meta c="0.32" s="13.62" />
        </extensions>
      </trkpt>
      <trkpt lat="-1.02611621" lon="-79.47124847">
        <ele>90.75</ele>
        <time>2026-05-03T17:22:49Z</time>
        <extensions>
          <geotracker:meta c="0.24" s="14.85" />
        </extensions>
      </trkpt>
      <trkpt lat="-1.02598335" lon="-79.47121126">
        <ele>91.04</ele>
        <time>2026-05-03T17:22:50Z</time>
        <extensions>
          <geotracker:meta c="0.27" s="15.9" />
        </extensions>
      </trkpt>
      <trkpt lat="-1.02584426" lon="-79.47116385">
        <ele>91.68</ele>
        <time>2026-05-03T17:22:51Z</time>
        <extensions>
          <geotracker:meta c="0.36" s="16.77" />
        </extensions>
      </trkpt>
      <trkpt lat="-1.02569908" lon="-79.47111099">
        <ele>91.96</ele>
        <time>2026-05-03T17:22:52Z</time>
        <extensions>
          <geotracker:meta c="0.37" s="17.06" />
        </extensions>
      </trkpt>
      <trkpt lat="-1.02555794" lon="-79.47105077">
        <ele>91.1</ele>
        <time>2026-05-03T17:22:53Z</time>
        <extensions>
          <geotracker:meta c="0.42" s="18" />
        </extensions>
      </trkpt>
      <trkpt lat="-1.02540736" lon="-79.47098259">
        <ele>91.28</ele>
        <time>2026-05-03T17:22:54Z</time>
        <extensions>
          <geotracker:meta c="0.44" s="18.3" />
        </extensions>
      </trkpt>
      <trkpt lat="-1.02525924" lon="-79.47091081">
        <ele>90.79</ele>
        <time>2026-05-03T17:22:55Z</time>
        <extensions>
          <geotracker:meta c="0.39" s="17.95" />
        </extensions>
      </trkpt>
      <trkpt lat="-1.02510641" lon="-79.47085217">
        <ele>90.41</ele>
        <time>2026-05-03T17:22:56Z</time>
        <extensions>
          <geotracker:meta c="0.37" s="18.59" />
        </extensions>
      </trkpt>
      <trkpt lat="-1.02495494" lon="-79.4707905">
        <ele>89.73</ele>
        <time>2026-05-03T17:22:57Z</time>
        <extensions>
          <geotracker:meta c="0.4" s="18.21" />
        </extensions>
      </trkpt>
      <trkpt lat="-1.02480259" lon="-79.47073633">
        <ele>90.37</ele>
        <time>2026-05-03T17:22:58Z</time>
        <extensions>
          <geotracker:meta c="0.36" s="18.16" />
        </extensions>
      </trkpt>
      <trkpt lat="-1.02465325" lon="-79.47067392">
        <ele>91.25</ele>
        <time>2026-05-03T17:22:59Z</time>
        <extensions>
          <geotracker:meta c="0.38" s="17.94" />
        </extensions>
      </trkpt>
      <trkpt lat="-1.02450327" lon="-79.47060417">
        <ele>91.27</ele>
        <time>2026-05-03T17:23:00Z</time>
        <extensions>
          <geotracker:meta c="0.37" s="17.58" />
        </extensions>
      </trkpt>
      <trkpt lat="-1.02435434" lon="-79.4705366">
        <ele>91.52</ele>
        <time>2026-05-03T17:23:01Z</time>
        <extensions>
          <geotracker:meta c="0.38" s="17.8" />
        </extensions>
      </trkpt>
      <trkpt lat="-1.02420903" lon="-79.47047401">
        <ele>93.17</ele>
        <time>2026-05-03T17:23:02Z</time>
        <extensions>
          <geotracker:meta c="0.36" s="17.64" />
        </extensions>
      </trkpt>
      <trkpt lat="-1.02406017" lon="-79.47042202">
        <ele>93.74</ele>
        <time>2026-05-03T17:23:03Z</time>
        <extensions>
          <geotracker:meta c="0.32" s="17.01" />
        </extensions>
      </trkpt>
      <trkpt lat="-1.02391356" lon="-79.47037191">
        <ele>93.85</ele>
        <time>2026-05-03T17:23:04Z</time>
        <extensions>
          <geotracker:meta c="0.33" s="17.12" />
        </extensions>
      </trkpt>
      <trkpt lat="-1.02377692" lon="-79.47032205">
        <ele>93.56</ele>
        <time>2026-05-03T17:23:05Z</time>
        <extensions>
          <geotracker:meta c="0.32" s="16.55" />
        </extensions>
      </trkpt>
      <trkpt lat="-1.02363789" lon="-79.47027776">
        <ele>93.61</ele>
        <time>2026-05-03T17:23:06Z</time>
        <extensions>
          <geotracker:meta c="0.3" s="15.52" />
        </extensions>
      </trkpt>
      <trkpt lat="-1.02351162" lon="-79.47023583">
        <ele>92.57</ele>
        <time>2026-05-03T17:23:07Z</time>
        <extensions>
          <geotracker:meta c="0.32" s="13.98" />
        </extensions>
      </trkpt>
      <trkpt lat="-1.02338604" lon="-79.47020038">
        <ele>93.88</ele>
        <time>2026-05-03T17:23:08Z</time>
        <extensions>
          <geotracker:meta c="0.36" s="14.52" />
        </extensions>
      </trkpt>
      <trkpt lat="-1.02326469" lon="-79.47016346">
        <ele>93.47</ele>
        <time>2026-05-03T17:23:09Z</time>
        <extensions>
          <geotracker:meta c="0.27" s="13.8" />
        </extensions>
      </trkpt>
      <trkpt lat="-1.02315063" lon="-79.47013257">
        <ele>93.16</ele>
        <time>2026-05-03T17:23:10Z</time>
        <extensions>
          <geotracker:meta c="0.28" s="12.73" />
        </extensions>
      </trkpt>
      <trkpt lat="-1.02304665" lon="-79.47011492">
        <ele>93.2</ele>
        <time>2026-05-03T17:23:11Z</time>
        <extensions>
          <geotracker:meta c="0.19" s="11.37" />
        </extensions>
      </trkpt>
      <trkpt lat="-1.02294317" lon="-79.47009003">
        <ele>92.9</ele>
        <time>2026-05-03T17:23:12Z</time>
        <extensions>
          <geotracker:meta c="0.19" s="11.15" />
        </extensions>
      </trkpt>
      <trkpt lat="-1.0228425" lon="-79.47007555">
        <ele>92.21</ele>
        <time>2026-05-03T17:23:13Z</time>
        <extensions>
          <geotracker:meta c="0.18" s="10.98" />
        </extensions>
      </trkpt>
      <trkpt lat="-1.02268177" lon="-79.47003913">
        <ele>90.67</ele>
        <time>2026-05-03T17:23:15Z</time>
        <extensions>
          <geotracker:meta c="0.18" s="10.84" />
        </extensions>
      </trkpt>
      <trkpt lat="-1.02257814" lon="-79.47002282">
        <ele>90.71</ele>
        <time>2026-05-03T17:23:16Z</time>
        <extensions>
          <geotracker:meta c="0.16" s="11.57" />
        </extensions>
      </trkpt>
      <trkpt lat="-1.02247396" lon="-79.47000473">
        <ele>91.27</ele>
        <time>2026-05-03T17:23:17Z</time>
        <extensions>
          <geotracker:meta c="0.18" s="11.53" />
        </extensions>
      </trkpt>
      <trkpt lat="-1.02237692" lon="-79.46999105">
        <ele>91.84</ele>
        <time>2026-05-03T17:23:18Z</time>
        <extensions>
          <geotracker:meta c="0.17" s="11.39" />
        </extensions>
      </trkpt>
      <trkpt lat="-1.02225933" lon="-79.46996136">
        <ele>92.06</ele>
        <time>2026-05-03T17:23:19Z</time>
        <extensions>
          <geotracker:meta c="0.28" s="12.43" />
        </extensions>
      </trkpt>
      <trkpt lat="-1.02215122" lon="-79.46993824">
        <ele>92.85</ele>
        <time>2026-05-03T17:23:20Z</time>
        <extensions>
          <geotracker:meta c="0.21" s="13.06" />
        </extensions>
      </trkpt>
      <trkpt lat="-1.02203455" lon="-79.469918">
        <ele>92.94</ele>
        <time>2026-05-03T17:23:21Z</time>
        <extensions>
          <geotracker:meta c="0.13" s="12.85" />
        </extensions>
      </trkpt>
      <trkpt lat="-1.02192297" lon="-79.46990085">
        <ele>93.47</ele>
        <time>2026-05-03T17:23:22Z</time>
        <extensions>
          <geotracker:meta c="0.14" s="12.13" />
        </extensions>
      </trkpt>
      <trkpt lat="-1.02182044" lon="-79.46988341">
        <ele>92.43</ele>
        <time>2026-05-03T17:23:23Z</time>
        <extensions>
          <geotracker:meta c="0.17" s="11.61" />
        </extensions>
      </trkpt>
      <trkpt lat="-1.02171396" lon="-79.46986712">
        <ele>91.76</ele>
        <time>2026-05-03T17:23:24Z</time>
        <extensions>
          <geotracker:meta c="0.16" s="11.18" />
        </extensions>
      </trkpt>
      <trkpt lat="-1.02161749" lon="-79.46984894">
        <ele>91.91</ele>
        <time>2026-05-03T17:23:25Z</time>
        <extensions>
          <geotracker:meta c="0.16" s="10.77" />
        </extensions>
      </trkpt>
      <trkpt lat="-1.02145327" lon="-79.46982033">
        <ele>91.88</ele>
        <time>2026-05-03T17:23:27Z</time>
        <extensions>
          <geotracker:meta c="0.15" s="8.64" />
        </extensions>
      </trkpt>
      <trkpt lat="-1.02133362" lon="-79.46981439">
        <ele>95.12</ele>
        <time>2026-05-03T17:23:29Z</time>
        <extensions>
          <geotracker:meta c="0.12" s="6" />
        </extensions>
      </trkpt>
      <trkpt lat="-1.02121499" lon="-79.46979923">
        <ele>93.71</ele>
        <time>2026-05-03T17:23:32Z</time>
        <extensions>
          <geotracker:meta c="6.18" s="3.31" />
        </extensions>
      </trkpt>
      <trkpt lat="-1.0211179" lon="-79.46980318">
        <ele>93.51</ele>
        <time>2026-05-03T17:23:37Z</time>
        <extensions>
          <geotracker:meta c="0.16" s="0.8" />
        </extensions>
      </trkpt>
      <trkpt lat="-1.02099157" lon="-79.46976967">
        <ele>94.14</ele>
        <time>2026-05-03T17:23:40Z</time>
        <extensions>
          <geotracker:meta c="0.18" s="5.88" />
        </extensions>
      </trkpt>
      <trkpt lat="-1.02088138" lon="-79.46975757">
        <ele>95.99</ele>
        <time>2026-05-03T17:23:42Z</time>
        <extensions>
          <geotracker:meta c="0.19" s="6.7" />
        </extensions>
      </trkpt>
      <trkpt lat="-1.02074016" lon="-79.46973806">
        <ele>96.53</ele>
        <time>2026-05-03T17:23:44Z</time>
        <extensions>
          <geotracker:meta c="0.15" s="8.96" />
        </extensions>
      </trkpt>
      <trkpt lat="-1.02058645" lon="-79.46970853">
        <ele>95.65</ele>
        <time>2026-05-03T17:23:46Z</time>
        <extensions>
          <geotracker:meta c="0.14" s="8.44" />
        </extensions>
      </trkpt>
      <trkpt lat="-1.02043441" lon="-79.46969282">
        <ele>95.57</ele>
        <time>2026-05-03T17:23:48Z</time>
        <extensions>
          <geotracker:meta c="0.08" s="9.57" />
        </extensions>
      </trkpt>
      <trkpt lat="-1.02026736" lon="-79.46965069">
        <ele>94.28</ele>
        <time>2026-05-03T17:23:50Z</time>
        <extensions>
          <geotracker:meta c="0.16" s="10.32" />
        </extensions>
      </trkpt>
      <trkpt lat="-1.02009135" lon="-79.46961291">
        <ele>96.35</ele>
        <time>2026-05-03T17:23:52Z</time>
        <extensions>
          <geotracker:meta c="0.15" s="10.48" />
        </extensions>
      </trkpt>
      <trkpt lat="-1.02000008" lon="-79.46959972">
        <ele>96.4</ele>
        <time>2026-05-03T17:23:53Z</time>
        <extensions>
          <geotracker:meta c="0.19" s="10.38" />
        </extensions>
      </trkpt>
      <trkpt lat="-1.01990772" lon="-79.46957991">
        <ele>96.6</ele>
        <time>2026-05-03T17:23:54Z</time>
        <extensions>
          <geotracker:meta c="0.27" s="10.97" />
        </extensions>
      </trkpt>
      <trkpt lat="-1.01980383" lon="-79.46955978">
        <ele>98.06</ele>
        <time>2026-05-03T17:23:55Z</time>
        <extensions>
          <geotracker:meta c="0.24" s="11.12" />
        </extensions>
      </trkpt>
      <trkpt lat="-1.01971021" lon="-79.46952879">
        <ele>97.66</ele>
        <time>2026-05-03T17:23:56Z</time>
        <extensions>
          <geotracker:meta c="0.37" s="10.59" />
        </extensions>
      </trkpt>
      <trkpt lat="-1.01961371" lon="-79.46950541">
        <ele>97.34</ele>
        <time>2026-05-03T17:23:57Z</time>
        <extensions>
          <geotracker:meta c="0.27" s="11.41" />
        </extensions>
      </trkpt>
      <trkpt lat="-1.01950738" lon="-79.46948343">
        <ele>98.07</ele>
        <time>2026-05-03T17:23:58Z</time>
        <extensions>
          <geotracker:meta c="0.23" s="12.45" />
        </extensions>
      </trkpt>
      <trkpt lat="-1.01939715" lon="-79.46945063">
        <ele>98.07</ele>
        <time>2026-05-03T17:23:59Z</time>
        <extensions>
          <geotracker:meta c="0.34" s="12.92" />
        </extensions>
      </trkpt>
      <trkpt lat="-1.01928765" lon="-79.46941496">
        <ele>98.11</ele>
        <time>2026-05-03T17:24:00Z</time>
        <extensions>
          <geotracker:meta c="0.32" s="12.76" />
        </extensions>
      </trkpt>
      <trkpt lat="-1.01917147" lon="-79.46937434">
        <ele>98.68</ele>
        <time>2026-05-03T17:24:01Z</time>
        <extensions>
          <geotracker:meta c="0.34" s="13.07" />
        </extensions>
      </trkpt>
      <trkpt lat="-1.01904913" lon="-79.46932382">
        <ele>99.49</ele>
        <time>2026-05-03T17:24:02Z</time>
        <extensions>
          <geotracker:meta c="0.42" s="15.09" />
        </extensions>
      </trkpt>
      <trkpt lat="-1.01892668" lon="-79.46926674">
        <ele>99.15</ele>
        <time>2026-05-03T17:24:03Z</time>
        <extensions>
          <geotracker:meta c="0.5" s="15.14" />
        </extensions>
      </trkpt>
      <trkpt lat="-1.01880705" lon="-79.46919392">
        <ele>99.19</ele>
        <time>2026-05-03T17:24:04Z</time>
        <extensions>
          <geotracker:meta c="0.55" s="15.12" />
        </extensions>
      </trkpt>
      <trkpt lat="-1.01868905" lon="-79.46912206">
        <ele>99.76</ele>
        <time>2026-05-03T17:24:05Z</time>
        <extensions>
          <geotracker:meta c="0.56" s="15.18" />
        </extensions>
      </trkpt>
      <trkpt lat="-1.01856742" lon="-79.46905548">
        <ele>98.25</ele>
        <time>2026-05-03T17:24:06Z</time>
        <extensions>
          <geotracker:meta c="0.54" s="15.25" />
        </extensions>
      </trkpt>
      <trkpt lat="-1.01845253" lon="-79.46898738">
        <ele>97.31</ele>
        <time>2026-05-03T17:24:07Z</time>
        <extensions>
          <geotracker:meta c="0.57" s="14.12" />
        </extensions>
      </trkpt>
      <trkpt lat="-1.01833965" lon="-79.46891468">
        <ele>97.53</ele>
        <time>2026-05-03T17:24:08Z</time>
        <extensions>
          <geotracker:meta c="0.58" s="14.67" />
        </extensions>
      </trkpt>
      <trkpt lat="-1.01822452" lon="-79.46883547">
        <ele>97.49</ele>
        <time>2026-05-03T17:24:09Z</time>
        <extensions>
          <geotracker:meta c="0.63" s="15.42" />
        </extensions>
      </trkpt>
      <trkpt lat="-1.01810903" lon="-79.46875204">
        <ele>97.86</ele>
        <time>2026-05-03T17:24:10Z</time>
        <extensions>
          <geotracker:meta c="0.64" s="16" />
        </extensions>
      </trkpt>
      <trkpt lat="-1.01799366" lon="-79.4686687">
        <ele>97.72</ele>
        <time>2026-05-03T17:24:11Z</time>
        <extensions>
          <geotracker:meta c="0.64" s="16.05" />
        </extensions>
      </trkpt>
      <trkpt lat="-1.01787506" lon="-79.46858747">
        <ele>97.13</ele>
        <time>2026-05-03T17:24:12Z</time>
        <extensions>
          <geotracker:meta c="0.63" s="16.31" />
        </extensions>
      </trkpt>
      <trkpt lat="-1.0177477" lon="-79.46850545">
        <ele>97.26</ele>
        <time>2026-05-03T17:24:13Z</time>
        <extensions>
          <geotracker:meta c="0.6" s="16.8" />
        </extensions>
      </trkpt>
      <trkpt lat="-1.01762844" lon="-79.46841806">
        <ele>97.08</ele>
        <time>2026-05-03T17:24:14Z</time>
        <extensions>
          <geotracker:meta c="0.6" s="16.72" />
        </extensions>
      </trkpt>
      <trkpt lat="-1.01748546" lon="-79.46832607">
        <ele>97.94</ele>
        <time>2026-05-03T17:24:15Z</time>
        <extensions>
          <geotracker:meta c="0.61" s="18.04" />
        </extensions>
      </trkpt>
      <trkpt lat="-1.01734741" lon="-79.46822371">
        <ele>97.68</ele>
        <time>2026-05-03T17:24:16Z</time>
        <extensions>
          <geotracker:meta c="0.69" s="18.51" />
        </extensions>
      </trkpt>
      <trkpt lat="-1.01721432" lon="-79.46811975">
        <ele>98.28</ele>
        <time>2026-05-03T17:24:17Z</time>
        <extensions>
          <geotracker:meta c="0.67" s="18.59" />
        </extensions>
      </trkpt>
      <trkpt lat="-1.01708757" lon="-79.468023">
        <ele>98.31</ele>
        <time>2026-05-03T17:24:18Z</time>
        <extensions>
          <geotracker:meta c="0.65" s="17.64" />
        </extensions>
      </trkpt>
      <trkpt lat="-1.01695997" lon="-79.46792524">
        <ele>98.37</ele>
        <time>2026-05-03T17:24:19Z</time>
        <extensions>
          <geotracker:meta c="0.66" s="17.79" />
        </extensions>
      </trkpt>
      <trkpt lat="-1.01684865" lon="-79.46785223">
        <ele>96.6</ele>
        <time>2026-05-03T17:24:20Z</time>
        <extensions>
          <geotracker:meta c="0.58" s="16.56" />
        </extensions>
      </trkpt>
      <trkpt lat="-1.01672236" lon="-79.46777463">
        <ele>96.87</ele>
        <time>2026-05-03T17:24:21Z</time>
        <extensions>
          <geotracker:meta c="0.52" s="16.3" />
        </extensions>
      </trkpt>
      <trkpt lat="-1.01656861" lon="-79.46769337">
        <ele>95.28</ele>
        <time>2026-05-03T17:24:22Z</time>
        <extensions>
          <geotracker:meta c="0.48" s="17.01" />
        </extensions>
      </trkpt>
      <trkpt lat="-1.01643935" lon="-79.4676266">
        <ele>96.87</ele>
        <time>2026-05-03T17:24:23Z</time>
        <extensions>
          <geotracker:meta c="0.44" s="16.25" />
        </extensions>
      </trkpt>
      <trkpt lat="-1.01631774" lon="-79.46756463">
        <ele>98.52</ele>
        <time>2026-05-03T17:24:24Z</time>
        <extensions>
          <geotracker:meta c="0.44" s="15.3" />
        </extensions>
      </trkpt>
      <trkpt lat="-1.01618534" lon="-79.46749942">
        <ele>98.4</ele>
        <time>2026-05-03T17:24:25Z</time>
        <extensions>
          <geotracker:meta c="0.39" s="14.77" />
        </extensions>
      </trkpt>
      <trkpt lat="-1.01606063" lon="-79.46745347">
        <ele>99.4</ele>
        <time>2026-05-03T17:24:26Z</time>
        <extensions>
          <geotracker:meta c="0.36" s="14.2" />
        </extensions>
      </trkpt>
      <trkpt lat="-1.01594565" lon="-79.46741431">
        <ele>98.98</ele>
        <time>2026-05-03T17:24:27Z</time>
        <extensions>
          <geotracker:meta c="0.31" s="13.15" />
        </extensions>
      </trkpt>
      <trkpt lat="-1.01583904" lon="-79.46738815">
        <ele>98.08</ele>
        <time>2026-05-03T17:24:28Z</time>
        <extensions>
          <geotracker:meta c="0.29" s="12.05" />
        </extensions>
      </trkpt>
      <trkpt lat="-1.01574119" lon="-79.46735699">
        <ele>99.94</ele>
        <time>2026-05-03T17:24:29Z</time>
        <extensions>
          <geotracker:meta c="0.23" s="10.81" />
        </extensions>
      </trkpt>
      <trkpt lat="-1.0156482" lon="-79.46734005">
        <ele>101.07</ele>
        <time>2026-05-03T17:24:30Z</time>
        <extensions>
          <geotracker:meta c="0.13" s="9.5" />
        </extensions>
      </trkpt>
      <trkpt lat="-1.01548729" lon="-79.46730436">
        <ele>101.37</ele>
        <time>2026-05-03T17:24:32Z</time>
        <extensions>
          <geotracker:meta c="0.24" s="8.63" />
        </extensions>
      </trkpt>
      <trkpt lat="-1.01535781" lon="-79.46727679">
        <ele>100.35</ele>
        <time>2026-05-03T17:24:34Z</time>
        <extensions>
          <geotracker:meta c="0.27" s="6.86" />
        </extensions>
      </trkpt>
      <trkpt lat="-1.01525538" lon="-79.46725677">
        <ele>99.59</ele>
        <time>2026-05-03T17:24:36Z</time>
        <extensions>
          <geotracker:meta c="0.13" s="5.69" />
        </extensions>
      </trkpt>
      <trkpt lat="-1.01515104" lon="-79.46724184">
        <ele>99.49</ele>
        <time>2026-05-03T17:24:38Z</time>
        <extensions>
          <geotracker:meta c="0.02" s="5.58" />
        </extensions>
      </trkpt>
      <trkpt lat="-1.0150077" lon="-79.4672459">
        <ele>96.88</ele>
        <time>2026-05-03T17:24:40Z</time>
        <extensions>
          <geotracker:meta c="0.01" s="9.08" />
        </extensions>
      </trkpt>
      <trkpt lat="-1.01485123" lon="-79.4672179">
        <ele>97.05</ele>
        <time>2026-05-03T17:24:42Z</time>
        <extensions>
          <geotracker:meta c="0.17" s="9.15" />
        </extensions>
      </trkpt>
      <trkpt lat="-1.01471071" lon="-79.46716272">
        <ele>96.29</ele>
        <time>2026-05-03T17:24:44Z</time>
        <extensions>
          <geotracker:meta c="0.47" s="9.06" />
        </extensions>
      </trkpt>
      <trkpt lat="-1.01459606" lon="-79.46707372">
        <ele>96.75</ele>
        <time>2026-05-03T17:24:46Z</time>
        <extensions>
          <geotracker:meta c="0.8" s="9.59" />
        </extensions>
      </trkpt>
      <trkpt lat="-1.01448437" lon="-79.46694923">
        <ele>97.48</ele>
        <time>2026-05-03T17:24:48Z</time>
        <extensions>
          <geotracker:meta c="0.86" s="9.08" />
        </extensions>
      </trkpt>
      <trkpt lat="-1.01435768" lon="-79.46685966">
        <ele>96.32</ele>
        <time>2026-05-03T17:24:50Z</time>
        <extensions>
          <geotracker:meta c="0.63" s="9.38" />
        </extensions>
      </trkpt>
      <trkpt lat="-1.01418874" lon="-79.46685292">
        <ele>94.31</ele>
        <time>2026-05-03T17:24:52Z</time>
        <extensions>
          <geotracker:meta c="6.17" s="8.16" />
        </extensions>
      </trkpt>
      <trkpt lat="-1.01409571" lon="-79.46685608">
        <ele>94.3</ele>
        <time>2026-05-03T17:24:53Z</time>
        <extensions>
          <geotracker:meta c="6.08" s="9.37" />
        </extensions>
      </trkpt>
      <trkpt lat="-1.01392425" lon="-79.46688576">
        <ele>95.93</ele>
        <time>2026-05-03T17:24:55Z</time>
        <extensions>
          <geotracker:meta c="6.09" s="10.3" />
        </extensions>
      </trkpt>
      <trkpt lat="-1.01382686" lon="-79.46690329">
        <ele>96.4</ele>
        <time>2026-05-03T17:24:56Z</time>
        <extensions>
          <geotracker:meta c="6.11" s="11.15" />
        </extensions>
      </trkpt>
      <trkpt lat="-1.01372998" lon="-79.46692257">
        <ele>97</ele>
        <time>2026-05-03T17:24:57Z</time>
        <extensions>
          <geotracker:meta c="6.1" s="11.22" />
        </extensions>
      </trkpt>
      <trkpt lat="-1.0136141" lon="-79.4669445">
        <ele>96.34</ele>
        <time>2026-05-03T17:24:58Z</time>
        <extensions>
          <geotracker:meta c="6.11" s="12.54" />
        </extensions>
      </trkpt>
      <trkpt lat="-1.01350367" lon="-79.46696073">
        <ele>96.66</ele>
        <time>2026-05-03T17:24:59Z</time>
        <extensions>
          <geotracker:meta c="6.16" s="13.04" />
        </extensions>
      </trkpt>
      <trkpt lat="-1.01337907" lon="-79.46697518">
        <ele>96.84</ele>
        <time>2026-05-03T17:25:00Z</time>
        <extensions>
          <geotracker:meta c="6.18" s="14.14" />
        </extensions>
      </trkpt>
      <trkpt lat="-1.01324623" lon="-79.46699971">
        <ele>97.69</ele>
        <time>2026-05-03T17:25:01Z</time>
        <extensions>
          <geotracker:meta c="6.12" s="15.21" />
        </extensions>
      </trkpt>
      <trkpt lat="-1.01311365" lon="-79.46701428">
        <ele>98.15</ele>
        <time>2026-05-03T17:25:02Z</time>
        <extensions>
          <geotracker:meta c="6.15" s="15.33" />
        </extensions>
      </trkpt>
      <trkpt lat="-1.01298017" lon="-79.46702059">
        <ele>98.43</ele>
        <time>2026-05-03T17:25:03Z</time>
        <extensions>
          <geotracker:meta c="6.27" s="14.72" />
        </extensions>
      </trkpt>
      <trkpt lat="-1.01285431" lon="-79.46702147">
        <ele>98.73</ele>
        <time>2026-05-03T17:25:04Z</time>
        <extensions>
          <geotracker:meta c="0.02" s="13.87" />
        </extensions>
      </trkpt>
      <trkpt lat="-1.01272694" lon="-79.46701579">
        <ele>98.68</ele>
        <time>2026-05-03T17:25:05Z</time>
        <extensions>
          <geotracker:meta c="0.06" s="13.78" />
        </extensions>
      </trkpt>
      <trkpt lat="-1.01260594" lon="-79.46700231">
        <ele>98.73</ele>
        <time>2026-05-03T17:25:06Z</time>
        <extensions>
          <geotracker:meta c="0.09" s="13.25" />
        </extensions>
      </trkpt>
      <trkpt lat="-1.01248412" lon="-79.4669981">
        <ele>98.75</ele>
        <time>2026-05-03T17:25:07Z</time>
        <extensions>
          <geotracker:meta c="0.08" s="12.85" />
        </extensions>
      </trkpt>
      <trkpt lat="-1.01237257" lon="-79.46698773">
        <ele>99.52</ele>
        <time>2026-05-03T17:25:08Z</time>
        <extensions>
          <geotracker:meta c="0.05" s="12.54" />
        </extensions>
      </trkpt>
      <trkpt lat="-1.01227202" lon="-79.46698673">
        <ele>99.97</ele>
        <time>2026-05-03T17:25:09Z</time>
        <extensions>
          <geotracker:meta c="0.02" s="11.26" />
        </extensions>
      </trkpt>
      <trkpt lat="-1.01216831" lon="-79.46698044">
        <ele>100.46</ele>
        <time>2026-05-03T17:25:10Z</time>
        <extensions>
          <geotracker:meta c="0.06" s="11.93" />
        </extensions>
      </trkpt>
      <trkpt lat="-1.01207494" lon="-79.46696718">
        <ele>100.17</ele>
        <time>2026-05-03T17:25:11Z</time>
        <extensions>
          <geotracker:meta c="0.14" s="9.91" />
        </extensions>
      </trkpt>
      <trkpt lat="-1.01198281" lon="-79.46695397">
        <ele>100.19</ele>
        <time>2026-05-03T17:25:12Z</time>
        <extensions>
          <geotracker:meta c="0.14" s="10.25" />
        </extensions>
      </trkpt>
      <trkpt lat="-1.01183282" lon="-79.46693819">
        <ele>100.48</ele>
        <time>2026-05-03T17:25:14Z</time>
        <extensions>
          <geotracker:meta c="0.09" s="7.91" />
        </extensions>
      </trkpt>
      <trkpt lat="-1.01168736" lon="-79.46691947">
        <ele>100.98</ele>
        <time>2026-05-03T17:25:16Z</time>
        <extensions>
          <geotracker:meta c="0.17" s="7.88" />
        </extensions>
      </trkpt>
      <trkpt lat="-1.01153423" lon="-79.46690906">
        <ele>101.93</ele>
        <time>2026-05-03T17:25:18Z</time>
        <extensions>
          <geotracker:meta c="0.07" s="8.27" />
        </extensions>
      </trkpt>
      <trkpt lat="-1.0113948" lon="-79.46689659">
        <ele>100.88</ele>
        <time>2026-05-03T17:25:20Z</time>
        <extensions>
          <geotracker:meta c="0.11" s="7.61" />
        </extensions>
      </trkpt>
      <trkpt lat="-1.01125173" lon="-79.46688321">
        <ele>101.05</ele>
        <time>2026-05-03T17:25:22Z</time>
        <extensions>
          <geotracker:meta c="0.08" s="7.94" />
        </extensions>
      </trkpt>
      <trkpt lat="-1.01112034" lon="-79.46687313">
        <ele>100.28</ele>
        <time>2026-05-03T17:25:24Z</time>
        <extensions>
          <geotracker:meta c="0.1" s="6.67" />
        </extensions>
      </trkpt>
      <trkpt lat="-1.01101826" lon="-79.46686208">
        <ele>100.74</ele>
        <time>2026-05-03T17:25:26Z</time>
        <extensions>
          <geotracker:meta c="0.14" s="4.37" />
        </extensions>
      </trkpt>
      <trkpt lat="-1.01088427" lon="-79.4668724">
        <ele>100.03</ele>
        <time>2026-05-03T17:25:29Z</time>
        <extensions>
          <geotracker:meta c="6.07" s="6.33" />
        </extensions>
      </trkpt>
      <trkpt lat="-1.01079036" lon="-79.46695123">
        <ele>101.31</ele>
        <time>2026-05-03T17:25:31Z</time>
        <extensions>
          <geotracker:meta c="5.28" s="7.66" />
        </extensions>
      </trkpt>
      <trkpt lat="-1.01073992" lon="-79.46708879">
        <ele>100.52</ele>
        <time>2026-05-03T17:25:33Z</time>
        <extensions>
          <geotracker:meta c="4.98" s="9.57" />
        </extensions>
      </trkpt>
      <trkpt lat="-1.01071934" lon="-79.46717691">
        <ele>101.01</ele>
        <time>2026-05-03T17:25:34Z</time>
        <extensions>
          <geotracker:meta c="4.87" s="10.18" />
        </extensions>
      </trkpt>
      <trkpt lat="-1.01069002" lon="-79.46735307">
        <ele>101.62</ele>
        <time>2026-05-03T17:25:36Z</time>
        <extensions>
          <geotracker:meta c="4.82" s="9.99" />
        </extensions>
      </trkpt>
      <trkpt lat="-1.01067415" lon="-79.46751824">
        <ele>101.38</ele>
        <time>2026-05-03T17:25:38Z</time>
        <extensions>
          <geotracker:meta c="4.78" s="8.38" />
        </extensions>
      </trkpt>
      <trkpt lat="-1.0106713" lon="-79.46768267">
        <ele>100.64</ele>
        <time>2026-05-03T17:25:40Z</time>
        <extensions>
          <geotracker:meta c="4.7" s="9.4" />
        </extensions>
      </trkpt>
      <trkpt lat="-1.01065479" lon="-79.4678527">
        <ele>100.92</ele>
        <time>2026-05-03T17:25:42Z</time>
        <extensions>
          <geotracker:meta c="4.85" s="9.36" />
        </extensions>
      </trkpt>
      <trkpt lat="-1.01064396" lon="-79.46801332">
        <ele>99.86</ele>
        <time>2026-05-03T17:25:44Z</time>
        <extensions>
          <geotracker:meta c="4.83" s="8.31" />
        </extensions>
      </trkpt>
    </trkseg>
    <trkseg>
      <trkpt lat="-1.02250746" lon="-79.46596386">
        <ele>70.67</ele>
        <time>2026-05-03T17:28:30Z</time>
        <extensions>
          <geotracker:meta c="3.57" s="2.34" />
        </extensions>
      </trkpt>
      <trkpt lat="-1.02259586" lon="-79.46598824">
        <ele>76.2</ele>
        <time>2026-05-03T17:28:45Z</time>
        <extensions>
          <geotracker:meta c="3.53" s="0.71" />
        </extensions>
      </trkpt>
      <trkpt lat="-1.02268506" lon="-79.46602399">
        <ele>77.63</ele>
        <time>2026-05-03T17:28:48Z</time>
        <extensions>
          <geotracker:meta c="3.43" s="4.57" />
        </extensions>
      </trkpt>
      <trkpt lat="-1.02281344" lon="-79.46606785">
        <ele>77.48</ele>
        <time>2026-05-03T17:28:51Z</time>
        <extensions>
          <geotracker:meta c="3.59" s="6.12" />
        </extensions>
      </trkpt>
      <trkpt lat="-1.02294527" lon="-79.46608907">
        <ele>77.85</ele>
        <time>2026-05-03T17:28:53Z</time>
        <extensions>
          <geotracker:meta c="3.38" s="7.07" />
        </extensions>
      </trkpt>
      <trkpt lat="-1.02306705" lon="-79.46613653">
        <ele>77.8</ele>
        <time>2026-05-03T17:28:55Z</time>
        <extensions>
          <geotracker:meta c="3.54" s="7.9" />
        </extensions>
      </trkpt>
      <trkpt lat="-1.02320761" lon="-79.46618884">
        <ele>79.87</ele>
        <time>2026-05-03T17:28:57Z</time>
        <extensions>
          <geotracker:meta c="3.5" s="7.28" />
        </extensions>
      </trkpt>
      <trkpt lat="-1.02333913" lon="-79.46622917">
        <ele>79.87</ele>
        <time>2026-05-03T17:28:59Z</time>
        <extensions>
          <geotracker:meta c="3.45" s="7.54" />
        </extensions>
      </trkpt>
      <trkpt lat="-1.02347457" lon="-79.46628296">
        <ele>81.23</ele>
        <time>2026-05-03T17:29:01Z</time>
        <extensions>
          <geotracker:meta c="3.49" s="7.68" />
        </extensions>
      </trkpt>
      <trkpt lat="-1.02359823" lon="-79.46632052">
        <ele>81.41</ele>
        <time>2026-05-03T17:29:03Z</time>
        <extensions>
          <geotracker:meta c="3.49" s="6.87" />
        </extensions>
      </trkpt>
      <trkpt lat="-1.02370884" lon="-79.46636133">
        <ele>79.58</ele>
        <time>2026-05-03T17:29:05Z</time>
        <extensions>
          <geotracker:meta c="3.44" s="6.92" />
        </extensions>
      </trkpt>
      <trkpt lat="-1.02382541" lon="-79.46640613">
        <ele>81.82</ele>
        <time>2026-05-03T17:29:07Z</time>
        <extensions>
          <geotracker:meta c="3.44" s="7.25" />
        </extensions>
      </trkpt>
      <trkpt lat="-1.02392852" lon="-79.4664579">
        <ele>84.16</ele>
        <time>2026-05-03T17:29:09Z</time>
        <extensions>
          <geotracker:meta c="3.54" s="5.03" />
        </extensions>
      </trkpt>
      <trkpt lat="-1.02401895" lon="-79.46649065">
        <ele>88.83</ele>
        <time>2026-05-03T17:29:11Z</time>
        <extensions>
          <geotracker:meta c="3.55" s="4.44" />
        </extensions>
      </trkpt>
      <trkpt lat="-1.02412282" lon="-79.46651078">
        <ele>86.53</ele>
        <time>2026-05-03T17:29:15Z</time>
        <extensions>
          <geotracker:meta c="3.44" s="1.96" />
        </extensions>
      </trkpt>
      <trkpt lat="-1.02422052" lon="-79.46657184">
        <ele>73.67</ele>
        <time>2026-05-03T17:29:38Z</time>
        <extensions>
          <geotracker:meta c="3.42" s="3.22" />
        </extensions>
      </trkpt>
      <trkpt lat="-1.02430969" lon="-79.46659277">
        <ele>72.22</ele>
        <time>2026-05-03T17:29:41Z</time>
        <extensions>
          <geotracker:meta c="3.32" s="3.46" />
        </extensions>
      </trkpt>
      <trkpt lat="-1.02440185" lon="-79.46663173">
        <ele>70.95</ele>
        <time>2026-05-03T17:29:45Z</time>
        <extensions>
          <geotracker:meta c="3.73" s="2.34" />
        </extensions>
      </trkpt>
      <trkpt lat="-1.0244841" lon="-79.46667161">
        <ele>70.79</ele>
        <time>2026-05-03T17:29:49Z</time>
        <extensions>
          <geotracker:meta c="3.37" s="3.03" />
        </extensions>
      </trkpt>
      <trkpt lat="-1.02455878" lon="-79.4665676">
        <ele>71.89</ele>
        <time>2026-05-03T17:29:52Z</time>
        <extensions>
          <geotracker:meta c="1.86" s="5.28" />
        </extensions>
      </trkpt>
      <trkpt lat="-1.02457894" lon="-79.46645995">
        <ele>74.96</ele>
        <time>2026-05-03T17:29:54Z</time>
        <extensions>
          <geotracker:meta c="1.79" s="5.93" />
        </extensions>
      </trkpt>
      <trkpt lat="-1.02460837" lon="-79.46636325">
        <ele>75.22</ele>
        <time>2026-05-03T17:29:56Z</time>
        <extensions>
          <geotracker:meta c="1.93" s="5.31" />
        </extensions>
      </trkpt>
      <trkpt lat="-1.02464638" lon="-79.46627761">
        <ele>75.03</ele>
        <time>2026-05-03T17:29:58Z</time>
        <extensions>
          <geotracker:meta c="1.85" s="4.75" />
        </extensions>
      </trkpt>
      <trkpt lat="-1.02468539" lon="-79.46617481">
        <ele>76.7</ele>
        <time>2026-05-03T17:30:01Z</time>
        <extensions>
          <geotracker:meta c="1.96" s="3.63" />
        </extensions>
      </trkpt>
      <trkpt lat="-1.02468767" lon="-79.46606877">
        <ele>76.16</ele>
        <time>2026-05-03T17:30:05Z</time>
        <extensions>
          <geotracker:meta c="1.08" s="3.9" />
        </extensions>
      </trkpt>
      <trkpt lat="-1.02459753" lon="-79.46600136">
        <ele>73.53</ele>
        <time>2026-05-03T17:30:07Z</time>
        <extensions>
          <geotracker:meta c="0.55" s="7.31" />
        </extensions>
      </trkpt>
      <trkpt lat="-1.02447166" lon="-79.46595315">
        <ele>73.37</ele>
        <time>2026-05-03T17:30:09Z</time>
        <extensions>
          <geotracker:meta c="0.4" s="7.49" />
        </extensions>
      </trkpt>
      <trkpt lat="-1.0243933" lon="-79.46585897">
        <ele>75.29</ele>
        <time>2026-05-03T17:30:12Z</time>
        <extensions>
          <geotracker:meta c="1.52" s="4.14" />
        </extensions>
      </trkpt>
      <trkpt lat="-1.02429395" lon="-79.46579239">
        <ele>72.36</ele>
        <time>2026-05-03T17:30:18Z</time>
        <extensions>
          <geotracker:meta c="0.68" s="1.68" />
        </extensions>
      </trkpt>
      <trkpt lat="-1.02404469" lon="-79.46580543">
        <ele>76.2</ele>
        <time>2026-05-03T17:30:20Z</time>
        <extensions>
          <geotracker:meta c="0.15" s="6.01" />
        </extensions>
      </trkpt>
      <trkpt lat="-1.02389279" lon="-79.46578351">
        <ele>77.35</ele>
        <time>2026-05-03T17:30:21Z</time>
        <extensions>
          <geotracker:meta c="0.24" s="10.6" />
        </extensions>
      </trkpt>
      <trkpt lat="-1.0237375" lon="-79.4657318">
        <ele>77.85</ele>
        <time>2026-05-03T17:30:22Z</time>
        <extensions>
          <geotracker:meta c="0.25" s="9.58" />
        </extensions>
      </trkpt>
      <trkpt lat="-1.02352708" lon="-79.46565913">
        <ele>77.5</ele>
        <time>2026-05-03T17:30:24Z</time>
        <extensions>
          <geotracker:meta c="0.3" s="9.2" />
        </extensions>
      </trkpt>
      <trkpt lat="-1.02339417" lon="-79.46558267">
        <ele>79.61</ele>
        <time>2026-05-03T17:30:26Z</time>
        <extensions>
          <geotracker:meta c="0.48" s="8.92" />
        </extensions>
      </trkpt>
      <trkpt lat="-1.02327054" lon="-79.46556561">
        <ele>79.32</ele>
        <time>2026-05-03T17:30:28Z</time>
        <extensions>
          <geotracker:meta c="0.28" s="6.59" />
        </extensions>
      </trkpt>
      <trkpt lat="-1.02314997" lon="-79.46553969">
        <ele>80.2</ele>
        <time>2026-05-03T17:30:31Z</time>
        <extensions>
          <geotracker:meta c="0.26" s="3.14" />
        </extensions>
      </trkpt>
      <trkpt lat="-1.02305622" lon="-79.46555353">
        <ele>78.23</ele>
        <time>2026-05-03T17:30:39Z</time>
        <extensions>
          <geotracker:meta s="0" />
        </extensions>
      </trkpt>
      <trkpt lat="-1.02294546" lon="-79.46557207">
        <ele>81.46</ele>
        <time>2026-05-03T17:30:57Z</time>
        <extensions>
          <geotracker:meta c="0.06" s="3.2" />
        </extensions>
      </trkpt>
      <trkpt lat="-1.02283651" lon="-79.4655375">
        <ele>82.7</ele>
        <time>2026-05-03T17:30:59Z</time>
        <extensions>
          <geotracker:meta c="0.22" s="4.58" />
        </extensions>
      </trkpt>
      <trkpt lat="-1.02274829" lon="-79.4654864">
        <ele>86.7</ele>
        <time>2026-05-03T17:31:00Z</time>
        <extensions>
          <geotracker:meta c="0.34" s="6.41" />
        </extensions>
      </trkpt>
      <trkpt lat="-1.02262103" lon="-79.4654396">
        <ele>85.33</ele>
        <time>2026-05-03T17:31:02Z</time>
        <extensions>
          <geotracker:meta c="0.35" s="7.25" />
        </extensions>
      </trkpt>
      <trkpt lat="-1.02240559" lon="-79.46516967">
        <ele>85.52</ele>
        <time>2026-05-03T17:31:08Z</time>
        <extensions>
          <geotracker:meta c="0.95" s="4.6" />
        </extensions>
      </trkpt>
      <trkpt lat="-1.02252087" lon="-79.46517319">
        <ele>84.81</ele>
        <time>2026-05-03T17:31:09Z</time>
        <extensions>
          <geotracker:meta c="2.21" s="3.94" />
        </extensions>
      </trkpt>
      <trkpt lat="-1.02248096" lon="-79.46505492">
        <ele>86.1</ele>
        <time>2026-05-03T17:31:12Z</time>
        <extensions>
          <geotracker:meta c="1.54" s="3.51" />
        </extensions>
      </trkpt>
      <trkpt lat="-1.02242173" lon="-79.46497669">
        <ele>87.04</ele>
        <time>2026-05-03T17:31:16Z</time>
        <extensions>
          <geotracker:meta c="0.55" s="3.2" />
        </extensions>
      </trkpt>
      <trkpt lat="-1.02230236" lon="-79.46495255">
        <ele>85.4</ele>
        <time>2026-05-03T17:31:20Z</time>
        <extensions>
          <geotracker:meta c="0.18" s="4.59" />
        </extensions>
      </trkpt>
      <trkpt lat="-1.02220879" lon="-79.46493112">
        <ele>85.4</ele>
        <time>2026-05-03T17:31:23Z</time>
        <extensions>
          <geotracker:meta c="0.13" s="2.95" />
        </extensions>
      </trkpt>
      <trkpt lat="-1.02211826" lon="-79.46491608">
        <ele>82.59</ele>
        <time>2026-05-03T17:31:26Z</time>
        <extensions>
          <geotracker:meta c="0.11" s="1.93" />
        </extensions>
      </trkpt>
      <trkpt lat="-1.02219338" lon="-79.46497493">
        <ele>64.55</ele>
        <time>2026-05-03T17:32:30Z</time>
        <extensions>
          <geotracker:meta c="3.02" s="0.86" />
        </extensions>
      </trkpt>
      <trkpt lat="-1.02229193" lon="-79.4650149">
        <ele>66.36</ele>
        <time>2026-05-03T17:32:47Z</time>
        <extensions>
          <geotracker:meta c="2.98" s="0.4" />
        </extensions>
      </trkpt>
      <trkpt lat="-1.02238675" lon="-79.46501278">
        <ele>77.42</ele>
        <time>2026-05-03T17:33:00Z</time>
        <extensions>
          <geotracker:meta s="0" />
        </extensions>
      </trkpt>
      <trkpt lat="-1.02251381" lon="-79.46500223">
        <ele>81.63</ele>
        <time>2026-05-03T17:33:36Z</time>
        <extensions>
          <geotracker:meta c="2.03" s="0.51" />
        </extensions>
      </trkpt>
      <trkpt lat="-1.02261135" lon="-79.46499668">
        <ele>83.42</ele>
        <time>2026-05-03T17:33:40Z</time>
        <extensions>
          <geotracker:meta s="0" />
        </extensions>
      </trkpt>
      <trkpt lat="-1.02259687" lon="-79.46499808">
        <ele>84.6</ele>
        <time>2026-05-03T17:37:20Z</time>
        <extensions>
          <geotracker:meta s="0" />
        </extensions>
      </trkpt>
      <trkpt lat="-1.02260097" lon="-79.46495684">
        <ele>82.56</ele>
        <time>2026-05-03T17:40:20Z</time>
        <extensions>
          <geotracker:meta s="0" />
        </extensions>
      </trkpt>
    </trkseg>
  </trk>
</gpx>