origen;decision;destino;motivo;sha256
C:\Repositorios\FutureWorks\LOPDP y la Educación Superior\.gitattributes;REPOSITORIO;C:\Repositorios\wcag-preconsent-tracking-university-websites\.gitattributes;regla de ruta;959b5e0b480f3011
C:\Repositorios\FutureWorks\LOPDP y la Educación Superior\.gitignore;REPOSITORIO;C:\Repositorios\wcag-preconsent-tracking-university-websites\.gitignore;regla de ruta;0523d81f613217b2
C:\Repositorios\FutureWorks\LOPDP y la Educación Superior\anadir_id_auditoria.py;REPOSITORIO;C:\Repositorios\wcag-preconsent-tracking-university-websites\code\analysis\anadir_id_auditoria.py;regla de ruta;ddab33672db686c4
C:\Repositorios\FutureWorks\LOPDP y la Educación Superior\anexo_universidades_cookies.html;REPOSITORIO;C:\Repositorios\wcag-preconsent-tracking-university-websites\docs\reports\anexo_universidades_cookies.html;regla de ruta;8ba7bb88b544414f
C:\Repositorios\FutureWorks\LOPDP y la Educación Superior\archivos_faltantes\MANIFIESTO.csv;NO_PUBLICAR;C:\Repositorios\_no_publicar\paquete_recuperado\MANIFIESTO.csv;regla de ruta;15808c4c5a4167e9
C:\Repositorios\FutureWorks\LOPDP y la Educación Superior\archivos_faltantes\no_publicar\con_nombres_evaluadores\validacion_manual_wcag_auditoria_lote.xlsx;NO_PUBLICAR;C:\Repositorios\_no_publicar\paquete_recuperado\con_nombres_evaluadores\validacion_manual_wcag_auditoria_lote.xlsx;regla de ruta;84c020a3d9fad0e0
C:\Repositorios\FutureWorks\LOPDP y la Educación Superior\archivos_faltantes\no_publicar\con_nombres_evaluadores\wcag_doble_evaluacion_5_sitios.csv;NO_PUBLICAR;C:\Repositorios\_no_publicar\paquete_recuperado\con_nombres_evaluadores\wcag_doble_evaluacion_5_sitios.csv;regla de ruta;9be2bd5a8516b668
C:\Repositorios\FutureWorks\LOPDP y la Educación Superior\archivos_faltantes\no_publicar\con_nombres_evaluadores\wcag_pares_kappa.csv;NO_PUBLICAR;C:\Repositorios\_no_publicar\paquete_recuperado\con_nombres_evaluadores\wcag_pares_kappa.csv;regla de ruta;617248f53afe727b
C:\Repositorios\FutureWorks\LOPDP y la Educación Superior\archivos_faltantes\no_publicar\con_nombres_evaluadores\wcag_validacion_15_sitios.csv;NO_PUBLICAR;C:\Repositorios\_no_publicar\paquete_recuperado\con_nombres_evaluadores\wcag_validacion_15_sitios.csv;regla de ruta;d78549d4dc9e8a19
C:\Repositorios\FutureWorks\LOPDP y la Educación Superior\archivos_faltantes\no_publicar\con_nombres_evaluadores\wcag_validacion_final.xlsx;NO_PUBLICAR;C:\Repositorios\_no_publicar\paquete_recuperado\con_nombres_evaluadores\wcag_validacion_final.xlsx;regla de ruta;dcb8034fe6e01e9a
C:\Repositorios\FutureWorks\LOPDP y la Educación Superior\archivos_faltantes\no_publicar\manuscritos_previos\privacidad_ies.bib;NO_PUBLICAR;C:\Repositorios\_no_publicar\paquete_recuperado\manuscritos_previos\privacidad_ies.bib;regla de ruta;db21a19fb2ba781d
C:\Repositorios\FutureWorks\LOPDP y la Educación Superior\archivos_faltantes\no_publicar\manuscritos_previos\privacidad_ies.tex;NO_PUBLICAR;C:\Repositorios\_no_publicar\paquete_recuperado\manuscritos_previos\privacidad_ies.tex;regla de ruta;4848ad34ca9e355e
C:\Repositorios\FutureWorks\LOPDP y la Educación Superior\archivos_faltantes\no_publicar\manuscritos_previos\privacidad_mundo.tex;NO_PUBLICAR;C:\Repositorios\_no_publicar\paquete_recuperado\manuscritos_previos\privacidad_mundo.tex;regla de ruta;5dda3f23a8aa21a7
C:\Repositorios\FutureWorks\LOPDP y la Educación Superior\archivos_faltantes\no_publicar\notas_internas\hallazgos-auditoria-wcag.md;NO_PUBLICAR;C:\Repositorios\_no_publicar\paquete_recuperado\notas_internas\hallazgos-auditoria-wcag.md;regla de ruta;ec021dd4baf1a82d
C:\Repositorios\FutureWorks\LOPDP y la Educación Superior\archivos_faltantes\no_publicar\notas_internas\hallazgos-comparativa-mundo.md;NO_PUBLICAR;C:\Repositorios\_no_publicar\paquete_recuperado\notas_internas\hallazgos-comparativa-mundo.md;regla de ruta;6d1a0c425e87ced8
C:\Repositorios\FutureWorks\LOPDP y la Educación Superior\archivos_faltantes\no_publicar\notas_internas\hallazgos-privacidad-ies.md;NO_PUBLICAR;C:\Repositorios\_no_publicar\paquete_recuperado\notas_internas\hallazgos-privacidad-ies.md;regla de ruta;11817deeffac1524
C:\Repositorios\FutureWorks\LOPDP y la Educación Superior\archivos_faltantes\no_publicar\notas_internas\hallazgos-validacion-manual-wcag.md;NO_PUBLICAR;C:\Repositorios\_no_publicar\paquete_recuperado\notas_internas\hallazgos-validacion-manual-wcag.md;regla de ruta;7210afe2ac102c08
C:\Repositorios\FutureWorks\LOPDP y la Educación Superior\archivos_faltantes\no_publicar\notas_internas\respuesta-observaciones-uais.md;NO_PUBLICAR;C:\Repositorios\_no_publicar\paquete_recuperado\notas_internas\respuesta-observaciones-uais.md;regla de ruta;5b802444fe5f4ba9
C:\Repositorios\FutureWorks\LOPDP y la Educación Superior\archivos_faltantes\para_repositorio\code\analysis\estudio.py;REPOSITORIO;C:\Repositorios\wcag-preconsent-tracking-university-websites\code\analysis\estudio.py;regla de ruta;8446eeffa4477ddb
C:\Repositorios\FutureWorks\LOPDP y la Educación Superior\archivos_faltantes\para_repositorio\code\analysis\kappa_wcag.py;REPOSITORIO;C:\Repositorios\wcag-preconsent-tracking-university-websites\code\analysis\kappa_wcag.py;regla de ruta;3b1d62f24d9939db
C:\Repositorios\FutureWorks\LOPDP y la Educación Superior\archivos_faltantes\para_repositorio\code\analysis\qa_cookies.py;REPOSITORIO;C:\Repositorios\wcag-preconsent-tracking-university-websites\code\analysis\qa_cookies.py;regla de ruta;a3a2c1ae2ec91ee2
C:\Repositorios\FutureWorks\LOPDP y la Educación Superior\archivos_faltantes\para_repositorio\code\analysis\reconciliar.py;REPOSITORIO;C:\Repositorios\wcag-preconsent-tracking-university-websites\code\analysis\reconciliar.py;regla de ruta;24d9f662d8e974d2
C:\Repositorios\FutureWorks\LOPDP y la Educación Superior\archivos_faltantes\para_repositorio\data\manual\codificacion_manual_15_universidades.csv;REPOSITORIO;C:\Repositorios\wcag-preconsent-tracking-university-websites\data\manual\codificacion_manual_15_universidades.csv;regla de ruta;ca8bc5dd7cafc45d
C:\Repositorios\FutureWorks\LOPDP y la Educación Superior\archivos_faltantes\para_repositorio\data\manual\recodificacion_143.csv;REPOSITORIO;C:\Repositorios\wcag-preconsent-tracking-university-websites\data\manual\recodificacion_143.csv;regla de ruta;2114ef4249570846
C:\Repositorios\FutureWorks\LOPDP y la Educación Superior\archivos_faltantes\para_repositorio\data\manual\recodificacion_244.csv;REPOSITORIO;C:\Repositorios\wcag-preconsent-tracking-university-websites\data\manual\recodificacion_244.csv;regla de ruta;8d8e75585b4d6e86
C:\Repositorios\FutureWorks\LOPDP y la Educación Superior\archivos_faltantes\para_repositorio\data\manual\wcag_doble_evaluacion_5_sitios.csv;REPOSITORIO;C:\Repositorios\wcag-preconsent-tracking-university-websites\data\manual\wcag_doble_evaluacion_5_sitios.csv;regla de ruta;3038518bcd70d4bc
C:\Repositorios\FutureWorks\LOPDP y la Educación Superior\archivos_faltantes\para_repositorio\data\manual\wcag_pares_kappa.csv;REPOSITORIO;C:\Repositorios\wcag-preconsent-tracking-university-websites\data\manual\wcag_pares_kappa.csv;regla de ruta;e610cb6148986281
C:\Repositorios\FutureWorks\LOPDP y la Educación Superior\archivos_faltantes\para_repositorio\data\manual\wcag_validacion_15_sitios.csv;REPOSITORIO;C:\Repositorios\wcag-preconsent-tracking-university-websites\data\manual\wcag_validacion_15_sitios.csv;regla de ruta;89cdf45fc1b59868
C:\Repositorios\FutureWorks\LOPDP y la Educación Superior\archivos_faltantes\para_repositorio\data\manual\wcag_validacion_anonimizado.xlsx;REPOSITORIO;C:\Repositorios\wcag-preconsent-tracking-university-websites\data\manual\wcag_validacion_anonimizado.xlsx;regla de ruta;ca5a857693be6d1a
C:\Repositorios\FutureWorks\LOPDP y la Educación Superior\archivos_faltantes\para_repositorio\data\processed\cambios_reconciliacion.csv;REPOSITORIO;C:\Repositorios\wcag-preconsent-tracking-university-websites\data\processed\cambios_reconciliacion.csv;regla de ruta;8c2f94eed7ee1f4b
C:\Repositorios\FutureWorks\LOPDP y la Educación Superior\archivos_faltantes\para_repositorio\data\processed\estudio_126_sitios.csv;REPOSITORIO;C:\Repositorios\wcag-preconsent-tracking-university-websites\data\processed\estudio_126_sitios.csv;regla de ruta;de1f81a1e77a81bf
C:\Repositorios\FutureWorks\LOPDP y la Educación Superior\archivos_faltantes\para_repositorio\data\processed\estudio_reglas_por_sitio.csv;REPOSITORIO;C:\Repositorios\wcag-preconsent-tracking-university-websites\data\processed\estudio_reglas_por_sitio.csv;regla de ruta;dc41a40222ea5f9d
C:\Repositorios\FutureWorks\LOPDP y la Educación Superior\archivos_faltantes\para_repositorio\data\processed\qa_irregularidades.csv;REPOSITORIO;C:\Repositorios\wcag-preconsent-tracking-university-websites\data\processed\qa_irregularidades.csv;regla de ruta;8ba1522925d8c6f1
C:\Repositorios\FutureWorks\LOPDP y la Educación Superior\archivos_faltantes\para_repositorio\docs\reports\reporte_cookies_combinado.html;REPOSITORIO;C:\Repositorios\wcag-preconsent-tracking-university-websites\docs\reports\reporte_cookies_combinado.html;regla de ruta;947fcd70f8c46a39
C:\Repositorios\FutureWorks\LOPDP y la Educación Superior\archivos_faltantes\para_repositorio\docs\reports\reporte_cookies_extranjeras.html;REPOSITORIO;C:\Repositorios\wcag-preconsent-tracking-university-websites\docs\reports\reporte_cookies_extranjeras.html;regla de ruta;2fd30ff53982186c
C:\Repositorios\FutureWorks\LOPDP y la Educación Superior\archivos_faltantes\para_repositorio\docs\reports\reporte_cookies_nacionales.html;REPOSITORIO;C:\Repositorios\wcag-preconsent-tracking-university-websites\docs\reports\reporte_cookies_nacionales.html;regla de ruta;0f606ec0d627bc41
C:\Repositorios\FutureWorks\LOPDP y la Educación Superior\archivos_faltantes\revisar\CHECKSUMS.txt;REVISAR;C:\Repositorios\CHECKSUMS.txt;regla de ruta;f7bf6a714918e632
C:\Repositorios\FutureWorks\LOPDP y la Educación Superior\archivos_faltantes\revisar\cookies_126_sitios_v2.csv;REVISAR;C:\Repositorios\cookies_126_sitios_v2.csv;regla de ruta;4018b361ebd84049
C:\Repositorios\FutureWorks\LOPDP y la Educación Superior\archivos_faltantes\revisar\cookies_126_sitios_v2.xlsx;REVISAR;C:\Repositorios\cookies_126_sitios_v2.xlsx;regla de ruta;1d76d9135e0e321c
C:\Repositorios\FutureWorks\LOPDP y la Educación Superior\archivos_faltantes.zip;NO_PUBLICAR;C:\Repositorios\_no_publicar\paquete_recuperado\archivos_faltantes.zip;regla de ruta;8739c76e681f9009
C:\Repositorios\FutureWorks\LOPDP y la Educación Superior\auditar_multipunto.js;REPOSITORIO;C:\Repositorios\wcag-preconsent-tracking-university-websites\code\collection\auditar_multipunto.js;regla de ruta;7c774b46540e6cf9
C:\Repositorios\FutureWorks\LOPDP y la Educación Superior\auditor_uni\auditar.js;REPOSITORIO;C:\Repositorios\wcag-preconsent-tracking-university-websites\code\collection\auditar.js;regla de ruta;f1ce3f879b991779
C:\Repositorios\FutureWorks\LOPDP y la Educación Superior\auditor_uni\LEEME.txt;REPOSITORIO;C:\Repositorios\wcag-preconsent-tracking-university-websites\code\collection\axe\LEEME.txt;regla de ruta;88420f70530b386f
C:\Repositorios\FutureWorks\LOPDP y la Educación Superior\auditor_uni\package-lock.json;REPOSITORIO;C:\Repositorios\wcag-preconsent-tracking-university-websites\code\collection\axe\package-lock.json;regla de ruta;7d3d3a8f5a70a4fa
C:\Repositorios\FutureWorks\LOPDP y la Educación Superior\auditor_uni\package.json;REPOSITORIO;C:\Repositorios\wcag-preconsent-tracking-university-websites\code\collection\axe\package.json;regla de ruta;e2a123176962e7e6
C:\Repositorios\FutureWorks\LOPDP y la Educación Superior\auditor_uni\resultados.csv;REPOSITORIO;C:\Repositorios\wcag-preconsent-tracking-university-websites\data\raw\accessibility\resultados.csv;regla de ruta;c5adceefac0aeb8a
C:\Repositorios\FutureWorks\LOPDP y la Educación Superior\auditor_uni\resultados.json;REPOSITORIO;C:\Repositorios\wcag-preconsent-tracking-university-websites\data\raw\accessibility\resultados.json;regla de ruta;b9762a97c1f3799e
C:\Repositorios\FutureWorks\LOPDP y la Educación Superior\auditor_uni\universidades.json;REVISAR;C:\Repositorios\universidades.json;regla de ruta;5772be517ddd4acd
C:\Repositorios\FutureWorks\LOPDP y la Educación Superior\auditoria_multipunto_windows\analizar_multipunto.py;NO_PUBLICAR;C:\Repositorios\_no_publicar\campana_anterior_4_puntos\analizar_multipunto.py;regla de ruta;56280fc70a64b392
C:\Repositorios\FutureWorks\LOPDP y la Educación Superior\auditoria_multipunto_windows\auditar_multipunto.js;NO_PUBLICAR;C:\Repositorios\_no_publicar\campana_anterior_4_puntos\auditar_multipunto.js;regla de ruta;f01702b463088876
C:\Repositorios\FutureWorks\LOPDP y la Educación Superior\auditoria_multipunto_windows\construir_lista.py;NO_PUBLICAR;C:\Repositorios\_no_publicar\campana_anterior_4_puntos\construir_lista.py;regla de ruta;63706e5aabb4d81e
C:\Repositorios\FutureWorks\LOPDP y la Educación Superior\auditoria_multipunto_windows\datos_multipunto\meta_EC_r1.json;NO_PUBLICAR;C:\Repositorios\_no_publicar\campana_anterior_4_puntos\datos_multipunto\meta_EC_r1.json;regla de ruta;8ab49f01f0425720
C:\Repositorios\FutureWorks\LOPDP y la Educación Superior\auditoria_multipunto_windows\datos_multipunto\meta_EC_r2.json;NO_PUBLICAR;C:\Repositorios\_no_publicar\campana_anterior_4_puntos\datos_multipunto\meta_EC_r2.json;regla de ruta;263d744a5fc4d8ed
C:\Repositorios\FutureWorks\LOPDP y la Educación Superior\auditoria_multipunto_windows\datos_multipunto\meta_EC_r3.json;NO_PUBLICAR;C:\Repositorios\_no_publicar\campana_anterior_4_puntos\datos_multipunto\meta_EC_r3.json;regla de ruta;87c999b8777fd7d5
C:\Repositorios\FutureWorks\LOPDP y la Educación Superior\auditoria_multipunto_windows\datos_multipunto\meta_EU_r1.json;NO_PUBLICAR;C:\Repositorios\_no_publicar\campana_anterior_4_puntos\datos_multipunto\meta_EU_r1.json;regla de ruta;6964c202440d12ea
C:\Repositorios\FutureWorks\LOPDP y la Educación Superior\auditoria_multipunto_windows\datos_multipunto\meta_EU_r2.json;NO_PUBLICAR;C:\Repositorios\_no_publicar\campana_anterior_4_puntos\datos_multipunto\meta_EU_r2.json;regla de ruta;d75dbe7f71a12de0
C:\Repositorios\FutureWorks\LOPDP y la Educación Superior\auditoria_multipunto_windows\datos_multipunto\meta_EU_r3.json;NO_PUBLICAR;C:\Repositorios\_no_publicar\campana_anterior_4_puntos\datos_multipunto\meta_EU_r3.json;regla de ruta;b8bbc707e5f26ba3
C:\Repositorios\FutureWorks\LOPDP y la Educación Superior\auditoria_multipunto_windows\datos_multipunto\meta_GB_r1.json;NO_PUBLICAR;C:\Repositorios\_no_publicar\campana_anterior_4_puntos\datos_multipunto\meta_GB_r1.json;regla de ruta;a601bdb4fc97c233
C:\Repositorios\FutureWorks\LOPDP y la Educación Superior\auditoria_multipunto_windows\datos_multipunto\meta_GB_r2.json;NO_PUBLICAR;C:\Repositorios\_no_publicar\campana_anterior_4_puntos\datos_multipunto\meta_GB_r2.json;regla de ruta;631f6d4ebaad2573
C:\Repositorios\FutureWorks\LOPDP y la Educación Superior\auditoria_multipunto_windows\datos_multipunto\meta_GB_r3.json;NO_PUBLICAR;C:\Repositorios\_no_publicar\campana_anterior_4_puntos\datos_multipunto\meta_GB_r3.json;regla de ruta;6764102975695d2b
C:\Repositorios\FutureWorks\LOPDP y la Educación Superior\auditoria_multipunto_windows\datos_multipunto\meta_GB_r4.json;NO_PUBLICAR;C:\Repositorios\_no_publicar\campana_anterior_4_puntos\datos_multipunto\meta_GB_r4.json;regla de ruta;4657dd43d0cb28a3
C:\Repositorios\FutureWorks\LOPDP y la Educación Superior\auditoria_multipunto_windows\datos_multipunto\meta_US_r1.json;NO_PUBLICAR;C:\Repositorios\_no_publicar\campana_anterior_4_puntos\datos_multipunto\meta_US_r1.json;regla de ruta;da9b4728cdbfdb3e
C:\Repositorios\FutureWorks\LOPDP y la Educación Superior\auditoria_multipunto_windows\datos_multipunto\meta_US_r2.json;NO_PUBLICAR;C:\Repositorios\_no_publicar\campana_anterior_4_puntos\datos_multipunto\meta_US_r2.json;regla de ruta;bdeed48d7d4ba9da
C:\Repositorios\FutureWorks\LOPDP y la Educación Superior\auditoria_multipunto_windows\datos_multipunto\meta_US_r3.json;NO_PUBLICAR;C:\Repositorios\_no_publicar\campana_anterior_4_puntos\datos_multipunto\meta_US_r3.json;regla de ruta;728a083e4a2957a9
C:\Repositorios\FutureWorks\LOPDP y la Educación Superior\auditoria_multipunto_windows\datos_multipunto\resultados_EC_r1.csv;NO_PUBLICAR;C:\Repositorios\_no_publicar\campana_anterior_4_puntos\datos_multipunto\resultados_EC_r1.csv;regla de ruta;779408399f1d4040
C:\Repositorios\FutureWorks\LOPDP y la Educación Superior\auditoria_multipunto_windows\datos_multipunto\resultados_EC_r1.json;NO_PUBLICAR;C:\Repositorios\_no_publicar\campana_anterior_4_puntos\datos_multipunto\resultados_EC_r1.json;regla de ruta;fcf376621f6a4555
C:\Repositorios\FutureWorks\LOPDP y la Educación Superior\auditoria_multipunto_windows\datos_multipunto\resultados_EC_r2.csv;NO_PUBLICAR;C:\Repositorios\_no_publicar\campana_anterior_4_puntos\datos_multipunto\resultados_EC_r2.csv;regla de ruta;72b0f5f6aca60b21
C:\Repositorios\FutureWorks\LOPDP y la Educación Superior\auditoria_multipunto_windows\datos_multipunto\resultados_EC_r2.json;NO_PUBLICAR;C:\Repositorios\_no_publicar\campana_anterior_4_puntos\datos_multipunto\resultados_EC_r2.json;regla de ruta;b0c04cbbe5424059
C:\Repositorios\FutureWorks\LOPDP y la Educación Superior\auditoria_multipunto_windows\datos_multipunto\resultados_EC_r3.csv;NO_PUBLICAR;C:\Repositorios\_no_publicar\campana_anterior_4_puntos\datos_multipunto\resultados_EC_r3.csv;regla de ruta;30cb346efb0f4c1b
C:\Repositorios\FutureWorks\LOPDP y la Educación Superior\auditoria_multipunto_windows\datos_multipunto\resultados_EC_r3.json;NO_PUBLICAR;C:\Repositorios\_no_publicar\campana_anterior_4_puntos\datos_multipunto\resultados_EC_r3.json;regla de ruta;5f9241f0e622ffb8
C:\Repositorios\FutureWorks\LOPDP y la Educación Superior\auditoria_multipunto_windows\datos_multipunto\resultados_EU_r1.csv;NO_PUBLICAR;C:\Repositorios\_no_publicar\campana_anterior_4_puntos\datos_multipunto\resultados_EU_r1.csv;regla de ruta;e12c42804dca4eb0
C:\Repositorios\FutureWorks\LOPDP y la Educación Superior\auditoria_multipunto_windows\datos_multipunto\resultados_EU_r1.json;NO_PUBLICAR;C:\Repositorios\_no_publicar\campana_anterior_4_puntos\datos_multipunto\resultados_EU_r1.json;regla de ruta;b442a3c2e1a0a18e
C:\Repositorios\FutureWorks\LOPDP y la Educación Superior\auditoria_multipunto_windows\datos_multipunto\resultados_EU_r2.csv;NO_PUBLICAR;C:\Repositorios\_no_publicar\campana_anterior_4_puntos\datos_multipunto\resultados_EU_r2.csv;regla de ruta;fa74bfac0dc6f854
C:\Repositorios\FutureWorks\LOPDP y la Educación Superior\auditoria_multipunto_windows\datos_multipunto\resultados_EU_r2.json;NO_PUBLICAR;C:\Repositorios\_no_publicar\campana_anterior_4_puntos\datos_multipunto\resultados_EU_r2.json;regla de ruta;29240df6f6849b93
C:\Repositorios\FutureWorks\LOPDP y la Educación Superior\auditoria_multipunto_windows\datos_multipunto\resultados_EU_r3.csv;NO_PUBLICAR;C:\Repositorios\_no_publicar\campana_anterior_4_puntos\datos_multipunto\resultados_EU_r3.csv;regla de ruta;f109149df40d520a
C:\Repositorios\FutureWorks\LOPDP y la Educación Superior\auditoria_multipunto_windows\datos_multipunto\resultados_EU_r3.json;NO_PUBLICAR;C:\Repositorios\_no_publicar\campana_anterior_4_puntos\datos_multipunto\resultados_EU_r3.json;regla de ruta;fe0a51651abde792
C:\Repositorios\FutureWorks\LOPDP y la Educación Superior\auditoria_multipunto_windows\datos_multipunto\resultados_GB_r1.csv;NO_PUBLICAR;C:\Repositorios\_no_publicar\campana_anterior_4_puntos\datos_multipunto\resultados_GB_r1.csv;regla de ruta;c7b704db010fb93b
C:\Repositorios\FutureWorks\LOPDP y la Educación Superior\auditoria_multipunto_windows\datos_multipunto\resultados_GB_r1.json;NO_PUBLICAR;C:\Repositorios\_no_publicar\campana_anterior_4_puntos\datos_multipunto\resultados_GB_r1.json;regla de ruta;e1dd2047f3029886
C:\Repositorios\FutureWorks\LOPDP y la Educación Superior\auditoria_multipunto_windows\datos_multipunto\resultados_GB_r2.csv;NO_PUBLICAR;C:\Repositorios\_no_publicar\campana_anterior_4_puntos\datos_multipunto\resultados_GB_r2.csv;regla de ruta;a7c62107a1734e3a
C:\Repositorios\FutureWorks\LOPDP y la Educación Superior\auditoria_multipunto_windows\datos_multipunto\resultados_GB_r2.json;NO_PUBLICAR;C:\Repositorios\_no_publicar\campana_anterior_4_puntos\datos_multipunto\resultados_GB_r2.json;regla de ruta;7168f06836c30d7b
C:\Repositorios\FutureWorks\LOPDP y la Educación Superior\auditoria_multipunto_windows\datos_multipunto\resultados_GB_r3.csv;NO_PUBLICAR;C:\Repositorios\_no_publicar\campana_anterior_4_puntos\datos_multipunto\resultados_GB_r3.csv;regla de ruta;b35576c0e358b2b5
C:\Repositorios\FutureWorks\LOPDP y la Educación Superior\auditoria_multipunto_windows\datos_multipunto\resultados_GB_r3.json;NO_PUBLICAR;C:\Repositorios\_no_publicar\campana_anterior_4_puntos\datos_multipunto\resultados_GB_r3.json;regla de ruta;0344eed0ac596594
C:\Repositorios\FutureWorks\LOPDP y la Educación Superior\auditoria_multipunto_windows\datos_multipunto\resultados_GB_r4.csv;NO_PUBLICAR;C:\Repositorios\_no_publicar\campana_anterior_4_puntos\datos_multipunto\resultados_GB_r4.csv;regla de ruta;099c71992ae237db
C:\Repositorios\FutureWorks\LOPDP y la Educación Superior\auditoria_multipunto_windows\datos_multipunto\resultados_GB_r4.json;NO_PUBLICAR;C:\Repositorios\_no_publicar\campana_anterior_4_puntos\datos_multipunto\resultados_GB_r4.json;regla de ruta;c9ec782119ba9f57
C:\Repositorios\FutureWorks\LOPDP y la Educación Superior\auditoria_multipunto_windows\datos_multipunto\resultados_US_r1.csv;NO_PUBLICAR;C:\Repositorios\_no_publicar\campana_anterior_4_puntos\datos_multipunto\resultados_US_r1.csv;regla de ruta;706008f62fc6bec0
C:\Repositorios\FutureWorks\LOPDP y la Educación Superior\auditoria_multipunto_windows\datos_multipunto\resultados_US_r1.json;NO_PUBLICAR;C:\Repositorios\_no_publicar\campana_anterior_4_puntos\datos_multipunto\resultados_US_r1.json;regla de ruta;497a350769738e85
C:\Repositorios\FutureWorks\LOPDP y la Educación Superior\auditoria_multipunto_windows\datos_multipunto\resultados_US_r2.csv;NO_PUBLICAR;C:\Repositorios\_no_publicar\campana_anterior_4_puntos\datos_multipunto\resultados_US_r2.csv;regla de ruta;c87df7acff28c843
C:\Repositorios\FutureWorks\LOPDP y la Educación Superior\auditoria_multipunto_windows\datos_multipunto\resultados_US_r2.json;NO_PUBLICAR;C:\Repositorios\_no_publicar\campana_anterior_4_puntos\datos_multipunto\resultados_US_r2.json;regla de ruta;76d37a0c2dcbd2b2
C:\Repositorios\FutureWorks\LOPDP y la Educación Superior\auditoria_multipunto_windows\datos_multipunto\resultados_US_r3.csv;NO_PUBLICAR;C:\Repositorios\_no_publicar\campana_anterior_4_puntos\datos_multipunto\resultados_US_r3.csv;regla de ruta;b49bbefc9e5683af
C:\Repositorios\FutureWorks\LOPDP y la Educación Superior\auditoria_multipunto_windows\datos_multipunto\resultados_US_r3.json;NO_PUBLICAR;C:\Repositorios\_no_publicar\campana_anterior_4_puntos\datos_multipunto\resultados_US_r3.json;regla de ruta;73162d48b6529e0e
C:\Repositorios\FutureWorks\LOPDP y la Educación Superior\auditoria_multipunto_windows\ejecutar.bat;NO_PUBLICAR;C:\Repositorios\_no_publicar\campana_anterior_4_puntos\ejecutar.bat;regla de ruta;28aa25d32c7d9edc
C:\Repositorios\FutureWorks\LOPDP y la Educación Superior\auditoria_multipunto_windows\INICIO_RAPIDO.txt;REPOSITORIO;C:\Repositorios\wcag-preconsent-tracking-university-websites\docs\INICIO_RAPIDO.txt;regla de ruta;8e8a265e9ba2e217
C:\Repositorios\FutureWorks\LOPDP y la Educación Superior\auditoria_multipunto_windows\INSTALAR.bat;NO_PUBLICAR;C:\Repositorios\_no_publicar\campana_anterior_4_puntos\INSTALAR.bat;regla de ruta;128574b3e68bbb19
C:\Repositorios\FutureWorks\LOPDP y la Educación Superior\auditoria_multipunto_windows\LEEME_MULTIPUNTO.txt;REPOSITORIO;C:\Repositorios\wcag-preconsent-tracking-university-websites\docs\LEEME_MULTIPUNTO.txt;regla de ruta;987c4bd0eb9eb64b
C:\Repositorios\FutureWorks\LOPDP y la Educación Superior\auditoria_multipunto_windows\package-lock.json;NO_PUBLICAR;C:\Repositorios\_no_publicar\campana_anterior_4_puntos\package-lock.json;regla de ruta;8d0b812df3afc160
C:\Repositorios\FutureWorks\LOPDP y la Educación Superior\auditoria_multipunto_windows\package.json;NO_PUBLICAR;C:\Repositorios\_no_publicar\campana_anterior_4_puntos\package.json;regla de ruta;6bc7233acbda88b4
C:\Repositorios\FutureWorks\LOPDP y la Educación Superior\auditoria_multipunto_windows\protocolo_multipunto.pdf;REPOSITORIO;C:\Repositorios\wcag-preconsent-tracking-university-websites\docs\protocolo_multipunto.pdf;regla de ruta;fa33a1f7bce4ac78
C:\Repositorios\FutureWorks\LOPDP y la Educación Superior\auditoria_multipunto_windows\protocolo_multipunto.tex;REPOSITORIO;C:\Repositorios\wcag-preconsent-tracking-university-websites\docs\protocolo_multipunto.tex;regla de ruta;31f823c42531530e
C:\Repositorios\FutureWorks\LOPDP y la Educación Superior\auditoria_multipunto_windows\universidades.json;NO_PUBLICAR;C:\Repositorios\_no_publicar\campana_anterior_4_puntos\universidades.json;regla de ruta;d32014a3e3547732
C:\Repositorios\FutureWorks\LOPDP y la Educación Superior\capturas\1.4.3\berkeley.png;REPOSITORIO;C:\Repositorios\wcag-preconsent-tracking-university-websites\data\manual\capturas\1.4.3\berkeley.png;regla de ruta;d1f78d8d5d60bf2b
C:\Repositorios\FutureWorks\LOPDP y la Educación Superior\capturas\1.4.3\cornell.png;REPOSITORIO;C:\Repositorios\wcag-preconsent-tracking-university-websites\data\manual\capturas\1.4.3\cornell.png;regla de ruta;bf5459c9fb15ac39
C:\Repositorios\FutureWorks\LOPDP y la Educación Superior\capturas\1.4.3\ecotec.png;REPOSITORIO;C:\Repositorios\wcag-preconsent-tracking-university-websites\data\manual\capturas\1.4.3\ecotec.png;regla de ruta;1b2de48ed6d949b6
C:\Repositorios\FutureWorks\LOPDP y la Educación Superior\capturas\1.4.3\hkust.png;REPOSITORIO;C:\Repositorios\wcag-preconsent-tracking-university-websites\data\manual\capturas\1.4.3\hkust.png;regla de ruta;28e5e345a0326e3a
C:\Repositorios\FutureWorks\LOPDP y la Educación Superior\capturas\1.4.3\iaen.png;REPOSITORIO;C:\Repositorios\wcag-preconsent-tracking-university-websites\data\manual\capturas\1.4.3\iaen.png;regla de ruta;321d16d2930df1f0
C:\Repositorios\FutureWorks\LOPDP y la Educación Superior\capturas\1.4.3\indoamerica.png;REPOSITORIO;C:\Repositorios\wcag-preconsent-tracking-university-websites\data\manual\capturas\1.4.3\indoamerica.png;regla de ruta;c81fe84fb22651f7
C:\Repositorios\FutureWorks\LOPDP y la Educación Superior\capturas\1.4.3\manchester.png;REPOSITORIO;C:\Repositorios\wcag-preconsent-tracking-university-websites\data\manual\capturas\1.4.3\manchester.png;regla de ruta;57bdd7efcf8db584
C:\Repositorios\FutureWorks\LOPDP y la Educación Superior\capturas\1.4.3\northwestern.png;REPOSITORIO;C:\Repositorios\wcag-preconsent-tracking-university-websites\data\manual\capturas\1.4.3\northwestern.png;regla de ruta;2bdd32ed09515f0f
C:\Repositorios\FutureWorks\LOPDP y la Educación Superior\capturas\1.4.3\nus.png;REPOSITORIO;C:\Repositorios\wcag-preconsent-tracking-university-websites\data\manual\capturas\1.4.3\nus.png;regla de ruta;24666b04e2d5b0ae
C:\Repositorios\FutureWorks\LOPDP y la Educación Superior\capturas\1.4.3\ucl.png;REPOSITORIO;C:\Repositorios\wcag-preconsent-tracking-university-websites\data\manual\capturas\1.4.3\ucl.png;regla de ruta;f4cb67bf34b4f38d
C:\Repositorios\FutureWorks\LOPDP y la Educación Superior\capturas\1.4.3\ulvr.png;REPOSITORIO;C:\Repositorios\wcag-preconsent-tracking-university-websites\data\manual\capturas\1.4.3\ulvr.png;regla de ruta;9c9931d147552255
C:\Repositorios\FutureWorks\LOPDP y la Educación Superior\capturas\1.4.3\unesum.png;REPOSITORIO;C:\Repositorios\wcag-preconsent-tracking-university-websites\data\manual\capturas\1.4.3\unesum.png;regla de ruta;1a2fa72d3c90ccf6
C:\Repositorios\FutureWorks\LOPDP y la Educación Superior\capturas\1.4.3\ups.png;REPOSITORIO;C:\Repositorios\wcag-preconsent-tracking-university-websites\data\manual\capturas\1.4.3\ups.png;regla de ruta;027a5c943e7eed03
C:\Repositorios\FutureWorks\LOPDP y la Educación Superior\capturas\1.4.3\usecipol.png;REPOSITORIO;C:\Repositorios\wcag-preconsent-tracking-university-websites\data\manual\capturas\1.4.3\usecipol.png;regla de ruta;f4d14bca3da4e6cc
C:\Repositorios\FutureWorks\LOPDP y la Educación Superior\capturas\1.4.3\utpl.png;REPOSITORIO;C:\Repositorios\wcag-preconsent-tracking-university-websites\data\manual\capturas\1.4.3\utpl.png;regla de ruta;78c4892cdba8bba7
C:\Repositorios\FutureWorks\LOPDP y la Educación Superior\capturas\2.4.4\berkeley.png;REPOSITORIO;C:\Repositorios\wcag-preconsent-tracking-university-websites\data\manual\capturas\2.4.4\berkeley.png;regla de ruta;27429b45ed119e8f
C:\Repositorios\FutureWorks\LOPDP y la Educación Superior\capturas\2.4.4\cornell.png;REPOSITORIO;C:\Repositorios\wcag-preconsent-tracking-university-websites\data\manual\capturas\2.4.4\cornell.png;regla de ruta;33a6148dd3bbe84c
C:\Repositorios\FutureWorks\LOPDP y la Educación Superior\capturas\2.4.4\ecotec.png;REPOSITORIO;C:\Repositorios\wcag-preconsent-tracking-university-websites\data\manual\capturas\2.4.4\ecotec.png;regla de ruta;2467c4922d0a091b
C:\Repositorios\FutureWorks\LOPDP y la Educación Superior\capturas\2.4.4\hkust.png;REPOSITORIO;C:\Repositorios\wcag-preconsent-tracking-university-websites\data\manual\capturas\2.4.4\hkust.png;regla de ruta;db826f0fe025e7f0
C:\Repositorios\FutureWorks\LOPDP y la Educación Superior\capturas\2.4.4\iaen.png;REPOSITORIO;C:\Repositorios\wcag-preconsent-tracking-university-websites\data\manual\capturas\2.4.4\iaen.png;regla de ruta;3f5c5cb52de5cc19
C:\Repositorios\FutureWorks\LOPDP y la Educación Superior\capturas\2.4.4\indoamerica.png;REPOSITORIO;C:\Repositorios\wcag-preconsent-tracking-university-websites\data\manual\capturas\2.4.4\indoamerica.png;regla de ruta;6d7da48a51076901
C:\Repositorios\FutureWorks\LOPDP y la Educación Superior\capturas\2.4.4\manchester.png;REPOSITORIO;C:\Repositorios\wcag-preconsent-tracking-university-websites\data\manual\capturas\2.4.4\manchester.png;regla de ruta;4bbde26901f3a770
C:\Repositorios\FutureWorks\LOPDP y la Educación Superior\capturas\2.4.4\northwestern.png;REPOSITORIO;C:\Repositorios\wcag-preconsent-tracking-university-websites\data\manual\capturas\2.4.4\northwestern.png;regla de ruta;193db639c2305512
C:\Repositorios\FutureWorks\LOPDP y la Educación Superior\capturas\2.4.4\nus.png;REPOSITORIO;C:\Repositorios\wcag-preconsent-tracking-university-websites\data\manual\capturas\2.4.4\nus.png;regla de ruta;01fc6de191471110
C:\Repositorios\FutureWorks\LOPDP y la Educación Superior\capturas\2.4.4\ucl.png;REPOSITORIO;C:\Repositorios\wcag-preconsent-tracking-university-websites\data\manual\capturas\2.4.4\ucl.png;regla de ruta;a3c35c9c45756864
C:\Repositorios\FutureWorks\LOPDP y la Educación Superior\capturas\2.4.4\ulvr.png;REPOSITORIO;C:\Repositorios\wcag-preconsent-tracking-university-websites\data\manual\capturas\2.4.4\ulvr.png;regla de ruta;ceb57456f5a82a64
C:\Repositorios\FutureWorks\LOPDP y la Educación Superior\capturas\2.4.4\unesum.png;REPOSITORIO;C:\Repositorios\wcag-preconsent-tracking-university-websites\data\manual\capturas\2.4.4\unesum.png;regla de ruta;a20a7ac9ffb70d7a
C:\Repositorios\FutureWorks\LOPDP y la Educación Superior\capturas\2.4.4\ups.png;REPOSITORIO;C:\Repositorios\wcag-preconsent-tracking-university-websites\data\manual\capturas\2.4.4\ups.png;regla de ruta;9240c010e50ae6cf
C:\Repositorios\FutureWorks\LOPDP y la Educación Superior\capturas\2.4.4\usecipol.png;REPOSITORIO;C:\Repositorios\wcag-preconsent-tracking-university-websites\data\manual\capturas\2.4.4\usecipol.png;regla de ruta;583a5aab3632a510
C:\Repositorios\FutureWorks\LOPDP y la Educación Superior\capturas\2.4.4\utpl.png;REPOSITORIO;C:\Repositorios\wcag-preconsent-tracking-university-websites\data\manual\capturas\2.4.4\utpl.png;regla de ruta;30cffc1384bee1b4
C:\Repositorios\FutureWorks\LOPDP y la Educación Superior\capturas\berkeley.png;REPOSITORIO;C:\Repositorios\wcag-preconsent-tracking-university-websites\data\manual\capturas\1.1.1\berkeley.png;regla de ruta;27ccaf04fabcd641
C:\Repositorios\FutureWorks\LOPDP y la Educación Superior\capturas\cornell.png;REPOSITORIO;C:\Repositorios\wcag-preconsent-tracking-university-websites\data\manual\capturas\1.1.1\cornell.png;regla de ruta;473b5dc4703a73ea
C:\Repositorios\FutureWorks\LOPDP y la Educación Superior\capturas\ecotec.png;REPOSITORIO;C:\Repositorios\wcag-preconsent-tracking-university-websites\data\manual\capturas\1.1.1\ecotec.png;regla de ruta;cabd7a1d34821052
C:\Repositorios\FutureWorks\LOPDP y la Educación Superior\capturas\hkust.png;REPOSITORIO;C:\Repositorios\wcag-preconsent-tracking-university-websites\data\manual\capturas\1.1.1\hkust.png;regla de ruta;4f074b7e2b489936
C:\Repositorios\FutureWorks\LOPDP y la Educación Superior\capturas\iaen.png;REPOSITORIO;C:\Repositorios\wcag-preconsent-tracking-university-websites\data\manual\capturas\1.1.1\iaen.png;regla de ruta;65239656572d1945
C:\Repositorios\FutureWorks\LOPDP y la Educación Superior\capturas\indoamerica.png;REPOSITORIO;C:\Repositorios\wcag-preconsent-tracking-university-websites\data\manual\capturas\1.1.1\indoamerica.png;regla de ruta;fd1d77c5b7c64549
C:\Repositorios\FutureWorks\LOPDP y la Educación Superior\capturas\manchester.png;REPOSITORIO;C:\Repositorios\wcag-preconsent-tracking-university-websites\data\manual\capturas\1.1.1\manchester.png;regla de ruta;433a5022e4aec5cf
C:\Repositorios\FutureWorks\LOPDP y la Educación Superior\capturas\northwestern.png;REPOSITORIO;C:\Repositorios\wcag-preconsent-tracking-university-websites\data\manual\capturas\1.1.1\northwestern.png;regla de ruta;a1204b62ad8aaa6c
C:\Repositorios\FutureWorks\LOPDP y la Educación Superior\capturas\nus.png;REPOSITORIO;C:\Repositorios\wcag-preconsent-tracking-university-websites\data\manual\capturas\1.1.1\nus.png;regla de ruta;f8befa02c9f9ee8a
C:\Repositorios\FutureWorks\LOPDP y la Educación Superior\capturas\ucl.png;REPOSITORIO;C:\Repositorios\wcag-preconsent-tracking-university-websites\data\manual\capturas\1.1.1\ucl.png;regla de ruta;2d99505f2acc4704
C:\Repositorios\FutureWorks\LOPDP y la Educación Superior\capturas\ulvr.png;REPOSITORIO;C:\Repositorios\wcag-preconsent-tracking-university-websites\data\manual\capturas\1.1.1\ulvr.png;regla de ruta;1e596cc4ead531bd
C:\Repositorios\FutureWorks\LOPDP y la Educación Superior\capturas\unesum.png;REPOSITORIO;C:\Repositorios\wcag-preconsent-tracking-university-websites\data\manual\capturas\1.1.1\unesum.png;regla de ruta;0b0a847c296c8604
C:\Repositorios\FutureWorks\LOPDP y la Educación Superior\capturas\ups.png;REPOSITORIO;C:\Repositorios\wcag-preconsent-tracking-university-websites\data\manual\capturas\1.1.1\ups.png;regla de ruta;571d65eaffb72e39
C:\Repositorios\FutureWorks\LOPDP y la Educación Superior\capturas\usecipol.png;REPOSITORIO;C:\Repositorios\wcag-preconsent-tracking-university-websites\data\manual\capturas\1.1.1\usecipol.png;regla de ruta;d22040485c916d1d
C:\Repositorios\FutureWorks\LOPDP y la Educación Superior\capturas\utpl.png;REPOSITORIO;C:\Repositorios\wcag-preconsent-tracking-university-websites\data\manual\capturas\1.1.1\utpl.png;regla de ruta;58be80d18ff00baa
C:\Repositorios\FutureWorks\LOPDP y la Educación Superior\claude_analizar_multipunto.py;NO_PUBLICAR;C:\Repositorios\_no_publicar\kit_duplicado\claude_analizar_multipunto.py;regla de ruta;71d445c39fa17964
C:\Repositorios\FutureWorks\LOPDP y la Educación Superior\claude_auditar.js;NO_PUBLICAR;C:\Repositorios\_no_publicar\kit_duplicado\claude_auditar.js;regla de ruta;b21e7a3a983d51ed
C:\Repositorios\FutureWorks\LOPDP y la Educación Superior\claude_auditar_multipunto.js;NO_PUBLICAR;C:\Repositorios\_no_publicar\kit_duplicado\claude_auditar_multipunto.js;regla de ruta;94b64c74c36fb511
C:\Repositorios\FutureWorks\LOPDP y la Educación Superior\claude_figuras_uais.py;NO_PUBLICAR;C:\Repositorios\_no_publicar\kit_duplicado\claude_figuras_uais.py;regla de ruta;c250f548d3d3f02f
C:\Repositorios\FutureWorks\LOPDP y la Educación Superior\claude_seleccion63-mundo.json;REPOSITORIO;C:\Repositorios\wcag-preconsent-tracking-university-websites\data\raw\census\claude_seleccion63-mundo.json;regla de ruta;f1609cc41b76e717
C:\Repositorios\FutureWorks\LOPDP y la Educación Superior\claude_stats_uais.py;NO_PUBLICAR;C:\Repositorios\_no_publicar\kit_duplicado\claude_stats_uais.py;regla de ruta;563a1beb1b7e84b1
C:\Repositorios\FutureWorks\LOPDP y la Educación Superior\CODEBOOK.md;REPOSITORIO;C:\Repositorios\wcag-preconsent-tracking-university-websites\CODEBOOK.md;regla de ruta;d0b81908b6696035
C:\Repositorios\FutureWorks\LOPDP y la Educación Superior\cookies_126_sitios_v3.csv;REPOSITORIO;C:\Repositorios\wcag-preconsent-tracking-university-websites\data\processed\cookies_126_sitios_v3.csv;regla de ruta;3580c4c225b64d83
C:\Repositorios\FutureWorks\LOPDP y la Educación Superior\cookies_divergencias_v2.csv;REPOSITORIO;C:\Repositorios\wcag-preconsent-tracking-university-websites\data\processed\cookies_divergencias_v2.csv;regla de ruta;07bcbbccea8ccfc1
C:\Repositorios\FutureWorks\LOPDP y la Educación Superior\cookies_nombres_sin_clasificar.csv;REPOSITORIO;C:\Repositorios\wcag-preconsent-tracking-university-websites\data\processed\cookies_nombres_sin_clasificar.csv;regla de ruta;69426ac8ba99a1ca
C:\Repositorios\FutureWorks\LOPDP y la Educación Superior\ejecutar_auditoria\analizar_multipunto.py;NO_PUBLICAR;C:\Repositorios\_no_publicar\kit_duplicado\analizar_multipunto.py;regla de ruta;edbee5b19b5c91f8
C:\Repositorios\FutureWorks\LOPDP y la Educación Superior\ejecutar_auditoria\auditar_multipunto.js;NO_PUBLICAR;C:\Repositorios\_no_publicar\kit_duplicado\auditar_multipunto.js;regla de ruta;0c08b371a3cc4982
C:\Repositorios\FutureWorks\LOPDP y la Educación Superior\ejecutar_auditoria\ejecutar.bat;NO_PUBLICAR;C:\Repositorios\_no_publicar\kit_duplicado\ejecutar.bat;regla de ruta;9dbac735addd8c84
C:\Repositorios\FutureWorks\LOPDP y la Educación Superior\ejecutar_auditoria\INICIO_RAPIDO.txt;DUPLICADO;;identico a auditoria_multipunto_windows/INICIO_RAPIDO.txt;8e8a265e9ba2e217
C:\Repositorios\FutureWorks\LOPDP y la Educación Superior\ejecutar_auditoria\INSTALAR.bat;NO_PUBLICAR;C:\Repositorios\_no_publicar\kit_duplicado\INSTALAR.bat;regla de ruta;128574b3e68bbb19
C:\Repositorios\FutureWorks\LOPDP y la Educación Superior\ejecutar_auditoria\package-lock.json;NO_PUBLICAR;C:\Repositorios\_no_publicar\kit_duplicado\package-lock.json;regla de ruta;a2352c377b6ee6d3
C:\Repositorios\FutureWorks\LOPDP y la Educación Superior\ejecutar_auditoria\package.json;NO_PUBLICAR;C:\Repositorios\_no_publicar\kit_duplicado\package.json;regla de ruta;62930584e8f6142f
C:\Repositorios\FutureWorks\LOPDP y la Educación Superior\ejecutar_auditoria\universidades.json;NO_PUBLICAR;C:\Repositorios\_no_publicar\kit_duplicado\universidades.json;regla de ruta;d32014a3e3547732
C:\Repositorios\FutureWorks\LOPDP y la Educación Superior\ejecutar_auditoria\universidades_EJEMPLO.json;NO_PUBLICAR;C:\Repositorios\_no_publicar\kit_duplicado\universidades_EJEMPLO.json;regla de ruta;e5b048a1b5bf0802
C:\Repositorios\FutureWorks\LOPDP y la Educación Superior\fig_vantage.py;REPOSITORIO;C:\Repositorios\wcag-preconsent-tracking-university-websites\code\analysis\fig_vantage.py;regla de ruta;e4e6ddb779ecfeb3
C:\Repositorios\FutureWorks\LOPDP y la Educación Superior\figuras_uais.py;REPOSITORIO;C:\Repositorios\wcag-preconsent-tracking-university-websites\code\analysis\figuras_uais.py;regla de ruta;5a066abf37f80ab7
C:\Repositorios\FutureWorks\LOPDP y la Educación Superior\informe_repositorio.md;OMITIR;;regla de exclusion;
C:\Repositorios\FutureWorks\LOPDP y la Educación Superior\inventario.txt;OMITIR;;regla de exclusion;
C:\Repositorios\FutureWorks\LOPDP y la Educación Superior\kappa_uais.py;REPOSITORIO;C:\Repositorios\wcag-preconsent-tracking-university-websites\code\analysis\kappa_uais.py;regla de ruta;169f454d521ccd7e
C:\Repositorios\FutureWorks\LOPDP y la Educación Superior\MANIFIESTO.csv;DUPLICADO;;identico a archivos_faltantes/MANIFIESTO.csv, misma ruta destino;15808c4c5a4167e9
C:\Repositorios\FutureWorks\LOPDP y la Educación Superior\manual_validacion_manual.pdf;REPOSITORIO;C:\Repositorios\wcag-preconsent-tracking-university-websites\docs\manual_validacion_manual.pdf;regla de ruta;a08a1d948559c77e
C:\Repositorios\FutureWorks\LOPDP y la Educación Superior\No Subir\2027 QS World University Rankings 1.3 (For qs.com).xlsx;NO_PUBLICAR;C:\Repositorios\_no_publicar\no_subir\2027 QS World University Rankings 1.3 (For qs.com).xlsx;regla de ruta;f4d09f8099d676f2
C:\Repositorios\FutureWorks\LOPDP y la Educación Superior\No Subir\analisis_multipunto.txt;NO_PUBLICAR;C:\Repositorios\_no_publicar\no_subir\analisis_multipunto.txt;regla de ruta;ce6cb514f22f55cb
C:\Repositorios\FutureWorks\LOPDP y la Educación Superior\No Subir\auditoria_multipunto_windows\datos_multipunto\resultados.zip;NO_PUBLICAR;C:\Repositorios\_no_publicar\no_subir\auditoria_multipunto_windows\datos_multipunto\resultados.zip;regla de ruta;2d40ca3b37a13c61
C:\Repositorios\FutureWorks\LOPDP y la Educación Superior\No Subir\auditoria_multipunto_windows\datos_multipunto (2).zip;NO_PUBLICAR;C:\Repositorios\_no_publicar\no_subir\auditoria_multipunto_windows\datos_multipunto (2).zip;regla de ruta;ac474fb0b0bd87f7
C:\Repositorios\FutureWorks\LOPDP y la Educación Superior\No Subir\auditoria_multipunto_windows\datos_multipunto.zip;NO_PUBLICAR;C:\Repositorios\_no_publicar\no_subir\auditoria_multipunto_windows\datos_multipunto.zip;regla de ruta;a2512b25c92f4c9b
C:\Repositorios\FutureWorks\LOPDP y la Educación Superior\No Subir\auditoria_multipunto_windows.zip;NO_PUBLICAR;C:\Repositorios\_no_publicar\no_subir\auditoria_multipunto_windows.zip;regla de ruta;39dcbc704bbea0ef
C:\Repositorios\FutureWorks\LOPDP y la Educación Superior\No Subir\bat.zip;NO_PUBLICAR;C:\Repositorios\_no_publicar\no_subir\bat.zip;regla de ruta;e9138c49a1077bff
C:\Repositorios\FutureWorks\LOPDP y la Educación Superior\No Subir\clasificacion_repositorio.csv;NO_PUBLICAR;C:\Repositorios\_no_publicar\no_subir\clasificacion_repositorio.csv;CANDIDATO A RESCATE: clasificacion previa de archivos;3f6e41206871f8d3
C:\Repositorios\FutureWorks\LOPDP y la Educación Superior\No Subir\diagnostico_decisivo.txt;NO_PUBLICAR;C:\Repositorios\_no_publicar\no_subir\diagnostico_decisivo.txt;regla de ruta;b310db6d4f327978
C:\Repositorios\FutureWorks\LOPDP y la Educación Superior\No Subir\ejecutar_auditoria\datos_multipunto.zip;NO_PUBLICAR;C:\Repositorios\_no_publicar\no_subir\ejecutar_auditoria\datos_multipunto.zip;regla de ruta;d7edd7f6b430ada9
C:\Repositorios\FutureWorks\LOPDP y la Educación Superior\No Subir\ejecutar_auditoria.zip;NO_PUBLICAR;C:\Repositorios\_no_publicar\no_subir\ejecutar_auditoria.zip;regla de ruta;d7e4a1abb76438d2
C:\Repositorios\FutureWorks\LOPDP y la Educación Superior\No Subir\evaluaciones\anexo_evidencia_pallo.pdf;NO_PUBLICAR;C:\Repositorios\_no_publicar\no_subir\evaluaciones\anexo_evidencia_pallo.pdf;regla de ruta;ea1944b24bd8e218
C:\Repositorios\FutureWorks\LOPDP y la Educación Superior\No Subir\evaluaciones\Anteriores\5 evaluaciones\Capturas.zip;NO_PUBLICAR;C:\Repositorios\_no_publicar\no_subir\evaluaciones\Anteriores\5 evaluaciones\Capturas.zip;regla de ruta;467b705e774ff5a4
C:\Repositorios\FutureWorks\LOPDP y la Educación Superior\No Subir\evaluaciones\Anteriores\5 evaluaciones\codificacion_posicion_1.csv;NO_PUBLICAR;C:\Repositorios\_no_publicar\no_subir\evaluaciones\Anteriores\5 evaluaciones\codificacion_posicion_1.csv;regla de ruta;cb635349f6fda468
C:\Repositorios\FutureWorks\LOPDP y la Educación Superior\No Subir\evaluaciones\Anteriores\5 evaluaciones\codificacion_posicion_1.xlsx;NO_PUBLICAR;C:\Repositorios\_no_publicar\no_subir\evaluaciones\Anteriores\5 evaluaciones\codificacion_posicion_1.xlsx;regla de ruta;f49776716770ed35
C:\Repositorios\FutureWorks\LOPDP y la Educación Superior\No Subir\evaluaciones\Anteriores\5 evaluaciones\codificacion_posicion_2.csv;NO_PUBLICAR;C:\Repositorios\_no_publicar\no_subir\evaluaciones\Anteriores\5 evaluaciones\codificacion_posicion_2.csv;regla de ruta;889ee586912ad233
C:\Repositorios\FutureWorks\LOPDP y la Educación Superior\No Subir\evaluaciones\Anteriores\5 evaluaciones\codificacion_posicion_2.xlsx;NO_PUBLICAR;C:\Repositorios\_no_publicar\no_subir\evaluaciones\Anteriores\5 evaluaciones\codificacion_posicion_2.xlsx;regla de ruta;2ffbb119f405cdd3
C:\Repositorios\FutureWorks\LOPDP y la Educación Superior\No Subir\evaluaciones\Anteriores\5 evaluaciones\codificacion_posicion_3.xlsx;NO_PUBLICAR;C:\Repositorios\_no_publicar\no_subir\evaluaciones\Anteriores\5 evaluaciones\codificacion_posicion_3.xlsx;regla de ruta;9102a751da6c82c8
C:\Repositorios\FutureWorks\LOPDP y la Educación Superior\No Subir\evaluaciones\Anteriores\5 evaluaciones\UTEQ_BERKELEY_1.1.1_1.png;NO_PUBLICAR;C:\Repositorios\_no_publicar\no_subir\evaluaciones\Anteriores\5 evaluaciones\UTEQ_BERKELEY_1.1.1_1.png;regla de ruta;619ca1f93c5522fb
C:\Repositorios\FutureWorks\LOPDP y la Educación Superior\No Subir\evaluaciones\Anteriores\5 evaluaciones\UTEQ_BERKELEY_1.1.1_2.png;NO_PUBLICAR;C:\Repositorios\_no_publicar\no_subir\evaluaciones\Anteriores\5 evaluaciones\UTEQ_BERKELEY_1.1.1_2.png;regla de ruta;9e10f250be366f88
C:\Repositorios\FutureWorks\LOPDP y la Educación Superior\No Subir\evaluaciones\Anteriores\5 evaluaciones\UTEQ_BERKELEY_1.4.3_1.png;NO_PUBLICAR;C:\Repositorios\_no_publicar\no_subir\evaluaciones\Anteriores\5 evaluaciones\UTEQ_BERKELEY_1.4.3_1.png;regla de ruta;f14fcc6694ae4104
C:\Repositorios\FutureWorks\LOPDP y la Educación Superior\No Subir\evaluaciones\Anteriores\5 evaluaciones\UTEQ_BERKELEY_2.4.4_1.png;NO_PUBLICAR;C:\Repositorios\_no_publicar\no_subir\evaluaciones\Anteriores\5 evaluaciones\UTEQ_BERKELEY_2.4.4_1.png;regla de ruta;cd8a287575f34ed2
C:\Repositorios\FutureWorks\LOPDP y la Educación Superior\No Subir\evaluaciones\Anteriores\5 evaluaciones\UTEQ_IAEN_1.1.1.png;NO_PUBLICAR;C:\Repositorios\_no_publicar\no_subir\evaluaciones\Anteriores\5 evaluaciones\UTEQ_IAEN_1.1.1.png;regla de ruta;e27f6d8d5fbf19a2
C:\Repositorios\FutureWorks\LOPDP y la Educación Superior\No Subir\evaluaciones\Anteriores\5 evaluaciones\UTEQ_IAEN_1.4.3.png;NO_PUBLICAR;C:\Repositorios\_no_publicar\no_subir\evaluaciones\Anteriores\5 evaluaciones\UTEQ_IAEN_1.4.3.png;regla de ruta;da2f52106d0190cb
C:\Repositorios\FutureWorks\LOPDP y la Educación Superior\No Subir\evaluaciones\Anteriores\5 evaluaciones\UTEQ_IAEN_2.4.4.png;NO_PUBLICAR;C:\Repositorios\_no_publicar\no_subir\evaluaciones\Anteriores\5 evaluaciones\UTEQ_IAEN_2.4.4.png;regla de ruta;fd247ebcdd33081e
C:\Repositorios\FutureWorks\LOPDP y la Educación Superior\No Subir\evaluaciones\Anteriores\5 evaluaciones\UTEQ_UCL_1.1.1.png;NO_PUBLICAR;C:\Repositorios\_no_publicar\no_subir\evaluaciones\Anteriores\5 evaluaciones\UTEQ_UCL_1.1.1.png;regla de ruta;9dfe9da7ff112643
C:\Repositorios\FutureWorks\LOPDP y la Educación Superior\No Subir\evaluaciones\Anteriores\5 evaluaciones\UTEQ_UCL_1.4.3.png;NO_PUBLICAR;C:\Repositorios\_no_publicar\no_subir\evaluaciones\Anteriores\5 evaluaciones\UTEQ_UCL_1.4.3.png;regla de ruta;3c9f859b4960227d
C:\Repositorios\FutureWorks\LOPDP y la Educación Superior\No Subir\evaluaciones\Anteriores\5 evaluaciones\UTEQ_UCL_2.4.4.png;NO_PUBLICAR;C:\Repositorios\_no_publicar\no_subir\evaluaciones\Anteriores\5 evaluaciones\UTEQ_UCL_2.4.4.png;regla de ruta;8c0003b8b29173cf
C:\Repositorios\FutureWorks\LOPDP y la Educación Superior\No Subir\evaluaciones\Anteriores\5 evaluaciones\UTEQ_UNESUM_1.1.1.png;NO_PUBLICAR;C:\Repositorios\_no_publicar\no_subir\evaluaciones\Anteriores\5 evaluaciones\UTEQ_UNESUM_1.1.1.png;regla de ruta;559e688fd0708431
C:\Repositorios\FutureWorks\LOPDP y la Educación Superior\No Subir\evaluaciones\Anteriores\5 evaluaciones\UTEQ_UNESUM_1.4.3.png;NO_PUBLICAR;C:\Repositorios\_no_publicar\no_subir\evaluaciones\Anteriores\5 evaluaciones\UTEQ_UNESUM_1.4.3.png;regla de ruta;73b77740ba1df311
C:\Repositorios\FutureWorks\LOPDP y la Educación Superior\No Subir\evaluaciones\Anteriores\5 evaluaciones\UTEQ_UNESUM_2.4.4_1.png;NO_PUBLICAR;C:\Repositorios\_no_publicar\no_subir\evaluaciones\Anteriores\5 evaluaciones\UTEQ_UNESUM_2.4.4_1.png;regla de ruta;0b6b68eec4bb908b
C:\Repositorios\FutureWorks\LOPDP y la Educación Superior\No Subir\evaluaciones\Anteriores\5 evaluaciones\UTEQ_USECIPOL_1.1.1.png;NO_PUBLICAR;C:\Repositorios\_no_publicar\no_subir\evaluaciones\Anteriores\5 evaluaciones\UTEQ_USECIPOL_1.1.1.png;regla de ruta;598c10be8cf314ef
C:\Repositorios\FutureWorks\LOPDP y la Educación Superior\No Subir\evaluaciones\Anteriores\5 evaluaciones\UTEQ_USECIPOL_1.4.3.png;NO_PUBLICAR;C:\Repositorios\_no_publicar\no_subir\evaluaciones\Anteriores\5 evaluaciones\UTEQ_USECIPOL_1.4.3.png;regla de ruta;fb7bc7a4a4548127
C:\Repositorios\FutureWorks\LOPDP y la Educación Superior\No Subir\evaluaciones\Anteriores\5 evaluaciones\UTEQ_USECIPOL_2.4.4.png;NO_PUBLICAR;C:\Repositorios\_no_publicar\no_subir\evaluaciones\Anteriores\5 evaluaciones\UTEQ_USECIPOL_2.4.4.png;regla de ruta;dedfea5a55bef84f
C:\Repositorios\FutureWorks\LOPDP y la Educación Superior\No Subir\evaluaciones\Anteriores\5 evaluaciones\validacion_manual_accesibilidad (1).xlsx;NO_PUBLICAR;C:\Repositorios\_no_publicar\no_subir\evaluaciones\Anteriores\5 evaluaciones\validacion_manual_accesibilidad (1).xlsx;regla de ruta;8d1c5faf31a46197
C:\Repositorios\FutureWorks\LOPDP y la Educación Superior\No Subir\evaluaciones\Anteriores\5 evaluaciones\validacion_manual_accesibilidad_5_sitios.xlsx;NO_PUBLICAR;C:\Repositorios\_no_publicar\no_subir\evaluaciones\Anteriores\5 evaluaciones\validacion_manual_accesibilidad_5_sitios.xlsx;regla de ruta;8d1c5faf31a46197
C:\Repositorios\FutureWorks\LOPDP y la Educación Superior\No Subir\evaluaciones\Anteriores\5 evaluaciones.zip;NO_PUBLICAR;C:\Repositorios\_no_publicar\no_subir\evaluaciones\Anteriores\5 evaluaciones.zip;regla de ruta;6b53e87d8febf26c
C:\Repositorios\FutureWorks\LOPDP y la Educación Superior\No Subir\evaluaciones\Anteriores\Analisis APPWEB.zip;NO_PUBLICAR;C:\Repositorios\_no_publicar\no_subir\evaluaciones\Anteriores\Analisis APPWEB.zip;regla de ruta;fc081054381f2092
C:\Repositorios\FutureWorks\LOPDP y la Educación Superior\No Subir\evaluaciones\Anteriores\validacion_manual_accesibilidad_1.xlsx;NO_PUBLICAR;C:\Repositorios\_no_publicar\no_subir\evaluaciones\Anteriores\validacion_manual_accesibilidad_1.xlsx;regla de ruta;e6ac49d4fe48f385
C:\Repositorios\FutureWorks\LOPDP y la Educación Superior\No Subir\evaluaciones\Anteriores\validacion_manual_accesibilidad_alava.xlsx;NO_PUBLICAR;C:\Repositorios\_no_publicar\no_subir\evaluaciones\Anteriores\validacion_manual_accesibilidad_alava.xlsx;regla de ruta;4f04b7a5b7143ee9
C:\Repositorios\FutureWorks\LOPDP y la Educación Superior\No Subir\evaluaciones\Anteriores\validacion_manual_accesibilidad_carvajal.xlsx;NO_PUBLICAR;C:\Repositorios\_no_publicar\no_subir\evaluaciones\Anteriores\validacion_manual_accesibilidad_carvajal.xlsx;regla de ruta;619e2ec1a662a122
C:\Repositorios\FutureWorks\LOPDP y la Educación Superior\No Subir\evaluaciones\Anteriores\validacion_manual_accesibilidad_cinco.zip;NO_PUBLICAR;C:\Repositorios\_no_publicar\no_subir\evaluaciones\Anteriores\validacion_manual_accesibilidad_cinco.zip;regla de ruta;d5c717a3c4434da5
C:\Repositorios\FutureWorks\LOPDP y la Educación Superior\No Subir\evaluaciones\Anteriores\validacion_manual_accesibilidad_cruz.xlsx;NO_PUBLICAR;C:\Repositorios\_no_publicar\no_subir\evaluaciones\Anteriores\validacion_manual_accesibilidad_cruz.xlsx;regla de ruta;5a2a8b13a641dae8
C:\Repositorios\FutureWorks\LOPDP y la Educación Superior\No Subir\evaluaciones\Anteriores\validacion_manual_accesibilidad_cuatro.zip;NO_PUBLICAR;C:\Repositorios\_no_publicar\no_subir\evaluaciones\Anteriores\validacion_manual_accesibilidad_cuatro.zip;regla de ruta;a50a509865113bf7
C:\Repositorios\FutureWorks\LOPDP y la Educación Superior\No Subir\evaluaciones\Anteriores\validacion_manual_accesibilidad_diez.xlsx;NO_PUBLICAR;C:\Repositorios\_no_publicar\no_subir\evaluaciones\Anteriores\validacion_manual_accesibilidad_diez.xlsx;regla de ruta;e6ac49d4fe48f385
C:\Repositorios\FutureWorks\LOPDP y la Educación Superior\No Subir\evaluaciones\Anteriores\validacion_manual_accesibilidad_diez.zip;NO_PUBLICAR;C:\Repositorios\_no_publicar\no_subir\evaluaciones\Anteriores\validacion_manual_accesibilidad_diez.zip;regla de ruta;b49fac1d934dd6b6
C:\Repositorios\FutureWorks\LOPDP y la Educación Superior\No Subir\evaluaciones\Anteriores\validacion_manual_accesibilidad_dos.zip;NO_PUBLICAR;C:\Repositorios\_no_publicar\no_subir\evaluaciones\Anteriores\validacion_manual_accesibilidad_dos.zip;regla de ruta;e1f79a3e3269d025
C:\Repositorios\FutureWorks\LOPDP y la Educación Superior\No Subir\evaluaciones\Anteriores\validacion_manual_accesibilidad_escudero.xlsx;NO_PUBLICAR;C:\Repositorios\_no_publicar\no_subir\evaluaciones\Anteriores\validacion_manual_accesibilidad_escudero.xlsx;regla de ruta;27ece37ea0968a67
C:\Repositorios\FutureWorks\LOPDP y la Educación Superior\No Subir\evaluaciones\Anteriores\validacion_manual_accesibilidad_moncayo.xlsx;NO_PUBLICAR;C:\Repositorios\_no_publicar\no_subir\evaluaciones\Anteriores\validacion_manual_accesibilidad_moncayo.xlsx;regla de ruta;d22b3b940e58cda7
C:\Repositorios\FutureWorks\LOPDP y la Educación Superior\No Subir\evaluaciones\Anteriores\validacion_manual_accesibilidad_nueve.xlsx;NO_PUBLICAR;C:\Repositorios\_no_publicar\no_subir\evaluaciones\Anteriores\validacion_manual_accesibilidad_nueve.xlsx;regla de ruta;1015cb8790591195
C:\Repositorios\FutureWorks\LOPDP y la Educación Superior\No Subir\evaluaciones\Anteriores\validacion_manual_accesibilidad_ocho.zip;NO_PUBLICAR;C:\Repositorios\_no_publicar\no_subir\evaluaciones\Anteriores\validacion_manual_accesibilidad_ocho.zip;regla de ruta;e4e60bf774ada109
C:\Repositorios\FutureWorks\LOPDP y la Educación Superior\No Subir\evaluaciones\Anteriores\validacion_manual_accesibilidad_pallo.xlsx;NO_PUBLICAR;C:\Repositorios\_no_publicar\no_subir\evaluaciones\Anteriores\validacion_manual_accesibilidad_pallo.xlsx;regla de ruta;f2ff0d2017599c7f
C:\Repositorios\FutureWorks\LOPDP y la Educación Superior\No Subir\evaluaciones\Anteriores\validacion_manual_accesibilidad_rios.xlsx;NO_PUBLICAR;C:\Repositorios\_no_publicar\no_subir\evaluaciones\Anteriores\validacion_manual_accesibilidad_rios.xlsx;regla de ruta;e03b805ea8200629
C:\Repositorios\FutureWorks\LOPDP y la Educación Superior\No Subir\evaluaciones\Anteriores\validacion_manual_accesibilidad_seis.zip;NO_PUBLICAR;C:\Repositorios\_no_publicar\no_subir\evaluaciones\Anteriores\validacion_manual_accesibilidad_seis.zip;regla de ruta;c45ca01266be8350
C:\Repositorios\FutureWorks\LOPDP y la Educación Superior\No Subir\evaluaciones\Anteriores\validacion_manual_accesibilidad_siete.zip;NO_PUBLICAR;C:\Repositorios\_no_publicar\no_subir\evaluaciones\Anteriores\validacion_manual_accesibilidad_siete.zip;regla de ruta;de7d0fd9fe99e183
C:\Repositorios\FutureWorks\LOPDP y la Educación Superior\No Subir\evaluaciones\Anteriores\validacion_manual_accesibilidad_tejada.xlsx;NO_PUBLICAR;C:\Repositorios\_no_publicar\no_subir\evaluaciones\Anteriores\validacion_manual_accesibilidad_tejada.xlsx;regla de ruta;440cb03ef65d64b0
C:\Repositorios\FutureWorks\LOPDP y la Educación Superior\No Subir\evaluaciones\Anteriores\validacion_manual_accesibilidad_tres.xlsx;NO_PUBLICAR;C:\Repositorios\_no_publicar\no_subir\evaluaciones\Anteriores\validacion_manual_accesibilidad_tres.xlsx;regla de ruta;904f3d87ae28b061
C:\Repositorios\FutureWorks\LOPDP y la Educación Superior\No Subir\evaluaciones\Anteriores\validacion_manual_accesibilidad_umaginga.xlsx;NO_PUBLICAR;C:\Repositorios\_no_publicar\no_subir\evaluaciones\Anteriores\validacion_manual_accesibilidad_umaginga.xlsx;regla de ruta;4aeea761503ae835
C:\Repositorios\FutureWorks\LOPDP y la Educación Superior\No Subir\evaluaciones\Anteriores\validacion_manual_accesibilidad_uno.xlsx;NO_PUBLICAR;C:\Repositorios\_no_publicar\no_subir\evaluaciones\Anteriores\validacion_manual_accesibilidad_uno.xlsx;regla de ruta;6fe0273b61746d22
C:\Repositorios\FutureWorks\LOPDP y la Educación Superior\No Subir\evaluaciones\Anteriores\validacion_manual_accesibilidad_z_arias.xlsx;NO_PUBLICAR;C:\Repositorios\_no_publicar\no_subir\evaluaciones\Anteriores\validacion_manual_accesibilidad_z_arias.xlsx;regla de ruta;70be5d191d8fbabd
C:\Repositorios\FutureWorks\LOPDP y la Educación Superior\No Subir\evaluaciones\doble evaluación\5_doble_validaciones.zip;NO_PUBLICAR;C:\Repositorios\_no_publicar\no_subir\evaluaciones\doble evaluación\5_doble_validaciones.zip;regla de ruta;1ca9456bdb61f297
C:\Repositorios\FutureWorks\LOPDP y la Educación Superior\No Subir\evaluaciones\doble evaluación\doble evaluación_accesibilidad_andrea.xlsx;NO_PUBLICAR;C:\Repositorios\_no_publicar\no_subir\evaluaciones\doble evaluación\doble evaluación_accesibilidad_andrea.xlsx;regla de ruta;0d552c1dd8944b9f
C:\Repositorios\FutureWorks\LOPDP y la Educación Superior\No Subir\evaluaciones\doble evaluación\UTEQ_BERKELEY_1.1.1.png;NO_PUBLICAR;C:\Repositorios\_no_publicar\no_subir\evaluaciones\doble evaluación\UTEQ_BERKELEY_1.1.1.png;regla de ruta;e3cf28e39d2950ac
C:\Repositorios\FutureWorks\LOPDP y la Educación Superior\No Subir\evaluaciones\doble evaluación\UTEQ_BERKELEY_1.4.3.png;NO_PUBLICAR;C:\Repositorios\_no_publicar\no_subir\evaluaciones\doble evaluación\UTEQ_BERKELEY_1.4.3.png;regla de ruta;e4779a9845c172f4
C:\Repositorios\FutureWorks\LOPDP y la Educación Superior\No Subir\evaluaciones\doble evaluación\UTEQ_BERKELEY_2.4.4.png;NO_PUBLICAR;C:\Repositorios\_no_publicar\no_subir\evaluaciones\doble evaluación\UTEQ_BERKELEY_2.4.4.png;regla de ruta;c092571e09f81768
C:\Repositorios\FutureWorks\LOPDP y la Educación Superior\No Subir\evaluaciones\doble evaluación\UTEQ_IAEN_1.1.1.png;NO_PUBLICAR;C:\Repositorios\_no_publicar\no_subir\evaluaciones\doble evaluación\UTEQ_IAEN_1.1.1.png;regla de ruta;383392676e66a15b
C:\Repositorios\FutureWorks\LOPDP y la Educación Superior\No Subir\evaluaciones\doble evaluación\UTEQ_IAEN_1.4.3.png;NO_PUBLICAR;C:\Repositorios\_no_publicar\no_subir\evaluaciones\doble evaluación\UTEQ_IAEN_1.4.3.png;regla de ruta;e8081c16c093156f
C:\Repositorios\FutureWorks\LOPDP y la Educación Superior\No Subir\evaluaciones\doble evaluación\UTEQ_IAEN_2.4.4.png;NO_PUBLICAR;C:\Repositorios\_no_publicar\no_subir\evaluaciones\doble evaluación\UTEQ_IAEN_2.4.4.png;regla de ruta;db9dfec1d8b956aa
C:\Repositorios\FutureWorks\LOPDP y la Educación Superior\No Subir\evaluaciones\doble evaluación\UTEQ_UCL_1.1.1.png;NO_PUBLICAR;C:\Repositorios\_no_publicar\no_subir\evaluaciones\doble evaluación\UTEQ_UCL_1.1.1.png;regla de ruta;7221656a781c911b
C:\Repositorios\FutureWorks\LOPDP y la Educación Superior\No Subir\evaluaciones\doble evaluación\UTEQ_UCL_1.4.3.png;NO_PUBLICAR;C:\Repositorios\_no_publicar\no_subir\evaluaciones\doble evaluación\UTEQ_UCL_1.4.3.png;regla de ruta;bf83abeda99f0be5
C:\Repositorios\FutureWorks\LOPDP y la Educación Superior\No Subir\evaluaciones\doble evaluación\UTEQ_UCL_2.4.4.png;NO_PUBLICAR;C:\Repositorios\_no_publicar\no_subir\evaluaciones\doble evaluación\UTEQ_UCL_2.4.4.png;regla de ruta;710ae6f62bf3311e
C:\Repositorios\FutureWorks\LOPDP y la Educación Superior\No Subir\evaluaciones\doble evaluación\UTEQ_UNESUM_1.1.1.png;NO_PUBLICAR;C:\Repositorios\_no_publicar\no_subir\evaluaciones\doble evaluación\UTEQ_UNESUM_1.1.1.png;regla de ruta;5e6935f020fbb543
C:\Repositorios\FutureWorks\LOPDP y la Educación Superior\No Subir\evaluaciones\doble evaluación\UTEQ_UNESUM_1.4.3.png;NO_PUBLICAR;C:\Repositorios\_no_publicar\no_subir\evaluaciones\doble evaluación\UTEQ_UNESUM_1.4.3.png;regla de ruta;427fbf42dd0dcc80
C:\Repositorios\FutureWorks\LOPDP y la Educación Superior\No Subir\evaluaciones\doble evaluación\UTEQ_UNESUM_2.4.4.png;NO_PUBLICAR;C:\Repositorios\_no_publicar\no_subir\evaluaciones\doble evaluación\UTEQ_UNESUM_2.4.4.png;regla de ruta;c2695eaccd70b99c
C:\Repositorios\FutureWorks\LOPDP y la Educación Superior\No Subir\evaluaciones\doble evaluación\UTEQ_USECIPOL_1.1.1.png;NO_PUBLICAR;C:\Repositorios\_no_publicar\no_subir\evaluaciones\doble evaluación\UTEQ_USECIPOL_1.1.1.png;regla de ruta;331c19ceb65d0842
C:\Repositorios\FutureWorks\LOPDP y la Educación Superior\No Subir\evaluaciones\doble evaluación\UTEQ_USECIPOL_1.4.3.png;NO_PUBLICAR;C:\Repositorios\_no_publicar\no_subir\evaluaciones\doble evaluación\UTEQ_USECIPOL_1.4.3.png;regla de ruta;fee842b11c3c3dfe
C:\Repositorios\FutureWorks\LOPDP y la Educación Superior\No Subir\evaluaciones\doble evaluación\UTEQ_USECIPOL_2.4.4.png;NO_PUBLICAR;C:\Repositorios\_no_publicar\no_subir\evaluaciones\doble evaluación\UTEQ_USECIPOL_2.4.4.png;regla de ruta;a357fc315ac6710e
C:\Repositorios\FutureWorks\LOPDP y la Educación Superior\No Subir\evaluaciones\Evaluacion a paginas de universidades_tejada.zip;NO_PUBLICAR;C:\Repositorios\_no_publicar\no_subir\evaluaciones\Evaluacion a paginas de universidades_tejada.zip;regla de ruta;3df1dd39fed4f4ec
C:\Repositorios\FutureWorks\LOPDP y la Educación Superior\No Subir\evaluaciones\EvidenciasFB.rar;NO_PUBLICAR;C:\Repositorios\_no_publicar\no_subir\evaluaciones\EvidenciasFB.rar;regla de ruta;94cc112f72fcb5cd
C:\Repositorios\FutureWorks\LOPDP y la Educación Superior\No Subir\evaluaciones\validacion_manual_accesibilidad_calle.zip;NO_PUBLICAR;C:\Repositorios\_no_publicar\no_subir\evaluaciones\validacion_manual_accesibilidad_calle.zip;regla de ruta;9151b090469fbe96
C:\Repositorios\FutureWorks\LOPDP y la Educación Superior\No Subir\evaluaciones\validacion_manual_accesibilidad_carvajal.zip;NO_PUBLICAR;C:\Repositorios\_no_publicar\no_subir\evaluaciones\validacion_manual_accesibilidad_carvajal.zip;regla de ruta;e3e2284761841a52
C:\Repositorios\FutureWorks\LOPDP y la Educación Superior\No Subir\evaluaciones\validacion_manual_accesibilidad_cruz.zip;NO_PUBLICAR;C:\Repositorios\_no_publicar\no_subir\evaluaciones\validacion_manual_accesibilidad_cruz.zip;regla de ruta;5f5447d35863ebaf
C:\Repositorios\FutureWorks\LOPDP y la Educación Superior\No Subir\evaluaciones\validacion_manual_accesibilidad_figueroa.xlsx;NO_PUBLICAR;C:\Repositorios\_no_publicar\no_subir\evaluaciones\validacion_manual_accesibilidad_figueroa.xlsx;regla de ruta;830ea9291ad99dcb
C:\Repositorios\FutureWorks\LOPDP y la Educación Superior\No Subir\evaluaciones\validacion_manual_accesibilidad_pallo.xlsx;NO_PUBLICAR;C:\Repositorios\_no_publicar\no_subir\evaluaciones\validacion_manual_accesibilidad_pallo.xlsx;regla de ruta;df7c66aec2006327
C:\Repositorios\FutureWorks\LOPDP y la Educación Superior\No Subir\evaluaciones\validacion_manual_accesibilidad_panama.xlsx;NO_PUBLICAR;C:\Repositorios\_no_publicar\no_subir\evaluaciones\validacion_manual_accesibilidad_panama.xlsx;regla de ruta;b465cfbcd361f592
C:\Repositorios\FutureWorks\LOPDP y la Educación Superior\No Subir\evaluaciones\validacion_manual_accesibilidad_rios.zip;NO_PUBLICAR;C:\Repositorios\_no_publicar\no_subir\evaluaciones\validacion_manual_accesibilidad_rios.zip;regla de ruta;5097149dc40c3fb5
C:\Repositorios\FutureWorks\LOPDP y la Educación Superior\No Subir\evaluaciones\validacion_manual_accesibilidad_seis.rar;NO_PUBLICAR;C:\Repositorios\_no_publicar\no_subir\evaluaciones\validacion_manual_accesibilidad_seis.rar;regla de ruta;94cc112f72fcb5cd
C:\Repositorios\FutureWorks\LOPDP y la Educación Superior\No Subir\evaluaciones\validacion_manual_accesibilidad_taipe.zip;NO_PUBLICAR;C:\Repositorios\_no_publicar\no_subir\evaluaciones\validacion_manual_accesibilidad_taipe.zip;regla de ruta;01bb8692c3e4721d
C:\Repositorios\FutureWorks\LOPDP y la Educación Superior\No Subir\Evidencia de Banner de cookies y de Cookies - Pacheco.docx;NO_PUBLICAR;C:\Repositorios\_no_publicar\no_subir\Evidencia de Banner de cookies y de Cookies - Pacheco.docx;regla de ruta;173e1bb288c909a7
C:\Repositorios\FutureWorks\LOPDP y la Educación Superior\No Subir\extractor_1_1_1.js;NO_PUBLICAR;C:\Repositorios\_no_publicar\no_subir\extractor_1_1_1.js;CANDIDATO A RESCATE: instrumento de muestreo del criterio 1.1.1;6eaf6a49e43ec46f
C:\Repositorios\FutureWorks\LOPDP y la Educación Superior\No Subir\files.zip;NO_PUBLICAR;C:\Repositorios\_no_publicar\no_subir\files.zip;regla de ruta;8739c76e681f9009
C:\Repositorios\FutureWorks\LOPDP y la Educación Superior\No Subir\Libro1.xlsx;NO_PUBLICAR;C:\Repositorios\_no_publicar\no_subir\Libro1.xlsx;regla de ruta;9ab8e67ed6c9fa14
C:\Repositorios\FutureWorks\LOPDP y la Educación Superior\No Subir\manuscrito_UAIS_final.zip;NO_PUBLICAR;C:\Repositorios\_no_publicar\no_subir\manuscrito_UAIS_final.zip;regla de ruta;a9d1e802332a9bc8
C:\Repositorios\FutureWorks\LOPDP y la Educación Superior\No Subir\muestra_111.js;NO_PUBLICAR;C:\Repositorios\_no_publicar\no_subir\muestra_111.js;CANDIDATO A RESCATE: instrumento de muestreo del criterio 1.1.1;6a130c9f9e81a42d
C:\Repositorios\FutureWorks\LOPDP y la Educación Superior\No Subir\p1_estudio_principal.zip;NO_PUBLICAR;C:\Repositorios\_no_publicar\no_subir\p1_estudio_principal.zip;regla de ruta;85486b78f509ee0e
C:\Repositorios\FutureWorks\LOPDP y la Educación Superior\No Subir\Parte de Andrea.txt;NO_PUBLICAR;C:\Repositorios\_no_publicar\no_subir\Parte de Andrea.txt;regla de ruta;333d5ac0d414f0b5
C:\Repositorios\FutureWorks\LOPDP y la Educación Superior\No Subir\plantilla_1_1_1.csv;NO_PUBLICAR;C:\Repositorios\_no_publicar\no_subir\plantilla_1_1_1.csv;CANDIDATO A RESCATE: plantilla entregada a los evaluadores;5bb41b7acddfb770
C:\Repositorios\FutureWorks\LOPDP y la Educación Superior\No Subir\recodificacion_111.csv;NO_PUBLICAR;C:\Repositorios\_no_publicar\no_subir\recodificacion_111.csv;CANDIDATO A RESCATE: completa la serie 1.1.1 / 1.4.3 / 2.4.4;5e5dc02ec2dc645c
C:\Repositorios\FutureWorks\LOPDP y la Educación Superior\No Subir\recodificacion_143.csv;NO_PUBLICAR;C:\Repositorios\_no_publicar\no_subir\recodificacion_143.csv;CANDIDATO A RESCATE: variante con tamano distinto al publicado;3e2540df69dcf8a2
C:\Repositorios\FutureWorks\LOPDP y la Educación Superior\No Subir\recodificacion_244.csv;NO_PUBLICAR;C:\Repositorios\_no_publicar\no_subir\recodificacion_244.csv;CANDIDATO A RESCATE: variante con tamano distinto al publicado;4007414d881a32fd
C:\Repositorios\FutureWorks\LOPDP y la Educación Superior\No Subir\Springer_UAIS\15 Evaluaciones\Evaluacion_manual_Fajardo.rar;NO_PUBLICAR;C:\Repositorios\_no_publicar\no_subir\Springer_UAIS\15 Evaluaciones\Evaluacion_manual_Fajardo.rar;regla de ruta;c49aedc2b00e68b1
C:\Repositorios\FutureWorks\LOPDP y la Educación Superior\No Subir\Springer_UAIS\15 Evaluaciones\evaluacion_manual_Fred_Beltran.rar;NO_PUBLICAR;C:\Repositorios\_no_publicar\no_subir\Springer_UAIS\15 Evaluaciones\evaluacion_manual_Fred_Beltran.rar;regla de ruta;37abb04dd9d0b96f
C:\Repositorios\FutureWorks\LOPDP y la Educación Superior\No Subir\Springer_UAIS\15 Evaluaciones\Excel+Capturas_Castro_Espinoza.rar;NO_PUBLICAR;C:\Repositorios\_no_publicar\no_subir\Springer_UAIS\15 Evaluaciones\Excel+Capturas_Castro_Espinoza.rar;regla de ruta;1de55120e5c57e86
C:\Repositorios\FutureWorks\LOPDP y la Educación Superior\No Subir\Springer_UAIS\15 Evaluaciones\manual_accesibilidad_zamora_arias.xlsx;NO_PUBLICAR;C:\Repositorios\_no_publicar\no_subir\Springer_UAIS\15 Evaluaciones\manual_accesibilidad_zamora_arias.xlsx;regla de ruta;0f001d03ca05e38e
C:\Repositorios\FutureWorks\LOPDP y la Educación Superior\No Subir\Springer_UAIS\5 Evaluaciones\evaluación Villamarín\IAEN_1-1-1_01.png;NO_PUBLICAR;C:\Repositorios\_no_publicar\no_subir\Springer_UAIS\5 Evaluaciones\evaluación Villamarín\IAEN_1-1-1_01.png;regla de ruta;d1d1b4a598ea53b8
C:\Repositorios\FutureWorks\LOPDP y la Educación Superior\No Subir\Springer_UAIS\5 Evaluaciones\evaluación Villamarín\IAEN_1-4-3_01.png;NO_PUBLICAR;C:\Repositorios\_no_publicar\no_subir\Springer_UAIS\5 Evaluaciones\evaluación Villamarín\IAEN_1-4-3_01.png;regla de ruta;e3ed37b1ae3cd4a4
C:\Repositorios\FutureWorks\LOPDP y la Educación Superior\No Subir\Springer_UAIS\5 Evaluaciones\evaluación Villamarín\IAEN_2-4-4_01.png;NO_PUBLICAR;C:\Repositorios\_no_publicar\no_subir\Springer_UAIS\5 Evaluaciones\evaluación Villamarín\IAEN_2-4-4_01.png;regla de ruta;621f5505834e7e30
C:\Repositorios\FutureWorks\LOPDP y la Educación Superior\No Subir\Springer_UAIS\5 Evaluaciones\evaluación Villamarín\validacion_manual_accesibilidad_Villamarín.xlsx;NO_PUBLICAR;C:\Repositorios\_no_publicar\no_subir\Springer_UAIS\5 Evaluaciones\evaluación Villamarín\validacion_manual_accesibilidad_Villamarín.xlsx;regla de ruta;880b9139f63373c5
C:\Repositorios\FutureWorks\LOPDP y la Educación Superior\No Subir\Springer_UAIS\5 Evaluaciones\evaluación Villamarín.rar;NO_PUBLICAR;C:\Repositorios\_no_publicar\no_subir\Springer_UAIS\5 Evaluaciones\evaluación Villamarín.rar;regla de ruta;cc4f191deba47fc7
C:\Repositorios\FutureWorks\LOPDP y la Educación Superior\No Subir\Springer_UAIS\5 Evaluaciones\validacion_manual_accesibilidad_1-Farinango.xlsx;NO_PUBLICAR;C:\Repositorios\_no_publicar\no_subir\Springer_UAIS\5 Evaluaciones\validacion_manual_accesibilidad_1-Farinango.xlsx;regla de ruta;1c9edb516dcdf38c
C:\Repositorios\FutureWorks\LOPDP y la Educación Superior\No Subir\Springer_UAIS\5 Evaluaciones\validacion_manual_accesibilidad_Gaibor.xlsx;NO_PUBLICAR;C:\Repositorios\_no_publicar\no_subir\Springer_UAIS\5 Evaluaciones\validacion_manual_accesibilidad_Gaibor.xlsx;regla de ruta;43c06ffb68ecb981
C:\Repositorios\FutureWorks\LOPDP y la Educación Superior\No Subir\Springer_UAIS\auditoria_v3\resultados.zip;NO_PUBLICAR;C:\Repositorios\_no_publicar\no_subir\Springer_UAIS\auditoria_v3\resultados.zip;regla de ruta;cf0a4ed1be99d716
C:\Repositorios\FutureWorks\LOPDP y la Educación Superior\No Subir\Springer_UAIS\privacidad_UAIS_en.aux;NO_PUBLICAR;C:\Repositorios\_no_publicar\no_subir\Springer_UAIS\privacidad_UAIS_en.aux;regla de ruta;a950c28548d42762
C:\Repositorios\FutureWorks\LOPDP y la Educación Superior\No Subir\Springer_UAIS\privacidad_UAIS_en.bbl;NO_PUBLICAR;C:\Repositorios\_no_publicar\no_subir\Springer_UAIS\privacidad_UAIS_en.bbl;regla de ruta;6d7c13100f8450b3
C:\Repositorios\FutureWorks\LOPDP y la Educación Superior\No Subir\Springer_UAIS\privacidad_UAIS_en.blg;NO_PUBLICAR;C:\Repositorios\_no_publicar\no_subir\Springer_UAIS\privacidad_UAIS_en.blg;regla de ruta;daa4ce61f53029bf
C:\Repositorios\FutureWorks\LOPDP y la Educación Superior\No Subir\Springer_UAIS\privacidad_UAIS_en.log;NO_PUBLICAR;C:\Repositorios\_no_publicar\no_subir\Springer_UAIS\privacidad_UAIS_en.log;regla de ruta;8666e9644012d655
C:\Repositorios\FutureWorks\LOPDP y la Educación Superior\No Subir\Springer_UAIS\privacidad_UAIS_en.out;NO_PUBLICAR;C:\Repositorios\_no_publicar\no_subir\Springer_UAIS\privacidad_UAIS_en.out;regla de ruta;98d1dc765f33b822
C:\Repositorios\FutureWorks\LOPDP y la Educación Superior\No Subir\Springer_UAIS\privacidad_UAIS_en.synctex.gz;NO_PUBLICAR;C:\Repositorios\_no_publicar\no_subir\Springer_UAIS\privacidad_UAIS_en.synctex.gz;regla de ruta;00c441fae3828ff5
C:\Repositorios\FutureWorks\LOPDP y la Educación Superior\No Subir\Springer_UAIS Version Before\analisis_4puntos.txt;NO_PUBLICAR;C:\Repositorios\_no_publicar\no_subir\Springer_UAIS Version Before\analisis_4puntos.txt;regla de ruta;4d70f169a46b0f74
C:\Repositorios\FutureWorks\LOPDP y la Educación Superior\No Subir\Springer_UAIS Version Before\analisis_final.txt;NO_PUBLICAR;C:\Repositorios\_no_publicar\no_subir\Springer_UAIS Version Before\analisis_final.txt;regla de ruta;88772cde59599fc9
C:\Repositorios\FutureWorks\LOPDP y la Educación Superior\No Subir\Springer_UAIS Version Before\privacidad_UAIS_en.aux;NO_PUBLICAR;C:\Repositorios\_no_publicar\no_subir\Springer_UAIS Version Before\privacidad_UAIS_en.aux;regla de ruta;1d15d71668c37c96
C:\Repositorios\FutureWorks\LOPDP y la Educación Superior\No Subir\Springer_UAIS Version Before\privacidad_UAIS_en.bbl;NO_PUBLICAR;C:\Repositorios\_no_publicar\no_subir\Springer_UAIS Version Before\privacidad_UAIS_en.bbl;regla de ruta;e19697c6725c31d3
C:\Repositorios\FutureWorks\LOPDP y la Educación Superior\No Subir\Springer_UAIS Version Before\privacidad_UAIS_en.blg;NO_PUBLICAR;C:\Repositorios\_no_publicar\no_subir\Springer_UAIS Version Before\privacidad_UAIS_en.blg;regla de ruta;5cf04d5b8ea53828
C:\Repositorios\FutureWorks\LOPDP y la Educación Superior\No Subir\Springer_UAIS Version Before\privacidad_UAIS_en.log;NO_PUBLICAR;C:\Repositorios\_no_publicar\no_subir\Springer_UAIS Version Before\privacidad_UAIS_en.log;regla de ruta;4373ac001eb53b7a
C:\Repositorios\FutureWorks\LOPDP y la Educación Superior\No Subir\Springer_UAIS Version Before\privacidad_UAIS_en.out;NO_PUBLICAR;C:\Repositorios\_no_publicar\no_subir\Springer_UAIS Version Before\privacidad_UAIS_en.out;regla de ruta;9ef41d9e946269e3
C:\Repositorios\FutureWorks\LOPDP y la Educación Superior\No Subir\Springer_UAIS Version Before\privacidad_UAIS_en.synctex.gz;NO_PUBLICAR;C:\Repositorios\_no_publicar\no_subir\Springer_UAIS Version Before\privacidad_UAIS_en.synctex.gz;regla de ruta;2eb9c9c950220a65
C:\Repositorios\FutureWorks\LOPDP y la Educación Superior\No Subir\Springer_UAIS Version Before\privacidad_UAIS_es.aux;NO_PUBLICAR;C:\Repositorios\_no_publicar\no_subir\Springer_UAIS Version Before\privacidad_UAIS_es.aux;regla de ruta;3e625fc52a69a76b
C:\Repositorios\FutureWorks\LOPDP y la Educación Superior\No Subir\Springer_UAIS Version Before\privacidad_UAIS_es.bbl;NO_PUBLICAR;C:\Repositorios\_no_publicar\no_subir\Springer_UAIS Version Before\privacidad_UAIS_es.bbl;regla de ruta;e19697c6725c31d3
C:\Repositorios\FutureWorks\LOPDP y la Educación Superior\No Subir\Springer_UAIS Version Before\privacidad_UAIS_es.blg;NO_PUBLICAR;C:\Repositorios\_no_publicar\no_subir\Springer_UAIS Version Before\privacidad_UAIS_es.blg;regla de ruta;b889f2a2600428e3
C:\Repositorios\FutureWorks\LOPDP y la Educación Superior\No Subir\Springer_UAIS Version Before\privacidad_UAIS_es.log;NO_PUBLICAR;C:\Repositorios\_no_publicar\no_subir\Springer_UAIS Version Before\privacidad_UAIS_es.log;regla de ruta;f5538febde6004ce
C:\Repositorios\FutureWorks\LOPDP y la Educación Superior\No Subir\Springer_UAIS Version Before\privacidad_UAIS_es.out;NO_PUBLICAR;C:\Repositorios\_no_publicar\no_subir\Springer_UAIS Version Before\privacidad_UAIS_es.out;regla de ruta;4d57fa94f12c841d
C:\Repositorios\FutureWorks\LOPDP y la Educación Superior\No Subir\Springer_UAIS Version Before\privacidad_UAIS_es.synctex.gz;NO_PUBLICAR;C:\Repositorios\_no_publicar\no_subir\Springer_UAIS Version Before\privacidad_UAIS_es.synctex.gz;regla de ruta;ecea11b769f95efa
C:\Repositorios\FutureWorks\LOPDP y la Educación Superior\No Subir\validacion_manual_accesibilidad.csv;NO_PUBLICAR;C:\Repositorios\_no_publicar\no_subir\validacion_manual_accesibilidad.csv;regla de ruta;b696b887ff615472
C:\Repositorios\FutureWorks\LOPDP y la Educación Superior\No Subir\validacion_manual_accesibilidad.xlsx;NO_PUBLICAR;C:\Repositorios\_no_publicar\no_subir\validacion_manual_accesibilidad.xlsx;regla de ruta;5c7da59fc4df14dd
C:\Repositorios\FutureWorks\LOPDP y la Educación Superior\No Subir\validacion_manual_accesibilidad_1.xlsx;NO_PUBLICAR;C:\Repositorios\_no_publicar\no_subir\validacion_manual_accesibilidad_1.xlsx;regla de ruta;5166e9b2c5f89583
C:\Repositorios\FutureWorks\LOPDP y la Educación Superior\No Subir\verificacion_banner_cookies - Pacheco.csv;NO_PUBLICAR;C:\Repositorios\_no_publicar\no_subir\verificacion_banner_cookies - Pacheco.csv;regla de ruta;79200b8a15dd3ce4
C:\Repositorios\FutureWorks\LOPDP y la Educación Superior\No Subir\World University Rankings2026.xlsx;NO_PUBLICAR;C:\Repositorios\_no_publicar\no_subir\World University Rankings2026.xlsx;regla de ruta;8608391297819376
C:\Repositorios\FutureWorks\LOPDP y la Educación Superior\No Subir\【ShanghaiRanking】 2025 Academic Ranking of World Unhiversities.xlsx;NO_PUBLICAR;C:\Repositorios\_no_publicar\no_subir\【ShanghaiRanking】 2025 Academic Ranking of World Unhiversities.xlsx;regla de ruta;d18ed4a2fbc3dcde
C:\Repositorios\FutureWorks\LOPDP y la Educación Superior\No Subir\【ShanghaiRanking】 2026 Academic Ranking of World Unhiversities.xlsx;NO_PUBLICAR;C:\Repositorios\_no_publicar\no_subir\【ShanghaiRanking】 2026 Academic Ranking of World Unhiversities.xlsx;regla de ruta;0fa3cf640bd124e2
C:\Repositorios\FutureWorks\LOPDP y la Educación Superior\plan_repositorio.csv;OMITIR;;regla de exclusion;
C:\Repositorios\FutureWorks\LOPDP y la Educación Superior\preparar_repositorio.ps1;OMITIR;;regla de exclusion;
C:\Repositorios\FutureWorks\LOPDP y la Educación Superior\privacidad_mundo.bib;NO_PUBLICAR;C:\Repositorios\_no_publicar\manuscrito\privacidad_mundo.bib;regla de ruta;0c61b61649b8c766
C:\Repositorios\FutureWorks\LOPDP y la Educación Superior\protocolo_multipunto.pdf;DUPLICADO;;identico a auditoria_multipunto_windows/protocolo_multipunto.pdf;fa33a1f7bce4ac78
C:\Repositorios\FutureWorks\LOPDP y la Educación Superior\README.md;REPOSITORIO;C:\Repositorios\wcag-preconsent-tracking-university-websites\README.md;regla de ruta;9a1c92725c4160b8
C:\Repositorios\FutureWorks\LOPDP y la Educación Superior\reconstruir_cookies.py;REPOSITORIO;C:\Repositorios\wcag-preconsent-tracking-university-websites\code\analysis\reconstruir_cookies.py;regla de ruta;a3958e4fafb7e566
C:\Repositorios\FutureWorks\LOPDP y la Educación Superior\reporte_cookies_extranjeras.csv;REPOSITORIO;C:\Repositorios\wcag-preconsent-tracking-university-websites\data\processed\reporte_cookies_extranjeras.csv;regla de ruta;4d6791489d6ae46d
C:\Repositorios\FutureWorks\LOPDP y la Educación Superior\reporte_cookies_nacionales.csv;REPOSITORIO;C:\Repositorios\wcag-preconsent-tracking-university-websites\data\processed\reporte_cookies_nacionales.csv;regla de ruta;1f025e6d7598d8ad
C:\Repositorios\FutureWorks\LOPDP y la Educación Superior\sensibilidad_muestreo.py;REPOSITORIO;C:\Repositorios\wcag-preconsent-tracking-university-websites\code\analysis\sensibilidad_muestreo.py;regla de ruta;a966a4d3bbee4008
C:\Repositorios\FutureWorks\LOPDP y la Educación Superior\Springer_UAIS\auditoria_v3\1_ecuador.bat;REPOSITORIO;C:\Repositorios\wcag-preconsent-tracking-university-websites\code\collection\launchers\1_ecuador.bat;regla de ruta;83224624400ca2b9
C:\Repositorios\FutureWorks\LOPDP y la Educación Superior\Springer_UAIS\auditoria_v3\2_alemania_datacenter.bat;REPOSITORIO;C:\Repositorios\wcag-preconsent-tracking-university-websites\code\collection\launchers\2_alemania_datacenter.bat;regla de ruta;8697831d8db1745d
C:\Repositorios\FutureWorks\LOPDP y la Educación Superior\Springer_UAIS\auditoria_v3\3_alemania_residencial.bat;REPOSITORIO;C:\Repositorios\wcag-preconsent-tracking-university-websites\code\collection\launchers\3_alemania_residencial.bat;regla de ruta;b59aa9f1a8dd9082
C:\Repositorios\FutureWorks\LOPDP y la Educación Superior\Springer_UAIS\auditoria_v3\4_suiza.bat;REPOSITORIO;C:\Repositorios\wcag-preconsent-tracking-university-websites\code\collection\launchers\4_suiza.bat;regla de ruta;fd695ebfe2cf5b70
C:\Repositorios\FutureWorks\LOPDP y la Educación Superior\Springer_UAIS\auditoria_v3\5_reino_unido.bat;REPOSITORIO;C:\Repositorios\wcag-preconsent-tracking-university-websites\code\collection\launchers\5_reino_unido.bat;regla de ruta;e2794250fe43d525
C:\Repositorios\FutureWorks\LOPDP y la Educación Superior\Springer_UAIS\auditoria_v3\6_estados_unidos.bat;REPOSITORIO;C:\Repositorios\wcag-preconsent-tracking-university-websites\code\collection\launchers\6_estados_unidos.bat;regla de ruta;d151caf41c6be5c8
C:\Repositorios\FutureWorks\LOPDP y la Educación Superior\Springer_UAIS\auditoria_v3\auditar_multipunto.js;DUPLICADO;;identico a auditar_multipunto.js;7c774b46540e6cf9
C:\Repositorios\FutureWorks\LOPDP y la Educación Superior\Springer_UAIS\auditoria_v3\meta_CH_r1.json;REPOSITORIO;C:\Repositorios\wcag-preconsent-tracking-university-websites\data\raw\tracking\meta_CH_r1.json;regla de ruta;a7bde1f9e772b42e
C:\Repositorios\FutureWorks\LOPDP y la Educación Superior\Springer_UAIS\auditoria_v3\meta_CH_r2.json;REPOSITORIO;C:\Repositorios\wcag-preconsent-tracking-university-websites\data\raw\tracking\meta_CH_r2.json;regla de ruta;9e3d8aa3d7ff36a9
C:\Repositorios\FutureWorks\LOPDP y la Educación Superior\Springer_UAIS\auditoria_v3\meta_CH_r3.json;REPOSITORIO;C:\Repositorios\wcag-preconsent-tracking-university-websites\data\raw\tracking\meta_CH_r3.json;regla de ruta;1a08f634287e9f18
C:\Repositorios\FutureWorks\LOPDP y la Educación Superior\Springer_UAIS\auditoria_v3\meta_EC_r0.json;REPOSITORIO;C:\Repositorios\wcag-preconsent-tracking-university-websites\data\raw\tracking\meta_EC_r0.json;regla de ruta;407de8a5bbc7376f
C:\Repositorios\FutureWorks\LOPDP y la Educación Superior\Springer_UAIS\auditoria_v3\meta_EC_r1.json;REPOSITORIO;C:\Repositorios\wcag-preconsent-tracking-university-websites\data\raw\tracking\meta_EC_r1.json;regla de ruta;e8512504cdfc8f5d
C:\Repositorios\FutureWorks\LOPDP y la Educación Superior\Springer_UAIS\auditoria_v3\meta_EC_r2.json;REPOSITORIO;C:\Repositorios\wcag-preconsent-tracking-university-websites\data\raw\tracking\meta_EC_r2.json;regla de ruta;312bb442cb461877
C:\Repositorios\FutureWorks\LOPDP y la Educación Superior\Springer_UAIS\auditoria_v3\meta_EC_r3.json;REPOSITORIO;C:\Repositorios\wcag-preconsent-tracking-university-websites\data\raw\tracking\meta_EC_r3.json;regla de ruta;e796dc93236ce5a9
C:\Repositorios\FutureWorks\LOPDP y la Educación Superior\Springer_UAIS\auditoria_v3\meta_EU_r1.json;REPOSITORIO;C:\Repositorios\wcag-preconsent-tracking-university-websites\data\raw\tracking\meta_EU_r1.json;regla de ruta;673683e9f0edda9d
C:\Repositorios\FutureWorks\LOPDP y la Educación Superior\Springer_UAIS\auditoria_v3\meta_EU_r2.json;REPOSITORIO;C:\Repositorios\wcag-preconsent-tracking-university-websites\data\raw\tracking\meta_EU_r2.json;regla de ruta;c98b24abde963cbe
C:\Repositorios\FutureWorks\LOPDP y la Educación Superior\Springer_UAIS\auditoria_v3\meta_EU_r3.json;REPOSITORIO;C:\Repositorios\wcag-preconsent-tracking-university-websites\data\raw\tracking\meta_EU_r3.json;regla de ruta;b25d7ece2ce9214b
C:\Repositorios\FutureWorks\LOPDP y la Educación Superior\Springer_UAIS\auditoria_v3\meta_GB_r1.json;REPOSITORIO;C:\Repositorios\wcag-preconsent-tracking-university-websites\data\raw\tracking\meta_GB_r1.json;regla de ruta;2385df80c2463935
C:\Repositorios\FutureWorks\LOPDP y la Educación Superior\Springer_UAIS\auditoria_v3\meta_GB_r2.json;REPOSITORIO;C:\Repositorios\wcag-preconsent-tracking-university-websites\data\raw\tracking\meta_GB_r2.json;regla de ruta;b650f342e60a2f2e
C:\Repositorios\FutureWorks\LOPDP y la Educación Superior\Springer_UAIS\auditoria_v3\meta_GB_r3.json;REPOSITORIO;C:\Repositorios\wcag-preconsent-tracking-university-websites\data\raw\tracking\meta_GB_r3.json;regla de ruta;9c7ed38ec67b3030
C:\Repositorios\FutureWorks\LOPDP y la Educación Superior\Springer_UAIS\auditoria_v3\meta_US_r1.json;REPOSITORIO;C:\Repositorios\wcag-preconsent-tracking-university-websites\data\raw\tracking\meta_US_r1.json;regla de ruta;b67756672b05d3eb
C:\Repositorios\FutureWorks\LOPDP y la Educación Superior\Springer_UAIS\auditoria_v3\meta_US_r2.json;REPOSITORIO;C:\Repositorios\wcag-preconsent-tracking-university-websites\data\raw\tracking\meta_US_r2.json;regla de ruta;e6f88be7dfd228a4
C:\Repositorios\FutureWorks\LOPDP y la Educación Superior\Springer_UAIS\auditoria_v3\meta_US_r3.json;REPOSITORIO;C:\Repositorios\wcag-preconsent-tracking-university-websites\data\raw\tracking\meta_US_r3.json;regla de ruta;ef137ecf35f80045
C:\Repositorios\FutureWorks\LOPDP y la Educación Superior\Springer_UAIS\auditoria_v3\package-lock.json;REPOSITORIO;C:\Repositorios\wcag-preconsent-tracking-university-websites\code\collection\package-lock.json;regla de ruta;718410775c4a58ba
C:\Repositorios\FutureWorks\LOPDP y la Educación Superior\Springer_UAIS\auditoria_v3\package.json;REPOSITORIO;C:\Repositorios\wcag-preconsent-tracking-university-websites\code\collection\package.json;regla de ruta;b8b01816f08fcdbe
C:\Repositorios\FutureWorks\LOPDP y la Educación Superior\Springer_UAIS\auditoria_v3\preparar_validacion.js;REPOSITORIO;C:\Repositorios\wcag-preconsent-tracking-university-websites\code\collection\preparar_validacion.js;regla de ruta;c440e92e312a8e66
C:\Repositorios\FutureWorks\LOPDP y la Educación Superior\Springer_UAIS\auditoria_v3\resultados_CH_r1.csv;REPOSITORIO;C:\Repositorios\wcag-preconsent-tracking-university-websites\data\raw\tracking\resultados_CH_r1.csv;regla de ruta;89c6a7cb557aca1c
C:\Repositorios\FutureWorks\LOPDP y la Educación Superior\Springer_UAIS\auditoria_v3\resultados_CH_r1.json;REPOSITORIO;C:\Repositorios\wcag-preconsent-tracking-university-websites\data\raw\tracking\resultados_CH_r1.json;regla de ruta;200cfe472a240401
C:\Repositorios\FutureWorks\LOPDP y la Educación Superior\Springer_UAIS\auditoria_v3\resultados_CH_r2.csv;REPOSITORIO;C:\Repositorios\wcag-preconsent-tracking-university-websites\data\raw\tracking\resultados_CH_r2.csv;regla de ruta;eb0e420c9ed8664f
C:\Repositorios\FutureWorks\LOPDP y la Educación Superior\Springer_UAIS\auditoria_v3\resultados_CH_r2.json;REPOSITORIO;C:\Repositorios\wcag-preconsent-tracking-university-websites\data\raw\tracking\resultados_CH_r2.json;regla de ruta;ecd878949580c420
C:\Repositorios\FutureWorks\LOPDP y la Educación Superior\Springer_UAIS\auditoria_v3\resultados_CH_r3.csv;REPOSITORIO;C:\Repositorios\wcag-preconsent-tracking-university-websites\data\raw\tracking\resultados_CH_r3.csv;regla de ruta;648e21968572796a
C:\Repositorios\FutureWorks\LOPDP y la Educación Superior\Springer_UAIS\auditoria_v3\resultados_CH_r3.json;REPOSITORIO;C:\Repositorios\wcag-preconsent-tracking-university-websites\data\raw\tracking\resultados_CH_r3.json;regla de ruta;6529cfafd07a7137
C:\Repositorios\FutureWorks\LOPDP y la Educación Superior\Springer_UAIS\auditoria_v3\resultados_EC_r0.csv;REPOSITORIO;C:\Repositorios\wcag-preconsent-tracking-university-websites\data\raw\tracking\resultados_EC_r0.csv;regla de ruta;dfccafc95bd051f3
C:\Repositorios\FutureWorks\LOPDP y la Educación Superior\Springer_UAIS\auditoria_v3\resultados_EC_r0.json;REPOSITORIO;C:\Repositorios\wcag-preconsent-tracking-university-websites\data\raw\tracking\resultados_EC_r0.json;regla de ruta;d021650171350c1a
C:\Repositorios\FutureWorks\LOPDP y la Educación Superior\Springer_UAIS\auditoria_v3\resultados_EC_r1.csv;REPOSITORIO;C:\Repositorios\wcag-preconsent-tracking-university-websites\data\raw\tracking\resultados_EC_r1.csv;regla de ruta;a0c1b7fa941333f4
C:\Repositorios\FutureWorks\LOPDP y la Educación Superior\Springer_UAIS\auditoria_v3\resultados_EC_r1.json;REPOSITORIO;C:\Repositorios\wcag-preconsent-tracking-university-websites\data\raw\tracking\resultados_EC_r1.json;regla de ruta;32c3da55999b5f6c
C:\Repositorios\FutureWorks\LOPDP y la Educación Superior\Springer_UAIS\auditoria_v3\resultados_EC_r2.csv;REPOSITORIO;C:\Repositorios\wcag-preconsent-tracking-university-websites\data\raw\tracking\resultados_EC_r2.csv;regla de ruta;bff5778ff97086f6
C:\Repositorios\FutureWorks\LOPDP y la Educación Superior\Springer_UAIS\auditoria_v3\resultados_EC_r2.json;REPOSITORIO;C:\Repositorios\wcag-preconsent-tracking-university-websites\data\raw\tracking\resultados_EC_r2.json;regla de ruta;8840cf66b4c97ea7
C:\Repositorios\FutureWorks\LOPDP y la Educación Superior\Springer_UAIS\auditoria_v3\resultados_EC_r3.csv;REPOSITORIO;C:\Repositorios\wcag-preconsent-tracking-university-websites\data\raw\tracking\resultados_EC_r3.csv;regla de ruta;6cb147af02e9b0f7
C:\Repositorios\FutureWorks\LOPDP y la Educación Superior\Springer_UAIS\auditoria_v3\resultados_EC_r3.json;REPOSITORIO;C:\Repositorios\wcag-preconsent-tracking-university-websites\data\raw\tracking\resultados_EC_r3.json;regla de ruta;ebe823451c3c1278
C:\Repositorios\FutureWorks\LOPDP y la Educación Superior\Springer_UAIS\auditoria_v3\resultados_EU_r1.csv;REPOSITORIO;C:\Repositorios\wcag-preconsent-tracking-university-websites\data\raw\tracking\resultados_EU_r1.csv;regla de ruta;b6e2ed7a8d75dc44
C:\Repositorios\FutureWorks\LOPDP y la Educación Superior\Springer_UAIS\auditoria_v3\resultados_EU_r1.json;REPOSITORIO;C:\Repositorios\wcag-preconsent-tracking-university-websites\data\raw\tracking\resultados_EU_r1.json;regla de ruta;26f54bb630528b44
C:\Repositorios\FutureWorks\LOPDP y la Educación Superior\Springer_UAIS\auditoria_v3\resultados_EU_r2.csv;REPOSITORIO;C:\Repositorios\wcag-preconsent-tracking-university-websites\data\raw\tracking\resultados_EU_r2.csv;regla de ruta;8b2decfe48dfc2a8
C:\Repositorios\FutureWorks\LOPDP y la Educación Superior\Springer_UAIS\auditoria_v3\resultados_EU_r2.json;REPOSITORIO;C:\Repositorios\wcag-preconsent-tracking-university-websites\data\raw\tracking\resultados_EU_r2.json;regla de ruta;42eaf744b54f2999
C:\Repositorios\FutureWorks\LOPDP y la Educación Superior\Springer_UAIS\auditoria_v3\resultados_EU_r3.csv;REPOSITORIO;C:\Repositorios\wcag-preconsent-tracking-university-websites\data\raw\tracking\resultados_EU_r3.csv;regla de ruta;b166ceccb0a32b45
C:\Repositorios\FutureWorks\LOPDP y la Educación Superior\Springer_UAIS\auditoria_v3\resultados_EU_r3.json;REPOSITORIO;C:\Repositorios\wcag-preconsent-tracking-university-websites\data\raw\tracking\resultados_EU_r3.json;regla de ruta;4f6aa24acbbad194
C:\Repositorios\FutureWorks\LOPDP y la Educación Superior\Springer_UAIS\auditoria_v3\resultados_GB_r1.csv;REPOSITORIO;C:\Repositorios\wcag-preconsent-tracking-university-websites\data\raw\tracking\resultados_GB_r1.csv;regla de ruta;84cbad661b80ac92
C:\Repositorios\FutureWorks\LOPDP y la Educación Superior\Springer_UAIS\auditoria_v3\resultados_GB_r1.json;REPOSITORIO;C:\Repositorios\wcag-preconsent-tracking-university-websites\data\raw\tracking\resultados_GB_r1.json;regla de ruta;de3e3cb671f6a18e
C:\Repositorios\FutureWorks\LOPDP y la Educación Superior\Springer_UAIS\auditoria_v3\resultados_GB_r2.csv;REPOSITORIO;C:\Repositorios\wcag-preconsent-tracking-university-websites\data\raw\tracking\resultados_GB_r2.csv;regla de ruta;ae8bab4e236eb45a
C:\Repositorios\FutureWorks\LOPDP y la Educación Superior\Springer_UAIS\auditoria_v3\resultados_GB_r2.json;REPOSITORIO;C:\Repositorios\wcag-preconsent-tracking-university-websites\data\raw\tracking\resultados_GB_r2.json;regla de ruta;d61f4265823ea3b0
C:\Repositorios\FutureWorks\LOPDP y la Educación Superior\Springer_UAIS\auditoria_v3\resultados_GB_r3.csv;REPOSITORIO;C:\Repositorios\wcag-preconsent-tracking-university-websites\data\raw\tracking\resultados_GB_r3.csv;regla de ruta;22b95f86e4625383
C:\Repositorios\FutureWorks\LOPDP y la Educación Superior\Springer_UAIS\auditoria_v3\resultados_GB_r3.json;REPOSITORIO;C:\Repositorios\wcag-preconsent-tracking-university-websites\data\raw\tracking\resultados_GB_r3.json;regla de ruta;2f0c6ef8ad10e929
C:\Repositorios\FutureWorks\LOPDP y la Educación Superior\Springer_UAIS\auditoria_v3\resultados_US_r1.csv;REPOSITORIO;C:\Repositorios\wcag-preconsent-tracking-university-websites\data\raw\tracking\resultados_US_r1.csv;regla de ruta;c4863b488e3482f8
C:\Repositorios\FutureWorks\LOPDP y la Educación Superior\Springer_UAIS\auditoria_v3\resultados_US_r1.json;REPOSITORIO;C:\Repositorios\wcag-preconsent-tracking-university-websites\data\raw\tracking\resultados_US_r1.json;regla de ruta;cf97ef91a64e329a
C:\Repositorios\FutureWorks\LOPDP y la Educación Superior\Springer_UAIS\auditoria_v3\resultados_US_r2.csv;REPOSITORIO;C:\Repositorios\wcag-preconsent-tracking-university-websites\data\raw\tracking\resultados_US_r2.csv;regla de ruta;50a493b3b1ad100a
C:\Repositorios\FutureWorks\LOPDP y la Educación Superior\Springer_UAIS\auditoria_v3\resultados_US_r2.json;REPOSITORIO;C:\Repositorios\wcag-preconsent-tracking-university-websites\data\raw\tracking\resultados_US_r2.json;regla de ruta;e395311c3674817f
C:\Repositorios\FutureWorks\LOPDP y la Educación Superior\Springer_UAIS\auditoria_v3\resultados_US_r3.csv;REPOSITORIO;C:\Repositorios\wcag-preconsent-tracking-university-websites\data\raw\tracking\resultados_US_r3.csv;regla de ruta;d684b82b1ca8b9aa
C:\Repositorios\FutureWorks\LOPDP y la Educación Superior\Springer_UAIS\auditoria_v3\resultados_US_r3.json;REPOSITORIO;C:\Repositorios\wcag-preconsent-tracking-university-websites\data\raw\tracking\resultados_US_r3.json;regla de ruta;3fa744b6c5ad599d
C:\Repositorios\FutureWorks\LOPDP y la Educación Superior\Springer_UAIS\auditoria_v3\universidades.json;REPOSITORIO;C:\Repositorios\wcag-preconsent-tracking-university-websites\data\raw\census\universidades.json;regla de ruta;d32014a3e3547732
C:\Repositorios\FutureWorks\LOPDP y la Educación Superior\Springer_UAIS\auditoria_v3\validacion\IAEN_elementos.csv;REPOSITORIO;C:\Repositorios\wcag-preconsent-tracking-university-websites\data\manual\fichas\IAEN_elementos.csv;regla de ruta;ba949ab5cac120d3
C:\Repositorios\FutureWorks\LOPDP y la Educación Superior\Springer_UAIS\auditoria_v3\validacion\IAEN_ficha.html;REPOSITORIO;C:\Repositorios\wcag-preconsent-tracking-university-websites\data\manual\fichas\IAEN_ficha.html;regla de ruta;cdfd0071f795a0e5
C:\Repositorios\FutureWorks\LOPDP y la Educación Superior\Springer_UAIS\auditoria_v3\validacion\IAEN_pagina.png;REPOSITORIO;C:\Repositorios\wcag-preconsent-tracking-university-websites\data\manual\fichas\IAEN_pagina.png;regla de ruta;b47f2bdba6124460
C:\Repositorios\FutureWorks\LOPDP y la Educación Superior\Springer_UAIS\auditoria_v3\validacion\UC_Berkeley_elementos.csv;REPOSITORIO;C:\Repositorios\wcag-preconsent-tracking-university-websites\data\manual\fichas\UC_Berkeley_elementos.csv;regla de ruta;de9d294e88442667
C:\Repositorios\FutureWorks\LOPDP y la Educación Superior\Springer_UAIS\auditoria_v3\validacion\UC_Berkeley_ficha.html;REPOSITORIO;C:\Repositorios\wcag-preconsent-tracking-university-websites\data\manual\fichas\UC_Berkeley_ficha.html;regla de ruta;da5a055a6066ffde
C:\Repositorios\FutureWorks\LOPDP y la Educación Superior\Springer_UAIS\auditoria_v3\validacion\UC_Berkeley_pagina.png;REPOSITORIO;C:\Repositorios\wcag-preconsent-tracking-university-websites\data\manual\fichas\UC_Berkeley_pagina.png;regla de ruta;12244863b9c7bf07
C:\Repositorios\FutureWorks\LOPDP y la Educación Superior\Springer_UAIS\auditoria_v3\validacion\UCL_elementos.csv;REPOSITORIO;C:\Repositorios\wcag-preconsent-tracking-university-websites\data\manual\fichas\UCL_elementos.csv;regla de ruta;cddc0e8af281063d
C:\Repositorios\FutureWorks\LOPDP y la Educación Superior\Springer_UAIS\auditoria_v3\validacion\UCL_ficha.html;REPOSITORIO;C:\Repositorios\wcag-preconsent-tracking-university-websites\data\manual\fichas\UCL_ficha.html;regla de ruta;98953a26b60d9ec6
C:\Repositorios\FutureWorks\LOPDP y la Educación Superior\Springer_UAIS\auditoria_v3\validacion\UCL_pagina.png;REPOSITORIO;C:\Repositorios\wcag-preconsent-tracking-university-websites\data\manual\fichas\UCL_pagina.png;regla de ruta;752a4870733c5dab
C:\Repositorios\FutureWorks\LOPDP y la Educación Superior\Springer_UAIS\auditoria_v3\validacion\UNESUM_elementos.csv;REPOSITORIO;C:\Repositorios\wcag-preconsent-tracking-university-websites\data\manual\fichas\UNESUM_elementos.csv;regla de ruta;40786d7f9c11dc87
C:\Repositorios\FutureWorks\LOPDP y la Educación Superior\Springer_UAIS\auditoria_v3\validacion\UNESUM_ficha.html;REPOSITORIO;C:\Repositorios\wcag-preconsent-tracking-university-websites\data\manual\fichas\UNESUM_ficha.html;regla de ruta;16c1c7dbcf8187a7
C:\Repositorios\FutureWorks\LOPDP y la Educación Superior\Springer_UAIS\auditoria_v3\validacion\UNESUM_pagina.png;REPOSITORIO;C:\Repositorios\wcag-preconsent-tracking-university-websites\data\manual\fichas\UNESUM_pagina.png;regla de ruta;f2f63ff294264bdf
C:\Repositorios\FutureWorks\LOPDP y la Educación Superior\Springer_UAIS\auditoria_v3\validacion\USECIPOL_elementos.csv;REPOSITORIO;C:\Repositorios\wcag-preconsent-tracking-university-websites\data\manual\fichas\USECIPOL_elementos.csv;regla de ruta;6d1e9cd295fb77c4
C:\Repositorios\FutureWorks\LOPDP y la Educación Superior\Springer_UAIS\auditoria_v3\validacion\USECIPOL_ficha.html;REPOSITORIO;C:\Repositorios\wcag-preconsent-tracking-university-websites\data\manual\fichas\USECIPOL_ficha.html;regla de ruta;cac20773a747dc7e
C:\Repositorios\FutureWorks\LOPDP y la Educación Superior\Springer_UAIS\auditoria_v3\validacion\USECIPOL_pagina.png;REPOSITORIO;C:\Repositorios\wcag-preconsent-tracking-university-websites\data\manual\fichas\USECIPOL_pagina.png;regla de ruta;acc166f465bcc4d6
C:\Repositorios\FutureWorks\LOPDP y la Educación Superior\Springer_UAIS\fig_cookies.pdf;REPOSITORIO;C:\Repositorios\wcag-preconsent-tracking-university-websites\figures\fig_cookies.pdf;regla de ruta;0d9b21e61a09e94a
C:\Repositorios\FutureWorks\LOPDP y la Educación Superior\Springer_UAIS\fig_cookies_live.pdf;REPOSITORIO;C:\Repositorios\wcag-preconsent-tracking-university-websites\figures\fig_cookies_live.pdf;regla de ruta;9c4db601ecba25e5
C:\Repositorios\FutureWorks\LOPDP y la Educación Superior\Springer_UAIS\fig_cronologia.pdf;REPOSITORIO;C:\Repositorios\wcag-preconsent-tracking-university-websites\figures\fig_cronologia.pdf;regla de ruta;d87906e70a0086e2
C:\Repositorios\FutureWorks\LOPDP y la Educación Superior\Springer_UAIS\fig_forest.pdf;REPOSITORIO;C:\Repositorios\wcag-preconsent-tracking-university-websites\figures\fig_forest.pdf;regla de ruta;83978de601472611
C:\Repositorios\FutureWorks\LOPDP y la Educación Superior\Springer_UAIS\fig_paises.pdf;REPOSITORIO;C:\Repositorios\wcag-preconsent-tracking-university-websites\figures\fig_paises.pdf;regla de ruta;282923ab215f5c7b
C:\Repositorios\FutureWorks\LOPDP y la Educación Superior\Springer_UAIS\fig_vantage.pdf;REPOSITORIO;C:\Repositorios\wcag-preconsent-tracking-university-websites\figures\fig_vantage.pdf;regla de ruta;3045fa4b9b929d9c
C:\Repositorios\FutureWorks\LOPDP y la Educación Superior\Springer_UAIS\fig_vantage.py;NO_PUBLICAR;C:\Repositorios\_no_publicar\scripts_variantes\fig_vantage.py;regla de ruta;2ce6cae8d531d9ca
C:\Repositorios\FutureWorks\LOPDP y la Educación Superior\Springer_UAIS\fig_wcag_niveles.pdf;REPOSITORIO;C:\Repositorios\wcag-preconsent-tracking-university-websites\figures\fig_wcag_niveles.pdf;regla de ruta;19e1f25ca843abd8
C:\Repositorios\FutureWorks\LOPDP y la Educación Superior\Springer_UAIS\figuras_uais.py;NO_PUBLICAR;C:\Repositorios\_no_publicar\scripts_variantes\figuras_uais.py;regla de ruta;031876e025c4fb3c
C:\Repositorios\FutureWorks\LOPDP y la Educación Superior\Springer_UAIS\informe_revision_UAIS_dos_barreras.tex;NO_PUBLICAR;C:\Repositorios\_no_publicar\manuscrito\informe_revision_UAIS_dos_barreras.tex;regla de ruta;71ae591b28e4f147
C:\Repositorios\FutureWorks\LOPDP y la Educación Superior\Springer_UAIS\linea_tiempo_leyes.pdf;REPOSITORIO;C:\Repositorios\wcag-preconsent-tracking-university-websites\figures\linea_tiempo_leyes.pdf;regla de ruta;9fe7774ba6d55502
C:\Repositorios\FutureWorks\LOPDP y la Educación Superior\Springer_UAIS\mapa_calor_paises.pdf;REPOSITORIO;C:\Repositorios\wcag-preconsent-tracking-university-websites\figures\mapa_calor_paises.pdf;regla de ruta;7a12c30af63516ee
C:\Repositorios\FutureWorks\LOPDP y la Educación Superior\Springer_UAIS\privacidad_mundo.bib;NO_PUBLICAR;C:\Repositorios\_no_publicar\manuscrito\Springer_UAIS__privacidad_mundo.bib;renombrado para evitar colision de destino;02a527f209633f32
C:\Repositorios\FutureWorks\LOPDP y la Educación Superior\Springer_UAIS\privacidad_UAIS_en.pdf;NO_PUBLICAR;C:\Repositorios\_no_publicar\manuscrito\privacidad_UAIS_en.pdf;regla de ruta;2b2a8c23178feb7c
C:\Repositorios\FutureWorks\LOPDP y la Educación Superior\Springer_UAIS\privacidad_UAIS_en.tex;NO_PUBLICAR;C:\Repositorios\_no_publicar\manuscrito\privacidad_UAIS_en.tex;regla de ruta;60c815160d5ec133
C:\Repositorios\FutureWorks\LOPDP y la Educación Superior\Springer_UAIS\privacidad_UAIS_es.pdf;NO_PUBLICAR;C:\Repositorios\_no_publicar\manuscrito\privacidad_UAIS_es.pdf;regla de ruta;1756d7a1f01b607f
C:\Repositorios\FutureWorks\LOPDP y la Educación Superior\Springer_UAIS\sn-basic.bst;NO_PUBLICAR;C:\Repositorios\_no_publicar\plantillas_springer\sn-basic.bst;regla de ruta;1e881d925dfe17df
C:\Repositorios\FutureWorks\LOPDP y la Educación Superior\Springer_UAIS\sn-jnl.cls;NO_PUBLICAR;C:\Repositorios\_no_publicar\plantillas_springer\sn-jnl.cls;regla de ruta;ed4f898dd57699c3
C:\Repositorios\FutureWorks\LOPDP y la Educación Superior\Springer_UAIS\verificar_multipunto.py;REPOSITORIO;C:\Repositorios\wcag-preconsent-tracking-university-websites\code\analysis\verificar_multipunto.py;regla de ruta;1aadc8ecf786fa7f
C:\Repositorios\FutureWorks\LOPDP y la Educación Superior\Springer_UAIS\verificar_pasada_unica.py;REPOSITORIO;C:\Repositorios\wcag-preconsent-tracking-university-websites\code\analysis\verificar_pasada_unica.py;regla de ruta;1d3e7ad5f6ae7612
C:\Repositorios\FutureWorks\LOPDP y la Educación Superior\Springer_UAIS Version Before\analizar_multipunto.py;NO_PUBLICAR;C:\Repositorios\_no_publicar\manuscrito_version_anterior\analizar_multipunto.py;regla de ruta;7d3e28470e902c21
C:\Repositorios\FutureWorks\LOPDP y la Educación Superior\Springer_UAIS Version Before\auditar_multipunto.js;NO_PUBLICAR;C:\Repositorios\_no_publicar\manuscrito_version_anterior\auditar_multipunto.js;regla de ruta;6ba84a1e4c0a3e29
C:\Repositorios\FutureWorks\LOPDP y la Educación Superior\Springer_UAIS Version Before\CAMBIOS-ronda2.md;NO_PUBLICAR;C:\Repositorios\_no_publicar\manuscrito_version_anterior\CAMBIOS-ronda2.md;regla de ruta;7028bf3f63c4f967
C:\Repositorios\FutureWorks\LOPDP y la Educación Superior\Springer_UAIS Version Before\fig_cookies.pdf;NO_PUBLICAR;C:\Repositorios\_no_publicar\manuscrito_version_anterior\fig_cookies.pdf;regla de ruta;698bd325af4dd86c
C:\Repositorios\FutureWorks\LOPDP y la Educación Superior\Springer_UAIS Version Before\fig_cookies_live.pdf;NO_PUBLICAR;C:\Repositorios\_no_publicar\manuscrito_version_anterior\fig_cookies_live.pdf;regla de ruta;9c4db601ecba25e5
C:\Repositorios\FutureWorks\LOPDP y la Educación Superior\Springer_UAIS Version Before\fig_cronologia.pdf;NO_PUBLICAR;C:\Repositorios\_no_publicar\manuscrito_version_anterior\fig_cronologia.pdf;regla de ruta;d87906e70a0086e2
C:\Repositorios\FutureWorks\LOPDP y la Educación Superior\Springer_UAIS Version Before\fig_forest.pdf;NO_PUBLICAR;C:\Repositorios\_no_publicar\manuscrito_version_anterior\fig_forest.pdf;regla de ruta;60dc80bf33c0b363
C:\Repositorios\FutureWorks\LOPDP y la Educación Superior\Springer_UAIS Version Before\fig_paises.pdf;NO_PUBLICAR;C:\Repositorios\_no_publicar\manuscrito_version_anterior\fig_paises.pdf;regla de ruta;282923ab215f5c7b
C:\Repositorios\FutureWorks\LOPDP y la Educación Superior\Springer_UAIS Version Before\fig_vantage.pdf;NO_PUBLICAR;C:\Repositorios\_no_publicar\manuscrito_version_anterior\fig_vantage.pdf;regla de ruta;a67ff419c2f5bd8f
C:\Repositorios\FutureWorks\LOPDP y la Educación Superior\Springer_UAIS Version Before\fig_vantage.py;NO_PUBLICAR;C:\Repositorios\_no_publicar\manuscrito_version_anterior\fig_vantage.py;regla de ruta;610dbf40ad60cc6f
C:\Repositorios\FutureWorks\LOPDP y la Educación Superior\Springer_UAIS Version Before\fig_wcag_niveles.pdf;NO_PUBLICAR;C:\Repositorios\_no_publicar\manuscrito_version_anterior\fig_wcag_niveles.pdf;regla de ruta;19e1f25ca843abd8
C:\Repositorios\FutureWorks\LOPDP y la Educación Superior\Springer_UAIS Version Before\figuras.py;NO_PUBLICAR;C:\Repositorios\_no_publicar\manuscrito_version_anterior\figuras.py;regla de ruta;c250f548d3d3f02f
C:\Repositorios\FutureWorks\LOPDP y la Educación Superior\Springer_UAIS Version Before\figuras_uais.py;NO_PUBLICAR;C:\Repositorios\_no_publicar\manuscrito_version_anterior\figuras_uais.py;regla de ruta;e703ff742ad1716e
C:\Repositorios\FutureWorks\LOPDP y la Educación Superior\Springer_UAIS Version Before\kappa_uais.py;NO_PUBLICAR;C:\Repositorios\_no_publicar\manuscrito_version_anterior\kappa_uais.py;regla de ruta;3e76dbf9f93bdc52
C:\Repositorios\FutureWorks\LOPDP y la Educación Superior\Springer_UAIS Version Before\LEEME.txt;NO_PUBLICAR;C:\Repositorios\_no_publicar\manuscrito_version_anterior\LEEME.txt;regla de ruta;0bbd8facb75cb50a
C:\Repositorios\FutureWorks\LOPDP y la Educación Superior\Springer_UAIS Version Before\linea_tiempo_leyes.pdf;NO_PUBLICAR;C:\Repositorios\_no_publicar\manuscrito_version_anterior\linea_tiempo_leyes.pdf;regla de ruta;9fe7774ba6d55502
C:\Repositorios\FutureWorks\LOPDP y la Educación Superior\Springer_UAIS Version Before\mapa_calor_paises.pdf;NO_PUBLICAR;C:\Repositorios\_no_publicar\manuscrito_version_anterior\mapa_calor_paises.pdf;regla de ruta;7a12c30af63516ee
C:\Repositorios\FutureWorks\LOPDP y la Educación Superior\Springer_UAIS Version Before\privacidad_en.pdf;NO_PUBLICAR;C:\Repositorios\_no_publicar\manuscrito_version_anterior\privacidad_en.pdf;regla de ruta;317c380eb0749f79
C:\Repositorios\FutureWorks\LOPDP y la Educación Superior\Springer_UAIS Version Before\privacidad_en.tex;NO_PUBLICAR;C:\Repositorios\_no_publicar\manuscrito_version_anterior\privacidad_en.tex;regla de ruta;b24b29650b1f10b3
C:\Repositorios\FutureWorks\LOPDP y la Educación Superior\Springer_UAIS Version Before\privacidad_es.pdf;NO_PUBLICAR;C:\Repositorios\_no_publicar\manuscrito_version_anterior\privacidad_es.pdf;regla de ruta;c259e9f20d44d656
C:\Repositorios\FutureWorks\LOPDP y la Educación Superior\Springer_UAIS Version Before\privacidad_es.tex;NO_PUBLICAR;C:\Repositorios\_no_publicar\manuscrito_version_anterior\privacidad_es.tex;regla de ruta;307048a4c00771b8
C:\Repositorios\FutureWorks\LOPDP y la Educación Superior\Springer_UAIS Version Before\privacidad_mundo.bib;NO_PUBLICAR;C:\Repositorios\_no_publicar\manuscrito_version_anterior\privacidad_mundo.bib;regla de ruta;97abd8c827a8d475
C:\Repositorios\FutureWorks\LOPDP y la Educación Superior\Springer_UAIS Version Before\privacidad_UAIS_en.pdf;NO_PUBLICAR;C:\Repositorios\_no_publicar\manuscrito_version_anterior\privacidad_UAIS_en.pdf;regla de ruta;7dac45975d4abe8f
C:\Repositorios\FutureWorks\LOPDP y la Educación Superior\Springer_UAIS Version Before\privacidad_UAIS_en.tex;NO_PUBLICAR;C:\Repositorios\_no_publicar\manuscrito_version_anterior\privacidad_UAIS_en.tex;regla de ruta;4b99877ebe11ae1a
C:\Repositorios\FutureWorks\LOPDP y la Educación Superior\Springer_UAIS Version Before\privacidad_UAIS_es.pdf;NO_PUBLICAR;C:\Repositorios\_no_publicar\manuscrito_version_anterior\privacidad_UAIS_es.pdf;regla de ruta;f5e0eda0cd5a1b38
C:\Repositorios\FutureWorks\LOPDP y la Educación Superior\Springer_UAIS Version Before\privacidad_UAIS_es.tex;NO_PUBLICAR;C:\Repositorios\_no_publicar\manuscrito_version_anterior\privacidad_UAIS_es.tex;regla de ruta;095921d5492fa953
C:\Repositorios\FutureWorks\LOPDP y la Educación Superior\Springer_UAIS Version Before\README.txt;NO_PUBLICAR;C:\Repositorios\_no_publicar\manuscrito_version_anterior\README.txt;regla de ruta;b90217e21c43855a
C:\Repositorios\FutureWorks\LOPDP y la Educación Superior\Springer_UAIS Version Before\references.bib;NO_PUBLICAR;C:\Repositorios\_no_publicar\manuscrito_version_anterior\references.bib;regla de ruta;eadb3877fbe1392c
C:\Repositorios\FutureWorks\LOPDP y la Educación Superior\Springer_UAIS Version Before\respuesta_a_observaciones.md;NO_PUBLICAR;C:\Repositorios\_no_publicar\manuscrito_version_anterior\respuesta_a_observaciones.md;regla de ruta;5b802444fe5f4ba9
C:\Repositorios\FutureWorks\LOPDP y la Educación Superior\Springer_UAIS Version Before\sn-basic.bst;NO_PUBLICAR;C:\Repositorios\_no_publicar\manuscrito_version_anterior\sn-basic.bst;regla de ruta;1e881d925dfe17df
C:\Repositorios\FutureWorks\LOPDP y la Educación Superior\Springer_UAIS Version Before\sn-jnl.cls;NO_PUBLICAR;C:\Repositorios\_no_publicar\manuscrito_version_anterior\sn-jnl.cls;regla de ruta;ed4f898dd57699c3
C:\Repositorios\FutureWorks\LOPDP y la Educación Superior\Springer_UAIS Version Before\stats.py;NO_PUBLICAR;C:\Repositorios\_no_publicar\manuscrito_version_anterior\stats.py;regla de ruta;563a1beb1b7e84b1
C:\Repositorios\FutureWorks\LOPDP y la Educación Superior\tops.json;REPOSITORIO;C:\Repositorios\wcag-preconsent-tracking-university-websites\data\raw\census\tops.json;regla de ruta;3bc0c2bf5f89e22b
C:\Repositorios\FutureWorks\LOPDP y la Educación Superior\universidades.json;DUPLICADO;;identico a Springer_UAIS/auditoria_v3/universidades.json, misma ruta destino;d32014a3e3547732
C:\Repositorios\wcag-preconsent-tracking-university-websites\.gitattributes;YA_EN_SITIO;;ya esta en su lugar dentro del deposito;
C:\Repositorios\wcag-preconsent-tracking-university-websites\.gitignore;YA_EN_SITIO;;ya esta en su lugar dentro del deposito;
C:\Repositorios\wcag-preconsent-tracking-university-websites\CHECKSUMS.txt;YA_EN_SITIO;;ya esta en su lugar dentro del deposito;
C:\Repositorios\wcag-preconsent-tracking-university-websites\CITATION.cff;YA_EN_SITIO;;ya esta en su lugar dentro del deposito;
C:\Repositorios\wcag-preconsent-tracking-university-websites\code\analysis\anadir_id_auditoria.py;YA_EN_SITIO;;ya esta en su lugar dentro del deposito;
C:\Repositorios\wcag-preconsent-tracking-university-websites\code\analysis\estudio.py;YA_EN_SITIO;;ya esta en su lugar dentro del deposito;
C:\Repositorios\wcag-preconsent-tracking-university-websites\code\analysis\fig_vantage.py;YA_EN_SITIO;;ya esta en su lugar dentro del deposito;
C:\Repositorios\wcag-preconsent-tracking-university-websites\code\analysis\figuras_uais.py;YA_EN_SITIO;;ya esta en su lugar dentro del deposito;
C:\Repositorios\wcag-preconsent-tracking-university-websites\code\analysis\kappa_uais.py;YA_EN_SITIO;;ya esta en su lugar dentro del deposito;
C:\Repositorios\wcag-preconsent-tracking-university-websites\code\analysis\kappa_wcag.py;YA_EN_SITIO;;ya esta en su lugar dentro del deposito;
C:\Repositorios\wcag-preconsent-tracking-university-websites\code\analysis\qa_cookies.py;YA_EN_SITIO;;ya esta en su lugar dentro del deposito;
C:\Repositorios\wcag-preconsent-tracking-university-websites\code\analysis\reconciliar.py;YA_EN_SITIO;;ya esta en su lugar dentro del deposito;
C:\Repositorios\wcag-preconsent-tracking-university-websites\code\analysis\reconstruir_cookies.py;YA_EN_SITIO;;ya esta en su lugar dentro del deposito;
C:\Repositorios\wcag-preconsent-tracking-university-websites\code\analysis\sensibilidad_muestreo.py;YA_EN_SITIO;;ya esta en su lugar dentro del deposito;
C:\Repositorios\wcag-preconsent-tracking-university-websites\code\analysis\verificar_multipunto.py;YA_EN_SITIO;;ya esta en su lugar dentro del deposito;
C:\Repositorios\wcag-preconsent-tracking-university-websites\code\analysis\verificar_pasada_unica.py;YA_EN_SITIO;;ya esta en su lugar dentro del deposito;
C:\Repositorios\wcag-preconsent-tracking-university-websites\code\collection\auditar.js;YA_EN_SITIO;;ya esta en su lugar dentro del deposito;
C:\Repositorios\wcag-preconsent-tracking-university-websites\code\collection\auditar_multipunto.js;YA_EN_SITIO;;ya esta en su lugar dentro del deposito;
C:\Repositorios\wcag-preconsent-tracking-university-websites\code\collection\axe\LEEME.txt;YA_EN_SITIO;;ya esta en su lugar dentro del deposito;
C:\Repositorios\wcag-preconsent-tracking-university-websites\code\collection\axe\package-lock.json;YA_EN_SITIO;;ya esta en su lugar dentro del deposito;
C:\Repositorios\wcag-preconsent-tracking-university-websites\code\collection\axe\package.json;YA_EN_SITIO;;ya esta en su lugar dentro del deposito;
C:\Repositorios\wcag-preconsent-tracking-university-websites\code\collection\launchers\1_ecuador.bat;YA_EN_SITIO;;ya esta en su lugar dentro del deposito;
C:\Repositorios\wcag-preconsent-tracking-university-websites\code\collection\launchers\2_alemania_datacenter.bat;YA_EN_SITIO;;ya esta en su lugar dentro del deposito;
C:\Repositorios\wcag-preconsent-tracking-university-websites\code\collection\launchers\3_alemania_residencial.bat;YA_EN_SITIO;;ya esta en su lugar dentro del deposito;
C:\Repositorios\wcag-preconsent-tracking-university-websites\code\collection\launchers\4_suiza.bat;YA_EN_SITIO;;ya esta en su lugar dentro del deposito;
C:\Repositorios\wcag-preconsent-tracking-university-websites\code\collection\launchers\5_reino_unido.bat;YA_EN_SITIO;;ya esta en su lugar dentro del deposito;
C:\Repositorios\wcag-preconsent-tracking-university-websites\code\collection\launchers\6_estados_unidos.bat;YA_EN_SITIO;;ya esta en su lugar dentro del deposito;
C:\Repositorios\wcag-preconsent-tracking-university-websites\code\collection\package-lock.json;YA_EN_SITIO;;ya esta en su lugar dentro del deposito;
C:\Repositorios\wcag-preconsent-tracking-university-websites\code\collection\package.json;YA_EN_SITIO;;ya esta en su lugar dentro del deposito;
C:\Repositorios\wcag-preconsent-tracking-university-websites\code\collection\preparar_validacion.js;YA_EN_SITIO;;ya esta en su lugar dentro del deposito;
C:\Repositorios\wcag-preconsent-tracking-university-websites\CODEBOOK.md;YA_EN_SITIO;;ya esta en su lugar dentro del deposito;
C:\Repositorios\wcag-preconsent-tracking-university-websites\data\manual\capturas\1.1.1\berkeley.png;YA_EN_SITIO;;ya esta en su lugar dentro del deposito;
C:\Repositorios\wcag-preconsent-tracking-university-websites\data\manual\capturas\1.1.1\cornell.png;YA_EN_SITIO;;ya esta en su lugar dentro del deposito;
C:\Repositorios\wcag-preconsent-tracking-university-websites\data\manual\capturas\1.1.1\ecotec.png;YA_EN_SITIO;;ya esta en su lugar dentro del deposito;
C:\Repositorios\wcag-preconsent-tracking-university-websites\data\manual\capturas\1.1.1\hkust.png;YA_EN_SITIO;;ya esta en su lugar dentro del deposito;
C:\Repositorios\wcag-preconsent-tracking-university-websites\data\manual\capturas\1.1.1\iaen.png;YA_EN_SITIO;;ya esta en su lugar dentro del deposito;
C:\Repositorios\wcag-preconsent-tracking-university-websites\data\manual\capturas\1.1.1\indoamerica.png;YA_EN_SITIO;;ya esta en su lugar dentro del deposito;
C:\Repositorios\wcag-preconsent-tracking-university-websites\data\manual\capturas\1.1.1\manchester.png;YA_EN_SITIO;;ya esta en su lugar dentro del deposito;
C:\Repositorios\wcag-preconsent-tracking-university-websites\data\manual\capturas\1.1.1\northwestern.png;YA_EN_SITIO;;ya esta en su lugar dentro del deposito;
C:\Repositorios\wcag-preconsent-tracking-university-websites\data\manual\capturas\1.1.1\nus.png;YA_EN_SITIO;;ya esta en su lugar dentro del deposito;
C:\Repositorios\wcag-preconsent-tracking-university-websites\data\manual\capturas\1.1.1\ucl.png;YA_EN_SITIO;;ya esta en su lugar dentro del deposito;
C:\Repositorios\wcag-preconsent-tracking-university-websites\data\manual\capturas\1.1.1\ulvr.png;YA_EN_SITIO;;ya esta en su lugar dentro del deposito;
C:\Repositorios\wcag-preconsent-tracking-university-websites\data\manual\capturas\1.1.1\unesum.png;YA_EN_SITIO;;ya esta en su lugar dentro del deposito;
C:\Repositorios\wcag-preconsent-tracking-university-websites\data\manual\capturas\1.1.1\ups.png;YA_EN_SITIO;;ya esta en su lugar dentro del deposito;
C:\Repositorios\wcag-preconsent-tracking-university-websites\data\manual\capturas\1.1.1\usecipol.png;YA_EN_SITIO;;ya esta en su lugar dentro del deposito;
C:\Repositorios\wcag-preconsent-tracking-university-websites\data\manual\capturas\1.1.1\utpl.png;YA_EN_SITIO;;ya esta en su lugar dentro del deposito;
C:\Repositorios\wcag-preconsent-tracking-university-websites\data\manual\capturas\1.4.3\berkeley.png;YA_EN_SITIO;;ya esta en su lugar dentro del deposito;
C:\Repositorios\wcag-preconsent-tracking-university-websites\data\manual\capturas\1.4.3\cornell.png;YA_EN_SITIO;;ya esta en su lugar dentro del deposito;
C:\Repositorios\wcag-preconsent-tracking-university-websites\data\manual\capturas\1.4.3\ecotec.png;YA_EN_SITIO;;ya esta en su lugar dentro del deposito;
C:\Repositorios\wcag-preconsent-tracking-university-websites\data\manual\capturas\1.4.3\hkust.png;YA_EN_SITIO;;ya esta en su lugar dentro del deposito;
C:\Repositorios\wcag-preconsent-tracking-university-websites\data\manual\capturas\1.4.3\iaen.png;YA_EN_SITIO;;ya esta en su lugar dentro del deposito;
C:\Repositorios\wcag-preconsent-tracking-university-websites\data\manual\capturas\1.4.3\indoamerica.png;YA_EN_SITIO;;ya esta en su lugar dentro del deposito;
C:\Repositorios\wcag-preconsent-tracking-university-websites\data\manual\capturas\1.4.3\manchester.png;YA_EN_SITIO;;ya esta en su lugar dentro del deposito;
C:\Repositorios\wcag-preconsent-tracking-university-websites\data\manual\capturas\1.4.3\northwestern.png;YA_EN_SITIO;;ya esta en su lugar dentro del deposito;
C:\Repositorios\wcag-preconsent-tracking-university-websites\data\manual\capturas\1.4.3\nus.png;YA_EN_SITIO;;ya esta en su lugar dentro del deposito;
C:\Repositorios\wcag-preconsent-tracking-university-websites\data\manual\capturas\1.4.3\ucl.png;YA_EN_SITIO;;ya esta en su lugar dentro del deposito;
C:\Repositorios\wcag-preconsent-tracking-university-websites\data\manual\capturas\1.4.3\ulvr.png;YA_EN_SITIO;;ya esta en su lugar dentro del deposito;
C:\Repositorios\wcag-preconsent-tracking-university-websites\data\manual\capturas\1.4.3\unesum.png;YA_EN_SITIO;;ya esta en su lugar dentro del deposito;
C:\Repositorios\wcag-preconsent-tracking-university-websites\data\manual\capturas\1.4.3\ups.png;YA_EN_SITIO;;ya esta en su lugar dentro del deposito;
C:\Repositorios\wcag-preconsent-tracking-university-websites\data\manual\capturas\1.4.3\usecipol.png;YA_EN_SITIO;;ya esta en su lugar dentro del deposito;
C:\Repositorios\wcag-preconsent-tracking-university-websites\data\manual\capturas\1.4.3\utpl.png;YA_EN_SITIO;;ya esta en su lugar dentro del deposito;
C:\Repositorios\wcag-preconsent-tracking-university-websites\data\manual\capturas\2.4.4\berkeley.png;YA_EN_SITIO;;ya esta en su lugar dentro del deposito;
C:\Repositorios\wcag-preconsent-tracking-university-websites\data\manual\capturas\2.4.4\cornell.png;YA_EN_SITIO;;ya esta en su lugar dentro del deposito;
C:\Repositorios\wcag-preconsent-tracking-university-websites\data\manual\capturas\2.4.4\ecotec.png;YA_EN_SITIO;;ya esta en su lugar dentro del deposito;
C:\Repositorios\wcag-preconsent-tracking-university-websites\data\manual\capturas\2.4.4\hkust.png;YA_EN_SITIO;;ya esta en su lugar dentro del deposito;
C:\Repositorios\wcag-preconsent-tracking-university-websites\data\manual\capturas\2.4.4\iaen.png;YA_EN_SITIO;;ya esta en su lugar dentro del deposito;
C:\Repositorios\wcag-preconsent-tracking-university-websites\data\manual\capturas\2.4.4\indoamerica.png;YA_EN_SITIO;;ya esta en su lugar dentro del deposito;
C:\Repositorios\wcag-preconsent-tracking-university-websites\data\manual\capturas\2.4.4\manchester.png;YA_EN_SITIO;;ya esta en su lugar dentro del deposito;
C:\Repositorios\wcag-preconsent-tracking-university-websites\data\manual\capturas\2.4.4\northwestern.png;YA_EN_SITIO;;ya esta en su lugar dentro del deposito;
C:\Repositorios\wcag-preconsent-tracking-university-websites\data\manual\capturas\2.4.4\nus.png;YA_EN_SITIO;;ya esta en su lugar dentro del deposito;
C:\Repositorios\wcag-preconsent-tracking-university-websites\data\manual\capturas\2.4.4\ucl.png;YA_EN_SITIO;;ya esta en su lugar dentro del deposito;
C:\Repositorios\wcag-preconsent-tracking-university-websites\data\manual\capturas\2.4.4\ulvr.png;YA_EN_SITIO;;ya esta en su lugar dentro del deposito;
C:\Repositorios\wcag-preconsent-tracking-university-websites\data\manual\capturas\2.4.4\unesum.png;YA_EN_SITIO;;ya esta en su lugar dentro del deposito;
C:\Repositorios\wcag-preconsent-tracking-university-websites\data\manual\capturas\2.4.4\ups.png;YA_EN_SITIO;;ya esta en su lugar dentro del deposito;
C:\Repositorios\wcag-preconsent-tracking-university-websites\data\manual\capturas\2.4.4\usecipol.png;YA_EN_SITIO;;ya esta en su lugar dentro del deposito;
C:\Repositorios\wcag-preconsent-tracking-university-websites\data\manual\capturas\2.4.4\utpl.png;YA_EN_SITIO;;ya esta en su lugar dentro del deposito;
C:\Repositorios\wcag-preconsent-tracking-university-websites\data\manual\codificacion_manual_15_universidades.csv;YA_EN_SITIO;;ya esta en su lugar dentro del deposito;
C:\Repositorios\wcag-preconsent-tracking-university-websites\data\manual\fichas\IAEN_elementos.csv;YA_EN_SITIO;;ya esta en su lugar dentro del deposito;
C:\Repositorios\wcag-preconsent-tracking-university-websites\data\manual\fichas\IAEN_ficha.html;YA_EN_SITIO;;ya esta en su lugar dentro del deposito;
C:\Repositorios\wcag-preconsent-tracking-university-websites\data\manual\fichas\IAEN_pagina.png;YA_EN_SITIO;;ya esta en su lugar dentro del deposito;
C:\Repositorios\wcag-preconsent-tracking-university-websites\data\manual\fichas\UC_Berkeley_elementos.csv;YA_EN_SITIO;;ya esta en su lugar dentro del deposito;
C:\Repositorios\wcag-preconsent-tracking-university-websites\data\manual\fichas\UC_Berkeley_ficha.html;YA_EN_SITIO;;ya esta en su lugar dentro del deposito;
C:\Repositorios\wcag-preconsent-tracking-university-websites\data\manual\fichas\UC_Berkeley_pagina.png;YA_EN_SITIO;;ya esta en su lugar dentro del deposito;
C:\Repositorios\wcag-preconsent-tracking-university-websites\data\manual\fichas\UCL_elementos.csv;YA_EN_SITIO;;ya esta en su lugar dentro del deposito;
C:\Repositorios\wcag-preconsent-tracking-university-websites\data\manual\fichas\UCL_ficha.html;YA_EN_SITIO;;ya esta en su lugar dentro del deposito;
C:\Repositorios\wcag-preconsent-tracking-university-websites\data\manual\fichas\UCL_pagina.png;YA_EN_SITIO;;ya esta en su lugar dentro del deposito;
C:\Repositorios\wcag-preconsent-tracking-university-websites\data\manual\fichas\UNESUM_elementos.csv;YA_EN_SITIO;;ya esta en su lugar dentro del deposito;
C:\Repositorios\wcag-preconsent-tracking-university-websites\data\manual\fichas\UNESUM_ficha.html;YA_EN_SITIO;;ya esta en su lugar dentro del deposito;
C:\Repositorios\wcag-preconsent-tracking-university-websites\data\manual\fichas\UNESUM_pagina.png;YA_EN_SITIO;;ya esta en su lugar dentro del deposito;
C:\Repositorios\wcag-preconsent-tracking-university-websites\data\manual\fichas\USECIPOL_elementos.csv;YA_EN_SITIO;;ya esta en su lugar dentro del deposito;
C:\Repositorios\wcag-preconsent-tracking-university-websites\data\manual\fichas\USECIPOL_ficha.html;YA_EN_SITIO;;ya esta en su lugar dentro del deposito;
C:\Repositorios\wcag-preconsent-tracking-university-websites\data\manual\fichas\USECIPOL_pagina.png;YA_EN_SITIO;;ya esta en su lugar dentro del deposito;
C:\Repositorios\wcag-preconsent-tracking-university-websites\data\manual\recodificacion_143.csv;YA_EN_SITIO;;ya esta en su lugar dentro del deposito;
C:\Repositorios\wcag-preconsent-tracking-university-websites\data\manual\recodificacion_244.csv;YA_EN_SITIO;;ya esta en su lugar dentro del deposito;
C:\Repositorios\wcag-preconsent-tracking-university-websites\data\manual\wcag_doble_evaluacion_5_sitios.csv;YA_EN_SITIO;;ya esta en su lugar dentro del deposito;
C:\Repositorios\wcag-preconsent-tracking-university-websites\data\manual\wcag_pares_kappa.csv;YA_EN_SITIO;;ya esta en su lugar dentro del deposito;
C:\Repositorios\wcag-preconsent-tracking-university-websites\data\manual\wcag_validacion_15_sitios.csv;YA_EN_SITIO;;ya esta en su lugar dentro del deposito;
C:\Repositorios\wcag-preconsent-tracking-university-websites\data\manual\wcag_validacion_anonimizado.xlsx;YA_EN_SITIO;;ya esta en su lugar dentro del deposito;
C:\Repositorios\wcag-preconsent-tracking-university-websites\data\processed\cambios_reconciliacion.csv;YA_EN_SITIO;;ya esta en su lugar dentro del deposito;
C:\Repositorios\wcag-preconsent-tracking-university-websites\data\processed\cookies_126_sitios_v3.csv;YA_EN_SITIO;;ya esta en su lugar dentro del deposito;
C:\Repositorios\wcag-preconsent-tracking-university-websites\data\processed\cookies_divergencias_v2.csv;YA_EN_SITIO;;ya esta en su lugar dentro del deposito;
C:\Repositorios\wcag-preconsent-tracking-university-websites\data\processed\cookies_nombres_sin_clasificar.csv;YA_EN_SITIO;;ya esta en su lugar dentro del deposito;
C:\Repositorios\wcag-preconsent-tracking-university-websites\data\processed\estudio_126_sitios.csv;YA_EN_SITIO;;ya esta en su lugar dentro del deposito;
C:\Repositorios\wcag-preconsent-tracking-university-websites\data\processed\estudio_reglas_por_sitio.csv;YA_EN_SITIO;;ya esta en su lugar dentro del deposito;
C:\Repositorios\wcag-preconsent-tracking-university-websites\data\processed\qa_irregularidades.csv;YA_EN_SITIO;;ya esta en su lugar dentro del deposito;
C:\Repositorios\wcag-preconsent-tracking-university-websites\data\processed\reporte_cookies_extranjeras.csv;YA_EN_SITIO;;ya esta en su lugar dentro del deposito;
C:\Repositorios\wcag-preconsent-tracking-university-websites\data\processed\reporte_cookies_nacionales.csv;YA_EN_SITIO;;ya esta en su lugar dentro del deposito;
C:\Repositorios\wcag-preconsent-tracking-university-websites\data\raw\accessibility\resultados.csv;YA_EN_SITIO;;ya esta en su lugar dentro del deposito;
C:\Repositorios\wcag-preconsent-tracking-university-websites\data\raw\accessibility\resultados.json;YA_EN_SITIO;;ya esta en su lugar dentro del deposito;
C:\Repositorios\wcag-preconsent-tracking-university-websites\data\raw\census\claude_seleccion63-mundo.json;YA_EN_SITIO;;ya esta en su lugar dentro del deposito;
C:\Repositorios\wcag-preconsent-tracking-university-websites\data\raw\census\tops.json;YA_EN_SITIO;;ya esta en su lugar dentro del deposito;
C:\Repositorios\wcag-preconsent-tracking-university-websites\data\raw\census\universidades.json;YA_EN_SITIO;;ya esta en su lugar dentro del deposito;
C:\Repositorios\wcag-preconsent-tracking-university-websites\data\raw\tracking\meta_CH_r1.json;YA_EN_SITIO;;ya esta en su lugar dentro del deposito;
C:\Repositorios\wcag-preconsent-tracking-university-websites\data\raw\tracking\meta_CH_r2.json;YA_EN_SITIO;;ya esta en su lugar dentro del deposito;
C:\Repositorios\wcag-preconsent-tracking-university-websites\data\raw\tracking\meta_CH_r3.json;YA_EN_SITIO;;ya esta en su lugar dentro del deposito;
C:\Repositorios\wcag-preconsent-tracking-university-websites\data\raw\tracking\meta_EC_r0.json;YA_EN_SITIO;;ya esta en su lugar dentro del deposito;
C:\Repositorios\wcag-preconsent-tracking-university-websites\data\raw\tracking\meta_EC_r1.json;YA_EN_SITIO;;ya esta en su lugar dentro del deposito;
C:\Repositorios\wcag-preconsent-tracking-university-websites\data\raw\tracking\meta_EC_r2.json;YA_EN_SITIO;;ya esta en su lugar dentro del deposito;
C:\Repositorios\wcag-preconsent-tracking-university-websites\data\raw\tracking\meta_EC_r3.json;YA_EN_SITIO;;ya esta en su lugar dentro del deposito;
C:\Repositorios\wcag-preconsent-tracking-university-websites\data\raw\tracking\meta_EU_r1.json;YA_EN_SITIO;;ya esta en su lugar dentro del deposito;
C:\Repositorios\wcag-preconsent-tracking-university-websites\data\raw\tracking\meta_EU_r2.json;YA_EN_SITIO;;ya esta en su lugar dentro del deposito;
C:\Repositorios\wcag-preconsent-tracking-university-websites\data\raw\tracking\meta_EU_r3.json;YA_EN_SITIO;;ya esta en su lugar dentro del deposito;
C:\Repositorios\wcag-preconsent-tracking-university-websites\data\raw\tracking\meta_GB_r1.json;YA_EN_SITIO;;ya esta en su lugar dentro del deposito;
C:\Repositorios\wcag-preconsent-tracking-university-websites\data\raw\tracking\meta_GB_r2.json;YA_EN_SITIO;;ya esta en su lugar dentro del deposito;
C:\Repositorios\wcag-preconsent-tracking-university-websites\data\raw\tracking\meta_GB_r3.json;YA_EN_SITIO;;ya esta en su lugar dentro del deposito;
C:\Repositorios\wcag-preconsent-tracking-university-websites\data\raw\tracking\meta_US_r1.json;YA_EN_SITIO;;ya esta en su lugar dentro del deposito;
C:\Repositorios\wcag-preconsent-tracking-university-websites\data\raw\tracking\meta_US_r2.json;YA_EN_SITIO;;ya esta en su lugar dentro del deposito;
C:\Repositorios\wcag-preconsent-tracking-university-websites\data\raw\tracking\meta_US_r3.json;YA_EN_SITIO;;ya esta en su lugar dentro del deposito;
C:\Repositorios\wcag-preconsent-tracking-university-websites\data\raw\tracking\resultados_CH_r1.csv;YA_EN_SITIO;;ya esta en su lugar dentro del deposito;
C:\Repositorios\wcag-preconsent-tracking-university-websites\data\raw\tracking\resultados_CH_r1.json;YA_EN_SITIO;;ya esta en su lugar dentro del deposito;
C:\Repositorios\wcag-preconsent-tracking-university-websites\data\raw\tracking\resultados_CH_r2.csv;YA_EN_SITIO;;ya esta en su lugar dentro del deposito;
C:\Repositorios\wcag-preconsent-tracking-university-websites\data\raw\tracking\resultados_CH_r2.json;YA_EN_SITIO;;ya esta en su lugar dentro del deposito;
C:\Repositorios\wcag-preconsent-tracking-university-websites\data\raw\tracking\resultados_CH_r3.csv;YA_EN_SITIO;;ya esta en su lugar dentro del deposito;
C:\Repositorios\wcag-preconsent-tracking-university-websites\data\raw\tracking\resultados_CH_r3.json;YA_EN_SITIO;;ya esta en su lugar dentro del deposito;
C:\Repositorios\wcag-preconsent-tracking-university-websites\data\raw\tracking\resultados_EC_r0.csv;YA_EN_SITIO;;ya esta en su lugar dentro del deposito;
C:\Repositorios\wcag-preconsent-tracking-university-websites\data\raw\tracking\resultados_EC_r0.json;YA_EN_SITIO;;ya esta en su lugar dentro del deposito;
C:\Repositorios\wcag-preconsent-tracking-university-websites\data\raw\tracking\resultados_EC_r1.csv;YA_EN_SITIO;;ya esta en su lugar dentro del deposito;
C:\Repositorios\wcag-preconsent-tracking-university-websites\data\raw\tracking\resultados_EC_r1.json;YA_EN_SITIO;;ya esta en su lugar dentro del deposito;
C:\Repositorios\wcag-preconsent-tracking-university-websites\data\raw\tracking\resultados_EC_r2.csv;YA_EN_SITIO;;ya esta en su lugar dentro del deposito;
C:\Repositorios\wcag-preconsent-tracking-university-websites\data\raw\tracking\resultados_EC_r2.json;YA_EN_SITIO;;ya esta en su lugar dentro del deposito;
C:\Repositorios\wcag-preconsent-tracking-university-websites\data\raw\tracking\resultados_EC_r3.csv;YA_EN_SITIO;;ya esta en su lugar dentro del deposito;
C:\Repositorios\wcag-preconsent-tracking-university-websites\data\raw\tracking\resultados_EC_r3.json;YA_EN_SITIO;;ya esta en su lugar dentro del deposito;
C:\Repositorios\wcag-preconsent-tracking-university-websites\data\raw\tracking\resultados_EU_r1.csv;YA_EN_SITIO;;ya esta en su lugar dentro del deposito;
C:\Repositorios\wcag-preconsent-tracking-university-websites\data\raw\tracking\resultados_EU_r1.json;YA_EN_SITIO;;ya esta en su lugar dentro del deposito;
C:\Repositorios\wcag-preconsent-tracking-university-websites\data\raw\tracking\resultados_EU_r2.csv;YA_EN_SITIO;;ya esta en su lugar dentro del deposito;
C:\Repositorios\wcag-preconsent-tracking-university-websites\data\raw\tracking\resultados_EU_r2.json;YA_EN_SITIO;;ya esta en su lugar dentro del deposito;
C:\Repositorios\wcag-preconsent-tracking-university-websites\data\raw\tracking\resultados_EU_r3.csv;YA_EN_SITIO;;ya esta en su lugar dentro del deposito;
C:\Repositorios\wcag-preconsent-tracking-university-websites\data\raw\tracking\resultados_EU_r3.json;YA_EN_SITIO;;ya esta en su lugar dentro del deposito;
C:\Repositorios\wcag-preconsent-tracking-university-websites\data\raw\tracking\resultados_GB_r1.csv;YA_EN_SITIO;;ya esta en su lugar dentro del deposito;
C:\Repositorios\wcag-preconsent-tracking-university-websites\data\raw\tracking\resultados_GB_r1.json;YA_EN_SITIO;;ya esta en su lugar dentro del deposito;
C:\Repositorios\wcag-preconsent-tracking-university-websites\data\raw\tracking\resultados_GB_r2.csv;YA_EN_SITIO;;ya esta en su lugar dentro del deposito;
C:\Repositorios\wcag-preconsent-tracking-university-websites\data\raw\tracking\resultados_GB_r2.json;YA_EN_SITIO;;ya esta en su lugar dentro del deposito;
C:\Repositorios\wcag-preconsent-tracking-university-websites\data\raw\tracking\resultados_GB_r3.csv;YA_EN_SITIO;;ya esta en su lugar dentro del deposito;
C:\Repositorios\wcag-preconsent-tracking-university-websites\data\raw\tracking\resultados_GB_r3.json;YA_EN_SITIO;;ya esta en su lugar dentro del deposito;
C:\Repositorios\wcag-preconsent-tracking-university-websites\data\raw\tracking\resultados_US_r1.csv;YA_EN_SITIO;;ya esta en su lugar dentro del deposito;
C:\Repositorios\wcag-preconsent-tracking-university-websites\data\raw\tracking\resultados_US_r1.json;YA_EN_SITIO;;ya esta en su lugar dentro del deposito;
C:\Repositorios\wcag-preconsent-tracking-university-websites\data\raw\tracking\resultados_US_r2.csv;YA_EN_SITIO;;ya esta en su lugar dentro del deposito;
C:\Repositorios\wcag-preconsent-tracking-university-websites\data\raw\tracking\resultados_US_r2.json;YA_EN_SITIO;;ya esta en su lugar dentro del deposito;
C:\Repositorios\wcag-preconsent-tracking-university-websites\data\raw\tracking\resultados_US_r3.csv;YA_EN_SITIO;;ya esta en su lugar dentro del deposito;
C:\Repositorios\wcag-preconsent-tracking-university-websites\data\raw\tracking\resultados_US_r3.json;YA_EN_SITIO;;ya esta en su lugar dentro del deposito;
C:\Repositorios\wcag-preconsent-tracking-university-websites\docs\INICIO_RAPIDO.txt;YA_EN_SITIO;;ya esta en su lugar dentro del deposito;
C:\Repositorios\wcag-preconsent-tracking-university-websites\docs\LEEME_MULTIPUNTO.txt;YA_EN_SITIO;;ya esta en su lugar dentro del deposito;
C:\Repositorios\wcag-preconsent-tracking-university-websites\docs\manual_validacion_manual.pdf;YA_EN_SITIO;;ya esta en su lugar dentro del deposito;
C:\Repositorios\wcag-preconsent-tracking-university-websites\docs\protocolo_multipunto.pdf;YA_EN_SITIO;;ya esta en su lugar dentro del deposito;
C:\Repositorios\wcag-preconsent-tracking-university-websites\docs\protocolo_multipunto.tex;YA_EN_SITIO;;ya esta en su lugar dentro del deposito;
C:\Repositorios\wcag-preconsent-tracking-university-websites\docs\reports\anexo_universidades_cookies.html;YA_EN_SITIO;;ya esta en su lugar dentro del deposito;
C:\Repositorios\wcag-preconsent-tracking-university-websites\docs\reports\reporte_cookies_combinado.html;YA_EN_SITIO;;ya esta en su lugar dentro del deposito;
C:\Repositorios\wcag-preconsent-tracking-university-websites\docs\reports\reporte_cookies_extranjeras.html;YA_EN_SITIO;;ya esta en su lugar dentro del deposito;
C:\Repositorios\wcag-preconsent-tracking-university-websites\docs\reports\reporte_cookies_nacionales.html;YA_EN_SITIO;;ya esta en su lugar dentro del deposito;
C:\Repositorios\wcag-preconsent-tracking-university-websites\figures\fig_cookies.pdf;YA_EN_SITIO;;ya esta en su lugar dentro del deposito;
C:\Repositorios\wcag-preconsent-tracking-university-websites\figures\fig_cookies_live.pdf;YA_EN_SITIO;;ya esta en su lugar dentro del deposito;
C:\Repositorios\wcag-preconsent-tracking-university-websites\figures\fig_cronologia.pdf;YA_EN_SITIO;;ya esta en su lugar dentro del deposito;
C:\Repositorios\wcag-preconsent-tracking-university-websites\figures\fig_forest.pdf;YA_EN_SITIO;;ya esta en su lugar dentro del deposito;
C:\Repositorios\wcag-preconsent-tracking-university-websites\figures\fig_paises.pdf;YA_EN_SITIO;;ya esta en su lugar dentro del deposito;
C:\Repositorios\wcag-preconsent-tracking-university-websites\figures\fig_vantage.pdf;YA_EN_SITIO;;ya esta en su lugar dentro del deposito;
C:\Repositorios\wcag-preconsent-tracking-university-websites\figures\fig_wcag_niveles.pdf;YA_EN_SITIO;;ya esta en su lugar dentro del deposito;
C:\Repositorios\wcag-preconsent-tracking-university-websites\figures\linea_tiempo_leyes.pdf;YA_EN_SITIO;;ya esta en su lugar dentro del deposito;
C:\Repositorios\wcag-preconsent-tracking-university-websites\figures\mapa_calor_paises.pdf;YA_EN_SITIO;;ya esta en su lugar dentro del deposito;
C:\Repositorios\wcag-preconsent-tracking-university-websites\LICENSE;YA_EN_SITIO;;ya esta en su lugar dentro del deposito;
C:\Repositorios\wcag-preconsent-tracking-university-websites\LICENSE-CODE;YA_EN_SITIO;;ya esta en su lugar dentro del deposito;
C:\Repositorios\wcag-preconsent-tracking-university-websites\MANIFIESTO_DEPOSITO.csv;YA_EN_SITIO;;ya esta en su lugar dentro del deposito;
C:\Repositorios\wcag-preconsent-tracking-university-websites\README.md;YA_EN_SITIO;;ya esta en su lugar dentro del deposito;
